[2025-04-13T18:44:29.566-0400] {executor_loader.py:254} INFO - Loaded executor: LocalExecutor
[2025-04-13T18:44:29.596-0400] {scheduler_job_runner.py:950} INFO - Starting the scheduler
[2025-04-13T18:44:29.597-0400] {scheduler_job_runner.py:957} INFO - Processing each file at most -1 times
[2025-04-13T18:44:29.695-0400] {manager.py:174} INFO - Launched DagFileProcessorManager with pid: 11159
[2025-04-13T18:44:29.697-0400] {scheduler_job_runner.py:1949} INFO - Adopting or resetting orphaned tasks for active dag runs
[2025-04-13T18:44:29.701-0400] {settings.py:63} INFO - Configured default timezone UTC
[2025-04-13T18:49:28.233-0400] {scheduler_job_runner.py:1949} INFO - Adopting or resetting orphaned tasks for active dag runs
[2025-04-13T18:52:56.513-0400] {dag.py:4180} INFO - Setting next_dagrun for data_ingestion_dag to 1997-01-01 00:00:00+00:00, run_after=1998-01-01 00:00:00+00:00
[2025-04-13T18:52:56.561-0400] {scheduler_job_runner.py:435} INFO - 4 tasks up for execution:
	<TaskInstance: data_ingestion_dag.ingest_data_task scheduled__1996-01-01T00:00:00+00:00 [scheduled]>
	<TaskInstance: data_ingestion_dag.upload_raw_to_gcs_task scheduled__1996-01-01T00:00:00+00:00 [scheduled]>
	<TaskInstance: data_ingestion_dag.ingest_data_task manual__2025-04-13T22:52:56.092544+00:00 [scheduled]>
	<TaskInstance: data_ingestion_dag.upload_raw_to_gcs_task manual__2025-04-13T22:52:56.092544+00:00 [scheduled]>
[2025-04-13T18:52:56.561-0400] {scheduler_job_runner.py:507} INFO - DAG data_ingestion_dag has 0/16 running and queued tasks
[2025-04-13T18:52:56.561-0400] {scheduler_job_runner.py:507} INFO - DAG data_ingestion_dag has 1/16 running and queued tasks
[2025-04-13T18:52:56.561-0400] {scheduler_job_runner.py:507} INFO - DAG data_ingestion_dag has 2/16 running and queued tasks
[2025-04-13T18:52:56.561-0400] {scheduler_job_runner.py:507} INFO - DAG data_ingestion_dag has 3/16 running and queued tasks
[2025-04-13T18:52:56.562-0400] {scheduler_job_runner.py:646} INFO - Setting the following tasks to queued state:
	<TaskInstance: data_ingestion_dag.ingest_data_task scheduled__1996-01-01T00:00:00+00:00 [scheduled]>
	<TaskInstance: data_ingestion_dag.upload_raw_to_gcs_task scheduled__1996-01-01T00:00:00+00:00 [scheduled]>
	<TaskInstance: data_ingestion_dag.ingest_data_task manual__2025-04-13T22:52:56.092544+00:00 [scheduled]>
	<TaskInstance: data_ingestion_dag.upload_raw_to_gcs_task manual__2025-04-13T22:52:56.092544+00:00 [scheduled]>
[2025-04-13T18:52:56.563-0400] {scheduler_job_runner.py:748} INFO - Trying to enqueue tasks: [<TaskInstance: data_ingestion_dag.ingest_data_task scheduled__1996-01-01T00:00:00+00:00 [scheduled]>, <TaskInstance: data_ingestion_dag.upload_raw_to_gcs_task scheduled__1996-01-01T00:00:00+00:00 [scheduled]>, <TaskInstance: data_ingestion_dag.ingest_data_task manual__2025-04-13T22:52:56.092544+00:00 [scheduled]>, <TaskInstance: data_ingestion_dag.upload_raw_to_gcs_task manual__2025-04-13T22:52:56.092544+00:00 [scheduled]>] for executor: LocalExecutor(parallelism=32)
[2025-04-13T18:52:56.564-0400] {scheduler_job_runner.py:692} INFO - Sending TaskInstanceKey(dag_id='data_ingestion_dag', task_id='ingest_data_task', run_id='scheduled__1996-01-01T00:00:00+00:00', try_number=1, map_index=-1) to LocalExecutor with priority 5 and queue default
[2025-04-13T18:52:56.564-0400] {base_executor.py:169} INFO - Adding to queue: ['airflow', 'tasks', 'run', 'data_ingestion_dag', 'ingest_data_task', 'scheduled__1996-01-01T00:00:00+00:00', '--local', '--subdir', 'DAGS_FOLDER/ingest_data_dag.py']
[2025-04-13T18:52:56.564-0400] {scheduler_job_runner.py:692} INFO - Sending TaskInstanceKey(dag_id='data_ingestion_dag', task_id='upload_raw_to_gcs_task', run_id='scheduled__1996-01-01T00:00:00+00:00', try_number=1, map_index=-1) to LocalExecutor with priority 5 and queue default
[2025-04-13T18:52:56.565-0400] {base_executor.py:169} INFO - Adding to queue: ['airflow', 'tasks', 'run', 'data_ingestion_dag', 'upload_raw_to_gcs_task', 'scheduled__1996-01-01T00:00:00+00:00', '--local', '--subdir', 'DAGS_FOLDER/ingest_data_dag.py']
[2025-04-13T18:52:56.565-0400] {scheduler_job_runner.py:692} INFO - Sending TaskInstanceKey(dag_id='data_ingestion_dag', task_id='ingest_data_task', run_id='manual__2025-04-13T22:52:56.092544+00:00', try_number=1, map_index=-1) to LocalExecutor with priority 5 and queue default
[2025-04-13T18:52:56.565-0400] {base_executor.py:169} INFO - Adding to queue: ['airflow', 'tasks', 'run', 'data_ingestion_dag', 'ingest_data_task', 'manual__2025-04-13T22:52:56.092544+00:00', '--local', '--subdir', 'DAGS_FOLDER/ingest_data_dag.py']
[2025-04-13T18:52:56.565-0400] {scheduler_job_runner.py:692} INFO - Sending TaskInstanceKey(dag_id='data_ingestion_dag', task_id='upload_raw_to_gcs_task', run_id='manual__2025-04-13T22:52:56.092544+00:00', try_number=1, map_index=-1) to LocalExecutor with priority 5 and queue default
[2025-04-13T18:52:56.565-0400] {base_executor.py:169} INFO - Adding to queue: ['airflow', 'tasks', 'run', 'data_ingestion_dag', 'upload_raw_to_gcs_task', 'manual__2025-04-13T22:52:56.092544+00:00', '--local', '--subdir', 'DAGS_FOLDER/ingest_data_dag.py']
[2025-04-13T18:52:56.569-0400] {local_executor.py:93} INFO - QueuedLocalWorker running ['airflow', 'tasks', 'run', 'data_ingestion_dag', 'ingest_data_task', 'scheduled__1996-01-01T00:00:00+00:00', '--local', '--subdir', 'DAGS_FOLDER/ingest_data_dag.py']
[2025-04-13T18:52:56.569-0400] {local_executor.py:93} INFO - QueuedLocalWorker running ['airflow', 'tasks', 'run', 'data_ingestion_dag', 'upload_raw_to_gcs_task', 'scheduled__1996-01-01T00:00:00+00:00', '--local', '--subdir', 'DAGS_FOLDER/ingest_data_dag.py']
[2025-04-13T18:52:56.569-0400] {local_executor.py:93} INFO - QueuedLocalWorker running ['airflow', 'tasks', 'run', 'data_ingestion_dag', 'ingest_data_task', 'manual__2025-04-13T22:52:56.092544+00:00', '--local', '--subdir', 'DAGS_FOLDER/ingest_data_dag.py']
[2025-04-13T18:52:56.570-0400] {local_executor.py:93} INFO - QueuedLocalWorker running ['airflow', 'tasks', 'run', 'data_ingestion_dag', 'upload_raw_to_gcs_task', 'manual__2025-04-13T22:52:56.092544+00:00', '--local', '--subdir', 'DAGS_FOLDER/ingest_data_dag.py']
[2025-04-13T18:52:56.592-0400] {dag.py:4180} INFO - Setting next_dagrun for data_ingestion_dag to 1998-01-01 00:00:00+00:00, run_after=1999-01-01 00:00:00+00:00
[2025-04-13T18:52:56.595-0400] {dagbag.py:588} INFO - Filling up the DagBag from /home/aguan/ontario-sunshine-salary-dashboard/airflow/dags/ingest_data_dag.py
[2025-04-13T18:52:56.595-0400] {dagbag.py:588} INFO - Filling up the DagBag from /home/aguan/ontario-sunshine-salary-dashboard/airflow/dags/ingest_data_dag.py
[2025-04-13T18:52:56.596-0400] {dagbag.py:588} INFO - Filling up the DagBag from /home/aguan/ontario-sunshine-salary-dashboard/airflow/dags/ingest_data_dag.py
[2025-04-13T18:52:56.596-0400] {dagbag.py:588} INFO - Filling up the DagBag from /home/aguan/ontario-sunshine-salary-dashboard/airflow/dags/ingest_data_dag.py
[2025-04-13T18:52:56.632-0400] {scheduler_job_runner.py:435} INFO - 2 tasks up for execution:
	<TaskInstance: data_ingestion_dag.ingest_data_task scheduled__1997-01-01T00:00:00+00:00 [scheduled]>
	<TaskInstance: data_ingestion_dag.upload_raw_to_gcs_task scheduled__1997-01-01T00:00:00+00:00 [scheduled]>
[2025-04-13T18:52:56.632-0400] {scheduler_job_runner.py:507} INFO - DAG data_ingestion_dag has 4/16 running and queued tasks
[2025-04-13T18:52:56.632-0400] {scheduler_job_runner.py:507} INFO - DAG data_ingestion_dag has 5/16 running and queued tasks
[2025-04-13T18:52:56.632-0400] {scheduler_job_runner.py:646} INFO - Setting the following tasks to queued state:
	<TaskInstance: data_ingestion_dag.ingest_data_task scheduled__1997-01-01T00:00:00+00:00 [scheduled]>
	<TaskInstance: data_ingestion_dag.upload_raw_to_gcs_task scheduled__1997-01-01T00:00:00+00:00 [scheduled]>
[2025-04-13T18:52:56.634-0400] {task_command.py:467} INFO - Running <TaskInstance: data_ingestion_dag.upload_raw_to_gcs_task manual__2025-04-13T22:52:56.092544+00:00 [queued]> on host aguan-pc2.
[2025-04-13T18:52:56.634-0400] {scheduler_job_runner.py:748} INFO - Trying to enqueue tasks: [<TaskInstance: data_ingestion_dag.ingest_data_task scheduled__1997-01-01T00:00:00+00:00 [scheduled]>, <TaskInstance: data_ingestion_dag.upload_raw_to_gcs_task scheduled__1997-01-01T00:00:00+00:00 [scheduled]>] for executor: LocalExecutor(parallelism=32)
[2025-04-13T18:52:56.634-0400] {task_command.py:467} INFO - Running <TaskInstance: data_ingestion_dag.upload_raw_to_gcs_task scheduled__1996-01-01T00:00:00+00:00 [queued]> on host aguan-pc2.
[2025-04-13T18:52:56.634-0400] {scheduler_job_runner.py:692} INFO - Sending TaskInstanceKey(dag_id='data_ingestion_dag', task_id='ingest_data_task', run_id='scheduled__1997-01-01T00:00:00+00:00', try_number=1, map_index=-1) to LocalExecutor with priority 5 and queue default
[2025-04-13T18:52:56.634-0400] {base_executor.py:169} INFO - Adding to queue: ['airflow', 'tasks', 'run', 'data_ingestion_dag', 'ingest_data_task', 'scheduled__1997-01-01T00:00:00+00:00', '--local', '--subdir', 'DAGS_FOLDER/ingest_data_dag.py']
[2025-04-13T18:52:56.634-0400] {scheduler_job_runner.py:692} INFO - Sending TaskInstanceKey(dag_id='data_ingestion_dag', task_id='upload_raw_to_gcs_task', run_id='scheduled__1997-01-01T00:00:00+00:00', try_number=1, map_index=-1) to LocalExecutor with priority 5 and queue default
[2025-04-13T18:52:56.635-0400] {base_executor.py:169} INFO - Adding to queue: ['airflow', 'tasks', 'run', 'data_ingestion_dag', 'upload_raw_to_gcs_task', 'scheduled__1997-01-01T00:00:00+00:00', '--local', '--subdir', 'DAGS_FOLDER/ingest_data_dag.py']
[2025-04-13T18:52:56.638-0400] {task_command.py:467} INFO - Running <TaskInstance: data_ingestion_dag.ingest_data_task manual__2025-04-13T22:52:56.092544+00:00 [queued]> on host aguan-pc2.
[2025-04-13T18:52:56.638-0400] {local_executor.py:93} INFO - QueuedLocalWorker running ['airflow', 'tasks', 'run', 'data_ingestion_dag', 'ingest_data_task', 'scheduled__1997-01-01T00:00:00+00:00', '--local', '--subdir', 'DAGS_FOLDER/ingest_data_dag.py']
[2025-04-13T18:52:56.638-0400] {local_executor.py:93} INFO - QueuedLocalWorker running ['airflow', 'tasks', 'run', 'data_ingestion_dag', 'upload_raw_to_gcs_task', 'scheduled__1997-01-01T00:00:00+00:00', '--local', '--subdir', 'DAGS_FOLDER/ingest_data_dag.py']
[2025-04-13T18:52:56.639-0400] {task_command.py:467} INFO - Running <TaskInstance: data_ingestion_dag.ingest_data_task scheduled__1996-01-01T00:00:00+00:00 [queued]> on host aguan-pc2.
[2025-04-13T18:52:56.658-0400] {dag.py:4180} INFO - Setting next_dagrun for data_ingestion_dag to 1999-01-01 00:00:00+00:00, run_after=2000-01-01 00:00:00+00:00
[2025-04-13T18:52:56.696-0400] {scheduler_job_runner.py:435} INFO - 2 tasks up for execution:
	<TaskInstance: data_ingestion_dag.ingest_data_task scheduled__1998-01-01T00:00:00+00:00 [scheduled]>
	<TaskInstance: data_ingestion_dag.upload_raw_to_gcs_task scheduled__1998-01-01T00:00:00+00:00 [scheduled]>
[2025-04-13T18:52:56.697-0400] {scheduler_job_runner.py:507} INFO - DAG data_ingestion_dag has 6/16 running and queued tasks
[2025-04-13T18:52:56.697-0400] {scheduler_job_runner.py:507} INFO - DAG data_ingestion_dag has 7/16 running and queued tasks
[2025-04-13T18:52:56.697-0400] {scheduler_job_runner.py:646} INFO - Setting the following tasks to queued state:
	<TaskInstance: data_ingestion_dag.ingest_data_task scheduled__1998-01-01T00:00:00+00:00 [scheduled]>
	<TaskInstance: data_ingestion_dag.upload_raw_to_gcs_task scheduled__1998-01-01T00:00:00+00:00 [scheduled]>
[2025-04-13T18:52:56.698-0400] {scheduler_job_runner.py:748} INFO - Trying to enqueue tasks: [<TaskInstance: data_ingestion_dag.ingest_data_task scheduled__1998-01-01T00:00:00+00:00 [scheduled]>, <TaskInstance: data_ingestion_dag.upload_raw_to_gcs_task scheduled__1998-01-01T00:00:00+00:00 [scheduled]>] for executor: LocalExecutor(parallelism=32)
[2025-04-13T18:52:56.698-0400] {scheduler_job_runner.py:692} INFO - Sending TaskInstanceKey(dag_id='data_ingestion_dag', task_id='ingest_data_task', run_id='scheduled__1998-01-01T00:00:00+00:00', try_number=1, map_index=-1) to LocalExecutor with priority 5 and queue default
[2025-04-13T18:52:56.698-0400] {base_executor.py:169} INFO - Adding to queue: ['airflow', 'tasks', 'run', 'data_ingestion_dag', 'ingest_data_task', 'scheduled__1998-01-01T00:00:00+00:00', '--local', '--subdir', 'DAGS_FOLDER/ingest_data_dag.py']
[2025-04-13T18:52:56.699-0400] {scheduler_job_runner.py:692} INFO - Sending TaskInstanceKey(dag_id='data_ingestion_dag', task_id='upload_raw_to_gcs_task', run_id='scheduled__1998-01-01T00:00:00+00:00', try_number=1, map_index=-1) to LocalExecutor with priority 5 and queue default
[2025-04-13T18:52:56.699-0400] {base_executor.py:169} INFO - Adding to queue: ['airflow', 'tasks', 'run', 'data_ingestion_dag', 'upload_raw_to_gcs_task', 'scheduled__1998-01-01T00:00:00+00:00', '--local', '--subdir', 'DAGS_FOLDER/ingest_data_dag.py']
[2025-04-13T18:52:56.702-0400] {local_executor.py:93} INFO - QueuedLocalWorker running ['airflow', 'tasks', 'run', 'data_ingestion_dag', 'ingest_data_task', 'scheduled__1998-01-01T00:00:00+00:00', '--local', '--subdir', 'DAGS_FOLDER/ingest_data_dag.py']
[2025-04-13T18:52:56.702-0400] {local_executor.py:93} INFO - QueuedLocalWorker running ['airflow', 'tasks', 'run', 'data_ingestion_dag', 'upload_raw_to_gcs_task', 'scheduled__1998-01-01T00:00:00+00:00', '--local', '--subdir', 'DAGS_FOLDER/ingest_data_dag.py']
[2025-04-13T18:52:56.717-0400] {dagbag.py:588} INFO - Filling up the DagBag from /home/aguan/ontario-sunshine-salary-dashboard/airflow/dags/ingest_data_dag.py
[2025-04-13T18:52:56.720-0400] {dagbag.py:588} INFO - Filling up the DagBag from /home/aguan/ontario-sunshine-salary-dashboard/airflow/dags/ingest_data_dag.py
[2025-04-13T18:52:56.722-0400] {scheduler_job_runner.py:1526} INFO - DAG data_ingestion_dag is at (or above) max_active_runs (5 of 5), not creating any more runs
[2025-04-13T18:52:56.726-0400] {dagbag.py:588} INFO - Filling up the DagBag from /home/aguan/ontario-sunshine-salary-dashboard/airflow/dags/ingest_data_dag.py
[2025-04-13T18:52:56.729-0400] {dagbag.py:588} INFO - Filling up the DagBag from /home/aguan/ontario-sunshine-salary-dashboard/airflow/dags/ingest_data_dag.py
[2025-04-13T18:52:56.769-0400] {task_command.py:467} INFO - Running <TaskInstance: data_ingestion_dag.upload_raw_to_gcs_task scheduled__1997-01-01T00:00:00+00:00 [queued]> on host aguan-pc2.
[2025-04-13T18:52:56.773-0400] {task_command.py:467} INFO - Running <TaskInstance: data_ingestion_dag.ingest_data_task scheduled__1997-01-01T00:00:00+00:00 [queued]> on host aguan-pc2.
[2025-04-13T18:52:56.782-0400] {task_command.py:467} INFO - Running <TaskInstance: data_ingestion_dag.ingest_data_task scheduled__1998-01-01T00:00:00+00:00 [queued]> on host aguan-pc2.
[2025-04-13T18:52:56.786-0400] {task_command.py:467} INFO - Running <TaskInstance: data_ingestion_dag.upload_raw_to_gcs_task scheduled__1998-01-01T00:00:00+00:00 [queued]> on host aguan-pc2.
[2025-04-13T18:52:56.793-0400] {scheduler_job_runner.py:435} INFO - 2 tasks up for execution:
	<TaskInstance: data_ingestion_dag.ingest_data_task scheduled__1999-01-01T00:00:00+00:00 [scheduled]>
	<TaskInstance: data_ingestion_dag.upload_raw_to_gcs_task scheduled__1999-01-01T00:00:00+00:00 [scheduled]>
[2025-04-13T18:52:56.793-0400] {scheduler_job_runner.py:507} INFO - DAG data_ingestion_dag has 8/16 running and queued tasks
[2025-04-13T18:52:56.793-0400] {scheduler_job_runner.py:507} INFO - DAG data_ingestion_dag has 9/16 running and queued tasks
[2025-04-13T18:52:56.794-0400] {scheduler_job_runner.py:646} INFO - Setting the following tasks to queued state:
	<TaskInstance: data_ingestion_dag.ingest_data_task scheduled__1999-01-01T00:00:00+00:00 [scheduled]>
	<TaskInstance: data_ingestion_dag.upload_raw_to_gcs_task scheduled__1999-01-01T00:00:00+00:00 [scheduled]>
[2025-04-13T18:52:56.796-0400] {scheduler_job_runner.py:748} INFO - Trying to enqueue tasks: [<TaskInstance: data_ingestion_dag.ingest_data_task scheduled__1999-01-01T00:00:00+00:00 [scheduled]>, <TaskInstance: data_ingestion_dag.upload_raw_to_gcs_task scheduled__1999-01-01T00:00:00+00:00 [scheduled]>] for executor: LocalExecutor(parallelism=32)
[2025-04-13T18:52:56.796-0400] {scheduler_job_runner.py:692} INFO - Sending TaskInstanceKey(dag_id='data_ingestion_dag', task_id='ingest_data_task', run_id='scheduled__1999-01-01T00:00:00+00:00', try_number=1, map_index=-1) to LocalExecutor with priority 5 and queue default
[2025-04-13T18:52:56.796-0400] {base_executor.py:169} INFO - Adding to queue: ['airflow', 'tasks', 'run', 'data_ingestion_dag', 'ingest_data_task', 'scheduled__1999-01-01T00:00:00+00:00', '--local', '--subdir', 'DAGS_FOLDER/ingest_data_dag.py']
[2025-04-13T18:52:56.796-0400] {scheduler_job_runner.py:692} INFO - Sending TaskInstanceKey(dag_id='data_ingestion_dag', task_id='upload_raw_to_gcs_task', run_id='scheduled__1999-01-01T00:00:00+00:00', try_number=1, map_index=-1) to LocalExecutor with priority 5 and queue default
[2025-04-13T18:52:56.797-0400] {base_executor.py:169} INFO - Adding to queue: ['airflow', 'tasks', 'run', 'data_ingestion_dag', 'upload_raw_to_gcs_task', 'scheduled__1999-01-01T00:00:00+00:00', '--local', '--subdir', 'DAGS_FOLDER/ingest_data_dag.py']
[2025-04-13T18:52:56.800-0400] {local_executor.py:93} INFO - QueuedLocalWorker running ['airflow', 'tasks', 'run', 'data_ingestion_dag', 'ingest_data_task', 'scheduled__1999-01-01T00:00:00+00:00', '--local', '--subdir', 'DAGS_FOLDER/ingest_data_dag.py']
[2025-04-13T18:52:56.800-0400] {local_executor.py:93} INFO - QueuedLocalWorker running ['airflow', 'tasks', 'run', 'data_ingestion_dag', 'upload_raw_to_gcs_task', 'scheduled__1999-01-01T00:00:00+00:00', '--local', '--subdir', 'DAGS_FOLDER/ingest_data_dag.py']
[2025-04-13T18:52:56.831-0400] {dagbag.py:588} INFO - Filling up the DagBag from /home/aguan/ontario-sunshine-salary-dashboard/airflow/dags/ingest_data_dag.py
[2025-04-13T18:52:56.838-0400] {dagbag.py:588} INFO - Filling up the DagBag from /home/aguan/ontario-sunshine-salary-dashboard/airflow/dags/ingest_data_dag.py
[2025-04-13T18:52:56.887-0400] {task_command.py:467} INFO - Running <TaskInstance: data_ingestion_dag.upload_raw_to_gcs_task scheduled__1999-01-01T00:00:00+00:00 [queued]> on host aguan-pc2.
[2025-04-13T18:52:56.906-0400] {task_command.py:467} INFO - Running <TaskInstance: data_ingestion_dag.ingest_data_task scheduled__1999-01-01T00:00:00+00:00 [queued]> on host aguan-pc2.
[2025-04-13T18:52:57.966-0400] {scheduler_job_runner.py:776} INFO - Received executor event with state success for task instance TaskInstanceKey(dag_id='data_ingestion_dag', task_id='upload_raw_to_gcs_task', run_id='scheduled__1996-01-01T00:00:00+00:00', try_number=1, map_index=-1)
[2025-04-13T18:52:57.966-0400] {scheduler_job_runner.py:776} INFO - Received executor event with state success for task instance TaskInstanceKey(dag_id='data_ingestion_dag', task_id='upload_raw_to_gcs_task', run_id='manual__2025-04-13T22:52:56.092544+00:00', try_number=1, map_index=-1)
[2025-04-13T18:52:57.966-0400] {scheduler_job_runner.py:776} INFO - Received executor event with state success for task instance TaskInstanceKey(dag_id='data_ingestion_dag', task_id='upload_raw_to_gcs_task', run_id='scheduled__1997-01-01T00:00:00+00:00', try_number=1, map_index=-1)
[2025-04-13T18:52:57.966-0400] {scheduler_job_runner.py:776} INFO - Received executor event with state success for task instance TaskInstanceKey(dag_id='data_ingestion_dag', task_id='upload_raw_to_gcs_task', run_id='scheduled__1998-01-01T00:00:00+00:00', try_number=1, map_index=-1)
[2025-04-13T18:52:57.967-0400] {scheduler_job_runner.py:776} INFO - Received executor event with state success for task instance TaskInstanceKey(dag_id='data_ingestion_dag', task_id='upload_raw_to_gcs_task', run_id='scheduled__1999-01-01T00:00:00+00:00', try_number=1, map_index=-1)
[2025-04-13T18:52:57.967-0400] {scheduler_job_runner.py:776} INFO - Received executor event with state success for task instance TaskInstanceKey(dag_id='data_ingestion_dag', task_id='ingest_data_task', run_id='scheduled__1996-01-01T00:00:00+00:00', try_number=1, map_index=-1)
[2025-04-13T18:52:57.967-0400] {scheduler_job_runner.py:776} INFO - Received executor event with state success for task instance TaskInstanceKey(dag_id='data_ingestion_dag', task_id='ingest_data_task', run_id='manual__2025-04-13T22:52:56.092544+00:00', try_number=1, map_index=-1)
[2025-04-13T18:52:57.967-0400] {scheduler_job_runner.py:776} INFO - Received executor event with state success for task instance TaskInstanceKey(dag_id='data_ingestion_dag', task_id='ingest_data_task', run_id='scheduled__1997-01-01T00:00:00+00:00', try_number=1, map_index=-1)
[2025-04-13T18:52:57.967-0400] {scheduler_job_runner.py:776} INFO - Received executor event with state success for task instance TaskInstanceKey(dag_id='data_ingestion_dag', task_id='ingest_data_task', run_id='scheduled__1998-01-01T00:00:00+00:00', try_number=1, map_index=-1)
[2025-04-13T18:52:57.967-0400] {scheduler_job_runner.py:776} INFO - Received executor event with state success for task instance TaskInstanceKey(dag_id='data_ingestion_dag', task_id='ingest_data_task', run_id='scheduled__1999-01-01T00:00:00+00:00', try_number=1, map_index=-1)
[2025-04-13T18:52:57.975-0400] {scheduler_job_runner.py:813} INFO - TaskInstance Finished: dag_id=data_ingestion_dag, task_id=upload_raw_to_gcs_task, run_id=manual__2025-04-13T22:52:56.092544+00:00, map_index=-1, run_start_date=None, run_end_date=None, run_duration=None, state=queued, executor=LocalExecutor(parallelism=32), executor_state=success, try_number=1, max_tries=1, job_id=None, pool=default_pool, queue=default, priority_weight=5, operator=BashOperator, queued_dttm=2025-04-13 22:52:56.562559+00:00, queued_by_job_id=1, pid=None
[2025-04-13T18:52:57.975-0400] {scheduler_job_runner.py:922} ERROR - Executor LocalExecutor(parallelism=32) reported that the task instance <TaskInstance: data_ingestion_dag.upload_raw_to_gcs_task manual__2025-04-13T22:52:56.092544+00:00 [queued]> finished with state success, but the task instance's state attribute is queued. Learn more: https://airflow.apache.org/docs/apache-airflow/stable/troubleshooting.html#task-state-changed-externally
[2025-04-13T18:52:57.979-0400] {taskinstance.py:3313} ERROR - Executor LocalExecutor(parallelism=32) reported that the task instance <TaskInstance: data_ingestion_dag.upload_raw_to_gcs_task manual__2025-04-13T22:52:56.092544+00:00 [queued]> finished with state success, but the task instance's state attribute is queued. Learn more: https://airflow.apache.org/docs/apache-airflow/stable/troubleshooting.html#task-state-changed-externally
[2025-04-13T18:52:57.986-0400] {taskinstance.py:1225} INFO - Marking task as UP_FOR_RETRY. dag_id=data_ingestion_dag, task_id=upload_raw_to_gcs_task, run_id=manual__2025-04-13T22:52:56.092544+00:00, execution_date=20250413T225256, start_date=, end_date=20250413T225257
[2025-04-13T18:52:57.998-0400] {scheduler_job_runner.py:813} INFO - TaskInstance Finished: dag_id=data_ingestion_dag, task_id=ingest_data_task, run_id=manual__2025-04-13T22:52:56.092544+00:00, map_index=-1, run_start_date=2025-04-13 22:52:56.756458+00:00, run_end_date=2025-04-13 22:52:57.076778+00:00, run_duration=0.32032, state=up_for_retry, executor=LocalExecutor(parallelism=32), executor_state=success, try_number=1, max_tries=1, job_id=2, pool=default_pool, queue=default, priority_weight=6, operator=BashOperator, queued_dttm=2025-04-13 22:52:56.562559+00:00, queued_by_job_id=1, pid=12736
[2025-04-13T18:52:57.999-0400] {scheduler_job_runner.py:813} INFO - TaskInstance Finished: dag_id=data_ingestion_dag, task_id=upload_raw_to_gcs_task, run_id=scheduled__1996-01-01T00:00:00+00:00, map_index=-1, run_start_date=None, run_end_date=None, run_duration=None, state=queued, executor=LocalExecutor(parallelism=32), executor_state=success, try_number=1, max_tries=1, job_id=None, pool=default_pool, queue=default, priority_weight=5, operator=BashOperator, queued_dttm=2025-04-13 22:52:56.562559+00:00, queued_by_job_id=1, pid=None
[2025-04-13T18:52:57.999-0400] {scheduler_job_runner.py:922} ERROR - Executor LocalExecutor(parallelism=32) reported that the task instance <TaskInstance: data_ingestion_dag.upload_raw_to_gcs_task scheduled__1996-01-01T00:00:00+00:00 [queued]> finished with state success, but the task instance's state attribute is queued. Learn more: https://airflow.apache.org/docs/apache-airflow/stable/troubleshooting.html#task-state-changed-externally
[2025-04-13T18:52:58.002-0400] {taskinstance.py:3313} ERROR - Executor LocalExecutor(parallelism=32) reported that the task instance <TaskInstance: data_ingestion_dag.upload_raw_to_gcs_task scheduled__1996-01-01T00:00:00+00:00 [queued]> finished with state success, but the task instance's state attribute is queued. Learn more: https://airflow.apache.org/docs/apache-airflow/stable/troubleshooting.html#task-state-changed-externally
[2025-04-13T18:52:58.008-0400] {taskinstance.py:1225} INFO - Marking task as UP_FOR_RETRY. dag_id=data_ingestion_dag, task_id=upload_raw_to_gcs_task, run_id=scheduled__1996-01-01T00:00:00+00:00, execution_date=19960101T000000, start_date=, end_date=20250413T225258
[2025-04-13T18:52:58.015-0400] {scheduler_job_runner.py:813} INFO - TaskInstance Finished: dag_id=data_ingestion_dag, task_id=ingest_data_task, run_id=scheduled__1996-01-01T00:00:00+00:00, map_index=-1, run_start_date=2025-04-13 22:52:56.756645+00:00, run_end_date=2025-04-13 22:52:57.075388+00:00, run_duration=0.318743, state=up_for_retry, executor=LocalExecutor(parallelism=32), executor_state=success, try_number=1, max_tries=1, job_id=3, pool=default_pool, queue=default, priority_weight=6, operator=BashOperator, queued_dttm=2025-04-13 22:52:56.562559+00:00, queued_by_job_id=1, pid=12734
[2025-04-13T18:52:58.015-0400] {scheduler_job_runner.py:813} INFO - TaskInstance Finished: dag_id=data_ingestion_dag, task_id=upload_raw_to_gcs_task, run_id=scheduled__1997-01-01T00:00:00+00:00, map_index=-1, run_start_date=None, run_end_date=None, run_duration=None, state=queued, executor=LocalExecutor(parallelism=32), executor_state=success, try_number=1, max_tries=1, job_id=None, pool=default_pool, queue=default, priority_weight=5, operator=BashOperator, queued_dttm=2025-04-13 22:52:56.633078+00:00, queued_by_job_id=1, pid=None
[2025-04-13T18:52:58.016-0400] {scheduler_job_runner.py:922} ERROR - Executor LocalExecutor(parallelism=32) reported that the task instance <TaskInstance: data_ingestion_dag.upload_raw_to_gcs_task scheduled__1997-01-01T00:00:00+00:00 [queued]> finished with state success, but the task instance's state attribute is queued. Learn more: https://airflow.apache.org/docs/apache-airflow/stable/troubleshooting.html#task-state-changed-externally
[2025-04-13T18:52:58.019-0400] {taskinstance.py:3313} ERROR - Executor LocalExecutor(parallelism=32) reported that the task instance <TaskInstance: data_ingestion_dag.upload_raw_to_gcs_task scheduled__1997-01-01T00:00:00+00:00 [queued]> finished with state success, but the task instance's state attribute is queued. Learn more: https://airflow.apache.org/docs/apache-airflow/stable/troubleshooting.html#task-state-changed-externally
[2025-04-13T18:52:58.024-0400] {taskinstance.py:1225} INFO - Marking task as UP_FOR_RETRY. dag_id=data_ingestion_dag, task_id=upload_raw_to_gcs_task, run_id=scheduled__1997-01-01T00:00:00+00:00, execution_date=19970101T000000, start_date=, end_date=20250413T225258
[2025-04-13T18:52:58.031-0400] {scheduler_job_runner.py:813} INFO - TaskInstance Finished: dag_id=data_ingestion_dag, task_id=ingest_data_task, run_id=scheduled__1997-01-01T00:00:00+00:00, map_index=-1, run_start_date=2025-04-13 22:52:56.859643+00:00, run_end_date=2025-04-13 22:52:57.140008+00:00, run_duration=0.280365, state=up_for_retry, executor=LocalExecutor(parallelism=32), executor_state=success, try_number=1, max_tries=1, job_id=6, pool=default_pool, queue=default, priority_weight=6, operator=BashOperator, queued_dttm=2025-04-13 22:52:56.633078+00:00, queued_by_job_id=1, pid=12738
[2025-04-13T18:52:58.031-0400] {scheduler_job_runner.py:813} INFO - TaskInstance Finished: dag_id=data_ingestion_dag, task_id=upload_raw_to_gcs_task, run_id=scheduled__1998-01-01T00:00:00+00:00, map_index=-1, run_start_date=None, run_end_date=None, run_duration=None, state=queued, executor=LocalExecutor(parallelism=32), executor_state=success, try_number=1, max_tries=1, job_id=None, pool=default_pool, queue=default, priority_weight=5, operator=BashOperator, queued_dttm=2025-04-13 22:52:56.697610+00:00, queued_by_job_id=1, pid=None
[2025-04-13T18:52:58.032-0400] {scheduler_job_runner.py:922} ERROR - Executor LocalExecutor(parallelism=32) reported that the task instance <TaskInstance: data_ingestion_dag.upload_raw_to_gcs_task scheduled__1998-01-01T00:00:00+00:00 [queued]> finished with state success, but the task instance's state attribute is queued. Learn more: https://airflow.apache.org/docs/apache-airflow/stable/troubleshooting.html#task-state-changed-externally
[2025-04-13T18:52:58.035-0400] {taskinstance.py:3313} ERROR - Executor LocalExecutor(parallelism=32) reported that the task instance <TaskInstance: data_ingestion_dag.upload_raw_to_gcs_task scheduled__1998-01-01T00:00:00+00:00 [queued]> finished with state success, but the task instance's state attribute is queued. Learn more: https://airflow.apache.org/docs/apache-airflow/stable/troubleshooting.html#task-state-changed-externally
[2025-04-13T18:52:58.040-0400] {taskinstance.py:1225} INFO - Marking task as UP_FOR_RETRY. dag_id=data_ingestion_dag, task_id=upload_raw_to_gcs_task, run_id=scheduled__1998-01-01T00:00:00+00:00, execution_date=19980101T000000, start_date=, end_date=20250413T225258
[2025-04-13T18:52:58.047-0400] {scheduler_job_runner.py:813} INFO - TaskInstance Finished: dag_id=data_ingestion_dag, task_id=ingest_data_task, run_id=scheduled__1998-01-01T00:00:00+00:00, map_index=-1, run_start_date=2025-04-13 22:52:56.872122+00:00, run_end_date=2025-04-13 22:52:57.144241+00:00, run_duration=0.272119, state=up_for_retry, executor=LocalExecutor(parallelism=32), executor_state=success, try_number=1, max_tries=1, job_id=8, pool=default_pool, queue=default, priority_weight=6, operator=BashOperator, queued_dttm=2025-04-13 22:52:56.697610+00:00, queued_by_job_id=1, pid=12740
[2025-04-13T18:52:58.048-0400] {scheduler_job_runner.py:813} INFO - TaskInstance Finished: dag_id=data_ingestion_dag, task_id=upload_raw_to_gcs_task, run_id=scheduled__1999-01-01T00:00:00+00:00, map_index=-1, run_start_date=None, run_end_date=None, run_duration=None, state=queued, executor=LocalExecutor(parallelism=32), executor_state=success, try_number=1, max_tries=1, job_id=None, pool=default_pool, queue=default, priority_weight=5, operator=BashOperator, queued_dttm=2025-04-13 22:52:56.794824+00:00, queued_by_job_id=1, pid=None
[2025-04-13T18:52:58.048-0400] {scheduler_job_runner.py:922} ERROR - Executor LocalExecutor(parallelism=32) reported that the task instance <TaskInstance: data_ingestion_dag.upload_raw_to_gcs_task scheduled__1999-01-01T00:00:00+00:00 [queued]> finished with state success, but the task instance's state attribute is queued. Learn more: https://airflow.apache.org/docs/apache-airflow/stable/troubleshooting.html#task-state-changed-externally
[2025-04-13T18:52:58.052-0400] {taskinstance.py:3313} ERROR - Executor LocalExecutor(parallelism=32) reported that the task instance <TaskInstance: data_ingestion_dag.upload_raw_to_gcs_task scheduled__1999-01-01T00:00:00+00:00 [queued]> finished with state success, but the task instance's state attribute is queued. Learn more: https://airflow.apache.org/docs/apache-airflow/stable/troubleshooting.html#task-state-changed-externally
[2025-04-13T18:52:58.058-0400] {taskinstance.py:1225} INFO - Marking task as UP_FOR_RETRY. dag_id=data_ingestion_dag, task_id=upload_raw_to_gcs_task, run_id=scheduled__1999-01-01T00:00:00+00:00, execution_date=19990101T000000, start_date=, end_date=20250413T225258
[2025-04-13T18:52:58.064-0400] {scheduler_job_runner.py:813} INFO - TaskInstance Finished: dag_id=data_ingestion_dag, task_id=ingest_data_task, run_id=scheduled__1999-01-01T00:00:00+00:00, map_index=-1, run_start_date=2025-04-13 22:52:56.986750+00:00, run_end_date=2025-04-13 22:52:57.224510+00:00, run_duration=0.23776, state=up_for_retry, executor=LocalExecutor(parallelism=32), executor_state=success, try_number=1, max_tries=1, job_id=11, pool=default_pool, queue=default, priority_weight=6, operator=BashOperator, queued_dttm=2025-04-13 22:52:56.794824+00:00, queued_by_job_id=1, pid=12742
[2025-04-13T18:54:26.794-0400] {scheduler_job_runner.py:1949} INFO - Adopting or resetting orphaned tasks for active dag runs
[2025-04-13T18:57:57.881-0400] {scheduler_job_runner.py:435} INFO - 5 tasks up for execution:
	<TaskInstance: data_ingestion_dag.ingest_data_task scheduled__1996-01-01T00:00:00+00:00 [scheduled]>
	<TaskInstance: data_ingestion_dag.ingest_data_task scheduled__1997-01-01T00:00:00+00:00 [scheduled]>
	<TaskInstance: data_ingestion_dag.ingest_data_task scheduled__1998-01-01T00:00:00+00:00 [scheduled]>
	<TaskInstance: data_ingestion_dag.ingest_data_task scheduled__1999-01-01T00:00:00+00:00 [scheduled]>
	<TaskInstance: data_ingestion_dag.ingest_data_task manual__2025-04-13T22:52:56.092544+00:00 [scheduled]>
[2025-04-13T18:57:57.881-0400] {scheduler_job_runner.py:507} INFO - DAG data_ingestion_dag has 0/16 running and queued tasks
[2025-04-13T18:57:57.881-0400] {scheduler_job_runner.py:507} INFO - DAG data_ingestion_dag has 1/16 running and queued tasks
[2025-04-13T18:57:57.882-0400] {scheduler_job_runner.py:507} INFO - DAG data_ingestion_dag has 2/16 running and queued tasks
[2025-04-13T18:57:57.882-0400] {scheduler_job_runner.py:507} INFO - DAG data_ingestion_dag has 3/16 running and queued tasks
[2025-04-13T18:57:57.882-0400] {scheduler_job_runner.py:507} INFO - DAG data_ingestion_dag has 4/16 running and queued tasks
[2025-04-13T18:57:57.882-0400] {scheduler_job_runner.py:646} INFO - Setting the following tasks to queued state:
	<TaskInstance: data_ingestion_dag.ingest_data_task scheduled__1996-01-01T00:00:00+00:00 [scheduled]>
	<TaskInstance: data_ingestion_dag.ingest_data_task scheduled__1997-01-01T00:00:00+00:00 [scheduled]>
	<TaskInstance: data_ingestion_dag.ingest_data_task scheduled__1998-01-01T00:00:00+00:00 [scheduled]>
	<TaskInstance: data_ingestion_dag.ingest_data_task scheduled__1999-01-01T00:00:00+00:00 [scheduled]>
	<TaskInstance: data_ingestion_dag.ingest_data_task manual__2025-04-13T22:52:56.092544+00:00 [scheduled]>
[2025-04-13T18:57:57.883-0400] {scheduler_job_runner.py:748} INFO - Trying to enqueue tasks: [<TaskInstance: data_ingestion_dag.ingest_data_task scheduled__1996-01-01T00:00:00+00:00 [scheduled]>, <TaskInstance: data_ingestion_dag.ingest_data_task scheduled__1997-01-01T00:00:00+00:00 [scheduled]>, <TaskInstance: data_ingestion_dag.ingest_data_task scheduled__1998-01-01T00:00:00+00:00 [scheduled]>, <TaskInstance: data_ingestion_dag.ingest_data_task scheduled__1999-01-01T00:00:00+00:00 [scheduled]>, <TaskInstance: data_ingestion_dag.ingest_data_task manual__2025-04-13T22:52:56.092544+00:00 [scheduled]>] for executor: LocalExecutor(parallelism=32)
[2025-04-13T18:57:57.884-0400] {scheduler_job_runner.py:692} INFO - Sending TaskInstanceKey(dag_id='data_ingestion_dag', task_id='ingest_data_task', run_id='scheduled__1996-01-01T00:00:00+00:00', try_number=2, map_index=-1) to LocalExecutor with priority 6 and queue default
[2025-04-13T18:57:57.884-0400] {base_executor.py:169} INFO - Adding to queue: ['airflow', 'tasks', 'run', 'data_ingestion_dag', 'ingest_data_task', 'scheduled__1996-01-01T00:00:00+00:00', '--local', '--subdir', 'DAGS_FOLDER/ingest_data_dag.py']
[2025-04-13T18:57:57.884-0400] {scheduler_job_runner.py:692} INFO - Sending TaskInstanceKey(dag_id='data_ingestion_dag', task_id='ingest_data_task', run_id='scheduled__1997-01-01T00:00:00+00:00', try_number=2, map_index=-1) to LocalExecutor with priority 6 and queue default
[2025-04-13T18:57:57.884-0400] {base_executor.py:169} INFO - Adding to queue: ['airflow', 'tasks', 'run', 'data_ingestion_dag', 'ingest_data_task', 'scheduled__1997-01-01T00:00:00+00:00', '--local', '--subdir', 'DAGS_FOLDER/ingest_data_dag.py']
[2025-04-13T18:57:57.884-0400] {scheduler_job_runner.py:692} INFO - Sending TaskInstanceKey(dag_id='data_ingestion_dag', task_id='ingest_data_task', run_id='scheduled__1998-01-01T00:00:00+00:00', try_number=2, map_index=-1) to LocalExecutor with priority 6 and queue default
[2025-04-13T18:57:57.884-0400] {base_executor.py:169} INFO - Adding to queue: ['airflow', 'tasks', 'run', 'data_ingestion_dag', 'ingest_data_task', 'scheduled__1998-01-01T00:00:00+00:00', '--local', '--subdir', 'DAGS_FOLDER/ingest_data_dag.py']
[2025-04-13T18:57:57.885-0400] {scheduler_job_runner.py:692} INFO - Sending TaskInstanceKey(dag_id='data_ingestion_dag', task_id='ingest_data_task', run_id='scheduled__1999-01-01T00:00:00+00:00', try_number=2, map_index=-1) to LocalExecutor with priority 6 and queue default
[2025-04-13T18:57:57.885-0400] {base_executor.py:169} INFO - Adding to queue: ['airflow', 'tasks', 'run', 'data_ingestion_dag', 'ingest_data_task', 'scheduled__1999-01-01T00:00:00+00:00', '--local', '--subdir', 'DAGS_FOLDER/ingest_data_dag.py']
[2025-04-13T18:57:57.885-0400] {scheduler_job_runner.py:692} INFO - Sending TaskInstanceKey(dag_id='data_ingestion_dag', task_id='ingest_data_task', run_id='manual__2025-04-13T22:52:56.092544+00:00', try_number=2, map_index=-1) to LocalExecutor with priority 6 and queue default
[2025-04-13T18:57:57.885-0400] {base_executor.py:169} INFO - Adding to queue: ['airflow', 'tasks', 'run', 'data_ingestion_dag', 'ingest_data_task', 'manual__2025-04-13T22:52:56.092544+00:00', '--local', '--subdir', 'DAGS_FOLDER/ingest_data_dag.py']
[2025-04-13T18:57:57.888-0400] {local_executor.py:93} INFO - QueuedLocalWorker running ['airflow', 'tasks', 'run', 'data_ingestion_dag', 'ingest_data_task', 'scheduled__1996-01-01T00:00:00+00:00', '--local', '--subdir', 'DAGS_FOLDER/ingest_data_dag.py']
[2025-04-13T18:57:57.889-0400] {local_executor.py:93} INFO - QueuedLocalWorker running ['airflow', 'tasks', 'run', 'data_ingestion_dag', 'ingest_data_task', 'scheduled__1997-01-01T00:00:00+00:00', '--local', '--subdir', 'DAGS_FOLDER/ingest_data_dag.py']
[2025-04-13T18:57:57.889-0400] {local_executor.py:93} INFO - QueuedLocalWorker running ['airflow', 'tasks', 'run', 'data_ingestion_dag', 'ingest_data_task', 'scheduled__1998-01-01T00:00:00+00:00', '--local', '--subdir', 'DAGS_FOLDER/ingest_data_dag.py']
[2025-04-13T18:57:57.889-0400] {local_executor.py:93} INFO - QueuedLocalWorker running ['airflow', 'tasks', 'run', 'data_ingestion_dag', 'ingest_data_task', 'scheduled__1999-01-01T00:00:00+00:00', '--local', '--subdir', 'DAGS_FOLDER/ingest_data_dag.py']
[2025-04-13T18:57:57.889-0400] {local_executor.py:93} INFO - QueuedLocalWorker running ['airflow', 'tasks', 'run', 'data_ingestion_dag', 'ingest_data_task', 'manual__2025-04-13T22:52:56.092544+00:00', '--local', '--subdir', 'DAGS_FOLDER/ingest_data_dag.py']
[2025-04-13T18:57:57.909-0400] {dagbag.py:588} INFO - Filling up the DagBag from /home/aguan/ontario-sunshine-salary-dashboard/airflow/dags/ingest_data_dag.py
[2025-04-13T18:57:57.910-0400] {dagbag.py:588} INFO - Filling up the DagBag from /home/aguan/ontario-sunshine-salary-dashboard/airflow/dags/ingest_data_dag.py
[2025-04-13T18:57:57.910-0400] {dagbag.py:588} INFO - Filling up the DagBag from /home/aguan/ontario-sunshine-salary-dashboard/airflow/dags/ingest_data_dag.py
[2025-04-13T18:57:57.910-0400] {dagbag.py:588} INFO - Filling up the DagBag from /home/aguan/ontario-sunshine-salary-dashboard/airflow/dags/ingest_data_dag.py
[2025-04-13T18:57:57.910-0400] {dagbag.py:588} INFO - Filling up the DagBag from /home/aguan/ontario-sunshine-salary-dashboard/airflow/dags/ingest_data_dag.py
[2025-04-13T18:57:57.944-0400] {task_command.py:467} INFO - Running <TaskInstance: data_ingestion_dag.ingest_data_task manual__2025-04-13T22:52:56.092544+00:00 [queued]> on host aguan-pc2.
[2025-04-13T18:57:57.944-0400] {task_command.py:467} INFO - Running <TaskInstance: data_ingestion_dag.ingest_data_task scheduled__1997-01-01T00:00:00+00:00 [queued]> on host aguan-pc2.
[2025-04-13T18:57:57.944-0400] {task_command.py:467} INFO - Running <TaskInstance: data_ingestion_dag.ingest_data_task scheduled__1996-01-01T00:00:00+00:00 [queued]> on host aguan-pc2.
[2025-04-13T18:57:57.944-0400] {task_command.py:467} INFO - Running <TaskInstance: data_ingestion_dag.ingest_data_task scheduled__1999-01-01T00:00:00+00:00 [queued]> on host aguan-pc2.
[2025-04-13T18:57:57.944-0400] {task_command.py:467} INFO - Running <TaskInstance: data_ingestion_dag.ingest_data_task scheduled__1998-01-01T00:00:00+00:00 [queued]> on host aguan-pc2.
[2025-04-13T18:57:59.034-0400] {scheduler_job_runner.py:776} INFO - Received executor event with state success for task instance TaskInstanceKey(dag_id='data_ingestion_dag', task_id='ingest_data_task', run_id='manual__2025-04-13T22:52:56.092544+00:00', try_number=2, map_index=-1)
[2025-04-13T18:57:59.034-0400] {scheduler_job_runner.py:776} INFO - Received executor event with state success for task instance TaskInstanceKey(dag_id='data_ingestion_dag', task_id='ingest_data_task', run_id='scheduled__1996-01-01T00:00:00+00:00', try_number=2, map_index=-1)
[2025-04-13T18:57:59.035-0400] {scheduler_job_runner.py:776} INFO - Received executor event with state success for task instance TaskInstanceKey(dag_id='data_ingestion_dag', task_id='ingest_data_task', run_id='scheduled__1998-01-01T00:00:00+00:00', try_number=2, map_index=-1)
[2025-04-13T18:57:59.035-0400] {scheduler_job_runner.py:776} INFO - Received executor event with state success for task instance TaskInstanceKey(dag_id='data_ingestion_dag', task_id='ingest_data_task', run_id='scheduled__1999-01-01T00:00:00+00:00', try_number=2, map_index=-1)
[2025-04-13T18:57:59.035-0400] {scheduler_job_runner.py:776} INFO - Received executor event with state success for task instance TaskInstanceKey(dag_id='data_ingestion_dag', task_id='ingest_data_task', run_id='scheduled__1997-01-01T00:00:00+00:00', try_number=2, map_index=-1)
[2025-04-13T18:57:59.042-0400] {scheduler_job_runner.py:813} INFO - TaskInstance Finished: dag_id=data_ingestion_dag, task_id=ingest_data_task, run_id=manual__2025-04-13T22:52:56.092544+00:00, map_index=-1, run_start_date=2025-04-13 22:57:58.006932+00:00, run_end_date=2025-04-13 22:57:58.247358+00:00, run_duration=0.240426, state=failed, executor=LocalExecutor(parallelism=32), executor_state=success, try_number=2, max_tries=1, job_id=13, pool=default_pool, queue=default, priority_weight=6, operator=BashOperator, queued_dttm=2025-04-13 22:57:57.882755+00:00, queued_by_job_id=1, pid=13754
[2025-04-13T18:57:59.042-0400] {scheduler_job_runner.py:813} INFO - TaskInstance Finished: dag_id=data_ingestion_dag, task_id=ingest_data_task, run_id=scheduled__1998-01-01T00:00:00+00:00, map_index=-1, run_start_date=2025-04-13 22:57:58.009254+00:00, run_end_date=2025-04-13 22:57:58.248225+00:00, run_duration=0.238971, state=failed, executor=LocalExecutor(parallelism=32), executor_state=success, try_number=2, max_tries=1, job_id=16, pool=default_pool, queue=default, priority_weight=6, operator=BashOperator, queued_dttm=2025-04-13 22:57:57.882755+00:00, queued_by_job_id=1, pid=13755
[2025-04-13T18:57:59.043-0400] {scheduler_job_runner.py:813} INFO - TaskInstance Finished: dag_id=data_ingestion_dag, task_id=ingest_data_task, run_id=scheduled__1996-01-01T00:00:00+00:00, map_index=-1, run_start_date=2025-04-13 22:57:58.006932+00:00, run_end_date=2025-04-13 22:57:58.249392+00:00, run_duration=0.24246, state=failed, executor=LocalExecutor(parallelism=32), executor_state=success, try_number=2, max_tries=1, job_id=12, pool=default_pool, queue=default, priority_weight=6, operator=BashOperator, queued_dttm=2025-04-13 22:57:57.882755+00:00, queued_by_job_id=1, pid=13752
[2025-04-13T18:57:59.043-0400] {scheduler_job_runner.py:813} INFO - TaskInstance Finished: dag_id=data_ingestion_dag, task_id=ingest_data_task, run_id=scheduled__1997-01-01T00:00:00+00:00, map_index=-1, run_start_date=2025-04-13 22:57:58.007264+00:00, run_end_date=2025-04-13 22:57:58.254774+00:00, run_duration=0.24751, state=failed, executor=LocalExecutor(parallelism=32), executor_state=success, try_number=2, max_tries=1, job_id=15, pool=default_pool, queue=default, priority_weight=6, operator=BashOperator, queued_dttm=2025-04-13 22:57:57.882755+00:00, queued_by_job_id=1, pid=13760
[2025-04-13T18:57:59.043-0400] {scheduler_job_runner.py:813} INFO - TaskInstance Finished: dag_id=data_ingestion_dag, task_id=ingest_data_task, run_id=scheduled__1999-01-01T00:00:00+00:00, map_index=-1, run_start_date=2025-04-13 22:57:58.006931+00:00, run_end_date=2025-04-13 22:57:58.246911+00:00, run_duration=0.23998, state=failed, executor=LocalExecutor(parallelism=32), executor_state=success, try_number=2, max_tries=1, job_id=14, pool=default_pool, queue=default, priority_weight=6, operator=BashOperator, queued_dttm=2025-04-13 22:57:57.882755+00:00, queued_by_job_id=1, pid=13757
[2025-04-13T18:58:02.420-0400] {dagrun.py:823} ERROR - Marking run <DagRun data_ingestion_dag @ 1996-01-01 00:00:00+00:00: scheduled__1996-01-01T00:00:00+00:00, state:running, queued_at: 2025-04-13 22:52:56.502400+00:00. externally triggered: False> failed
[2025-04-13T18:58:02.420-0400] {dagrun.py:905} INFO - DagRun Finished: dag_id=data_ingestion_dag, execution_date=1996-01-01 00:00:00+00:00, run_id=scheduled__1996-01-01T00:00:00+00:00, run_start_date=2025-04-13 22:52:56.522342+00:00, run_end_date=2025-04-13 22:58:02.420843+00:00, run_duration=305.898501, state=failed, external_trigger=False, run_type=scheduled, data_interval_start=1996-01-01 00:00:00+00:00, data_interval_end=1997-01-01 00:00:00+00:00, dag_hash=bcef3e37f1accf53097d562d78be0b2d
[2025-04-13T18:58:02.423-0400] {scheduler_job_runner.py:1526} INFO - DAG data_ingestion_dag is at (or above) max_active_runs (5 of 5), not creating any more runs
[2025-04-13T18:58:02.427-0400] {dagrun.py:823} ERROR - Marking run <DagRun data_ingestion_dag @ 2025-04-13 22:52:56.092544+00:00: manual__2025-04-13T22:52:56.092544+00:00, state:running, queued_at: 2025-04-13 22:52:56.109517+00:00. externally triggered: True> failed
[2025-04-13T18:58:02.427-0400] {dagrun.py:905} INFO - DagRun Finished: dag_id=data_ingestion_dag, execution_date=2025-04-13 22:52:56.092544+00:00, run_id=manual__2025-04-13T22:52:56.092544+00:00, run_start_date=2025-04-13 22:52:56.522716+00:00, run_end_date=2025-04-13 22:58:02.427372+00:00, run_duration=305.904656, state=failed, external_trigger=True, run_type=manual, data_interval_start=2024-01-01 00:00:00+00:00, data_interval_end=2025-01-01 00:00:00+00:00, dag_hash=bcef3e37f1accf53097d562d78be0b2d
[2025-04-13T18:58:02.433-0400] {dagrun.py:823} ERROR - Marking run <DagRun data_ingestion_dag @ 1998-01-01 00:00:00+00:00: scheduled__1998-01-01T00:00:00+00:00, state:running, queued_at: 2025-04-13 22:52:56.652885+00:00. externally triggered: False> failed
[2025-04-13T18:58:02.433-0400] {dagrun.py:905} INFO - DagRun Finished: dag_id=data_ingestion_dag, execution_date=1998-01-01 00:00:00+00:00, run_id=scheduled__1998-01-01T00:00:00+00:00, run_start_date=2025-04-13 22:52:56.665436+00:00, run_end_date=2025-04-13 22:58:02.433424+00:00, run_duration=305.767988, state=failed, external_trigger=False, run_type=scheduled, data_interval_start=1998-01-01 00:00:00+00:00, data_interval_end=1999-01-01 00:00:00+00:00, dag_hash=bcef3e37f1accf53097d562d78be0b2d
[2025-04-13T18:58:02.436-0400] {dag.py:4180} INFO - Setting next_dagrun for data_ingestion_dag to 1999-01-01 00:00:00+00:00, run_after=2000-01-01 00:00:00+00:00
[2025-04-13T18:58:02.440-0400] {dagrun.py:823} ERROR - Marking run <DagRun data_ingestion_dag @ 1997-01-01 00:00:00+00:00: scheduled__1997-01-01T00:00:00+00:00, state:running, queued_at: 2025-04-13 22:52:56.585652+00:00. externally triggered: False> failed
[2025-04-13T18:58:02.441-0400] {dagrun.py:905} INFO - DagRun Finished: dag_id=data_ingestion_dag, execution_date=1997-01-01 00:00:00+00:00, run_id=scheduled__1997-01-01T00:00:00+00:00, run_start_date=2025-04-13 22:52:56.599218+00:00, run_end_date=2025-04-13 22:58:02.441189+00:00, run_duration=305.841971, state=failed, external_trigger=False, run_type=scheduled, data_interval_start=1997-01-01 00:00:00+00:00, data_interval_end=1998-01-01 00:00:00+00:00, dag_hash=bcef3e37f1accf53097d562d78be0b2d
[2025-04-13T18:58:02.445-0400] {dag.py:4180} INFO - Setting next_dagrun for data_ingestion_dag to 1998-01-01 00:00:00+00:00, run_after=1999-01-01 00:00:00+00:00
[2025-04-13T18:58:02.449-0400] {dagrun.py:823} ERROR - Marking run <DagRun data_ingestion_dag @ 1999-01-01 00:00:00+00:00: scheduled__1999-01-01T00:00:00+00:00, state:running, queued_at: 2025-04-13 22:52:56.717308+00:00. externally triggered: False> failed
[2025-04-13T18:58:02.449-0400] {dagrun.py:905} INFO - DagRun Finished: dag_id=data_ingestion_dag, execution_date=1999-01-01 00:00:00+00:00, run_id=scheduled__1999-01-01T00:00:00+00:00, run_start_date=2025-04-13 22:52:56.730846+00:00, run_end_date=2025-04-13 22:58:02.449427+00:00, run_duration=305.718581, state=failed, external_trigger=False, run_type=scheduled, data_interval_start=1999-01-01 00:00:00+00:00, data_interval_end=2000-01-01 00:00:00+00:00, dag_hash=bcef3e37f1accf53097d562d78be0b2d
[2025-04-13T18:58:02.452-0400] {dag.py:4180} INFO - Setting next_dagrun for data_ingestion_dag to 2000-01-01 00:00:00+00:00, run_after=2001-01-01 00:00:00+00:00
[2025-04-13T18:58:02.919-0400] {dag.py:4180} INFO - Setting next_dagrun for data_ingestion_dag to 2001-01-01 00:00:00+00:00, run_after=2002-01-01 00:00:00+00:00
[2025-04-13T18:58:02.953-0400] {scheduler_job_runner.py:435} INFO - 2 tasks up for execution:
	<TaskInstance: data_ingestion_dag.ingest_data_task scheduled__2000-01-01T00:00:00+00:00 [scheduled]>
	<TaskInstance: data_ingestion_dag.ingest_data_task manual__2025-04-13T22:54:11.715963+00:00 [scheduled]>
[2025-04-13T18:58:02.954-0400] {scheduler_job_runner.py:507} INFO - DAG data_ingestion_dag has 0/16 running and queued tasks
[2025-04-13T18:58:02.954-0400] {scheduler_job_runner.py:507} INFO - DAG data_ingestion_dag has 1/16 running and queued tasks
[2025-04-13T18:58:02.954-0400] {scheduler_job_runner.py:646} INFO - Setting the following tasks to queued state:
	<TaskInstance: data_ingestion_dag.ingest_data_task scheduled__2000-01-01T00:00:00+00:00 [scheduled]>
	<TaskInstance: data_ingestion_dag.ingest_data_task manual__2025-04-13T22:54:11.715963+00:00 [scheduled]>
[2025-04-13T18:58:02.955-0400] {scheduler_job_runner.py:748} INFO - Trying to enqueue tasks: [<TaskInstance: data_ingestion_dag.ingest_data_task scheduled__2000-01-01T00:00:00+00:00 [scheduled]>, <TaskInstance: data_ingestion_dag.ingest_data_task manual__2025-04-13T22:54:11.715963+00:00 [scheduled]>] for executor: LocalExecutor(parallelism=32)
[2025-04-13T18:58:02.956-0400] {scheduler_job_runner.py:692} INFO - Sending TaskInstanceKey(dag_id='data_ingestion_dag', task_id='ingest_data_task', run_id='scheduled__2000-01-01T00:00:00+00:00', try_number=1, map_index=-1) to LocalExecutor with priority 6 and queue default
[2025-04-13T18:58:02.956-0400] {base_executor.py:169} INFO - Adding to queue: ['airflow', 'tasks', 'run', 'data_ingestion_dag', 'ingest_data_task', 'scheduled__2000-01-01T00:00:00+00:00', '--local', '--subdir', 'DAGS_FOLDER/ingest_data_dag.py']
[2025-04-13T18:58:02.956-0400] {scheduler_job_runner.py:692} INFO - Sending TaskInstanceKey(dag_id='data_ingestion_dag', task_id='ingest_data_task', run_id='manual__2025-04-13T22:54:11.715963+00:00', try_number=1, map_index=-1) to LocalExecutor with priority 6 and queue default
[2025-04-13T18:58:02.956-0400] {base_executor.py:169} INFO - Adding to queue: ['airflow', 'tasks', 'run', 'data_ingestion_dag', 'ingest_data_task', 'manual__2025-04-13T22:54:11.715963+00:00', '--local', '--subdir', 'DAGS_FOLDER/ingest_data_dag.py']
[2025-04-13T18:58:02.959-0400] {local_executor.py:93} INFO - QueuedLocalWorker running ['airflow', 'tasks', 'run', 'data_ingestion_dag', 'ingest_data_task', 'scheduled__2000-01-01T00:00:00+00:00', '--local', '--subdir', 'DAGS_FOLDER/ingest_data_dag.py']
[2025-04-13T18:58:02.959-0400] {local_executor.py:93} INFO - QueuedLocalWorker running ['airflow', 'tasks', 'run', 'data_ingestion_dag', 'ingest_data_task', 'manual__2025-04-13T22:54:11.715963+00:00', '--local', '--subdir', 'DAGS_FOLDER/ingest_data_dag.py']
[2025-04-13T18:58:02.980-0400] {dagbag.py:588} INFO - Filling up the DagBag from /home/aguan/ontario-sunshine-salary-dashboard/airflow/dags/ingest_data_dag.py
[2025-04-13T18:58:02.981-0400] {dagbag.py:588} INFO - Filling up the DagBag from /home/aguan/ontario-sunshine-salary-dashboard/airflow/dags/ingest_data_dag.py
[2025-04-13T18:58:02.994-0400] {dag.py:4180} INFO - Setting next_dagrun for data_ingestion_dag to 2002-01-01 00:00:00+00:00, run_after=2003-01-01 00:00:00+00:00
[2025-04-13T18:58:03.017-0400] {task_command.py:467} INFO - Running <TaskInstance: data_ingestion_dag.ingest_data_task scheduled__2000-01-01T00:00:00+00:00 [queued]> on host aguan-pc2.
[2025-04-13T18:58:03.017-0400] {task_command.py:467} INFO - Running <TaskInstance: data_ingestion_dag.ingest_data_task manual__2025-04-13T22:54:11.715963+00:00 [queued]> on host aguan-pc2.
[2025-04-13T18:58:03.034-0400] {scheduler_job_runner.py:435} INFO - 1 tasks up for execution:
	<TaskInstance: data_ingestion_dag.ingest_data_task scheduled__2001-01-01T00:00:00+00:00 [scheduled]>
[2025-04-13T18:58:03.035-0400] {scheduler_job_runner.py:507} INFO - DAG data_ingestion_dag has 2/16 running and queued tasks
[2025-04-13T18:58:03.035-0400] {scheduler_job_runner.py:646} INFO - Setting the following tasks to queued state:
	<TaskInstance: data_ingestion_dag.ingest_data_task scheduled__2001-01-01T00:00:00+00:00 [scheduled]>
[2025-04-13T18:58:03.036-0400] {scheduler_job_runner.py:748} INFO - Trying to enqueue tasks: [<TaskInstance: data_ingestion_dag.ingest_data_task scheduled__2001-01-01T00:00:00+00:00 [scheduled]>] for executor: LocalExecutor(parallelism=32)
[2025-04-13T18:58:03.036-0400] {scheduler_job_runner.py:692} INFO - Sending TaskInstanceKey(dag_id='data_ingestion_dag', task_id='ingest_data_task', run_id='scheduled__2001-01-01T00:00:00+00:00', try_number=1, map_index=-1) to LocalExecutor with priority 6 and queue default
[2025-04-13T18:58:03.036-0400] {base_executor.py:169} INFO - Adding to queue: ['airflow', 'tasks', 'run', 'data_ingestion_dag', 'ingest_data_task', 'scheduled__2001-01-01T00:00:00+00:00', '--local', '--subdir', 'DAGS_FOLDER/ingest_data_dag.py']
[2025-04-13T18:58:03.039-0400] {local_executor.py:93} INFO - QueuedLocalWorker running ['airflow', 'tasks', 'run', 'data_ingestion_dag', 'ingest_data_task', 'scheduled__2001-01-01T00:00:00+00:00', '--local', '--subdir', 'DAGS_FOLDER/ingest_data_dag.py']
[2025-04-13T18:58:03.059-0400] {dag.py:4180} INFO - Setting next_dagrun for data_ingestion_dag to 2003-01-01 00:00:00+00:00, run_after=2004-01-01 00:00:00+00:00
[2025-04-13T18:58:03.059-0400] {dagbag.py:588} INFO - Filling up the DagBag from /home/aguan/ontario-sunshine-salary-dashboard/airflow/dags/ingest_data_dag.py
[2025-04-13T18:58:03.097-0400] {task_command.py:467} INFO - Running <TaskInstance: data_ingestion_dag.ingest_data_task scheduled__2001-01-01T00:00:00+00:00 [queued]> on host aguan-pc2.
[2025-04-13T18:58:03.111-0400] {scheduler_job_runner.py:435} INFO - 1 tasks up for execution:
	<TaskInstance: data_ingestion_dag.ingest_data_task scheduled__2002-01-01T00:00:00+00:00 [scheduled]>
[2025-04-13T18:58:03.111-0400] {scheduler_job_runner.py:507} INFO - DAG data_ingestion_dag has 3/16 running and queued tasks
[2025-04-13T18:58:03.112-0400] {scheduler_job_runner.py:646} INFO - Setting the following tasks to queued state:
	<TaskInstance: data_ingestion_dag.ingest_data_task scheduled__2002-01-01T00:00:00+00:00 [scheduled]>
[2025-04-13T18:58:03.113-0400] {scheduler_job_runner.py:748} INFO - Trying to enqueue tasks: [<TaskInstance: data_ingestion_dag.ingest_data_task scheduled__2002-01-01T00:00:00+00:00 [scheduled]>] for executor: LocalExecutor(parallelism=32)
[2025-04-13T18:58:03.113-0400] {scheduler_job_runner.py:692} INFO - Sending TaskInstanceKey(dag_id='data_ingestion_dag', task_id='ingest_data_task', run_id='scheduled__2002-01-01T00:00:00+00:00', try_number=1, map_index=-1) to LocalExecutor with priority 6 and queue default
[2025-04-13T18:58:03.114-0400] {base_executor.py:169} INFO - Adding to queue: ['airflow', 'tasks', 'run', 'data_ingestion_dag', 'ingest_data_task', 'scheduled__2002-01-01T00:00:00+00:00', '--local', '--subdir', 'DAGS_FOLDER/ingest_data_dag.py']
[2025-04-13T18:58:03.117-0400] {local_executor.py:93} INFO - QueuedLocalWorker running ['airflow', 'tasks', 'run', 'data_ingestion_dag', 'ingest_data_task', 'scheduled__2002-01-01T00:00:00+00:00', '--local', '--subdir', 'DAGS_FOLDER/ingest_data_dag.py']
[2025-04-13T18:58:03.137-0400] {scheduler_job_runner.py:1526} INFO - DAG data_ingestion_dag is at (or above) max_active_runs (5 of 5), not creating any more runs
[2025-04-13T18:58:03.137-0400] {dagbag.py:588} INFO - Filling up the DagBag from /home/aguan/ontario-sunshine-salary-dashboard/airflow/dags/ingest_data_dag.py
[2025-04-13T18:58:03.173-0400] {task_command.py:467} INFO - Running <TaskInstance: data_ingestion_dag.ingest_data_task scheduled__2002-01-01T00:00:00+00:00 [queued]> on host aguan-pc2.
[2025-04-13T18:58:03.196-0400] {scheduler_job_runner.py:435} INFO - 1 tasks up for execution:
	<TaskInstance: data_ingestion_dag.ingest_data_task scheduled__2003-01-01T00:00:00+00:00 [scheduled]>
[2025-04-13T18:58:03.196-0400] {scheduler_job_runner.py:507} INFO - DAG data_ingestion_dag has 4/16 running and queued tasks
[2025-04-13T18:58:03.196-0400] {scheduler_job_runner.py:646} INFO - Setting the following tasks to queued state:
	<TaskInstance: data_ingestion_dag.ingest_data_task scheduled__2003-01-01T00:00:00+00:00 [scheduled]>
[2025-04-13T18:58:03.198-0400] {scheduler_job_runner.py:748} INFO - Trying to enqueue tasks: [<TaskInstance: data_ingestion_dag.ingest_data_task scheduled__2003-01-01T00:00:00+00:00 [scheduled]>] for executor: LocalExecutor(parallelism=32)
[2025-04-13T18:58:03.198-0400] {scheduler_job_runner.py:692} INFO - Sending TaskInstanceKey(dag_id='data_ingestion_dag', task_id='ingest_data_task', run_id='scheduled__2003-01-01T00:00:00+00:00', try_number=1, map_index=-1) to LocalExecutor with priority 6 and queue default
[2025-04-13T18:58:03.198-0400] {base_executor.py:169} INFO - Adding to queue: ['airflow', 'tasks', 'run', 'data_ingestion_dag', 'ingest_data_task', 'scheduled__2003-01-01T00:00:00+00:00', '--local', '--subdir', 'DAGS_FOLDER/ingest_data_dag.py']
[2025-04-13T18:58:03.201-0400] {local_executor.py:93} INFO - QueuedLocalWorker running ['airflow', 'tasks', 'run', 'data_ingestion_dag', 'ingest_data_task', 'scheduled__2003-01-01T00:00:00+00:00', '--local', '--subdir', 'DAGS_FOLDER/ingest_data_dag.py']
[2025-04-13T18:58:03.224-0400] {dagbag.py:588} INFO - Filling up the DagBag from /home/aguan/ontario-sunshine-salary-dashboard/airflow/dags/ingest_data_dag.py
[2025-04-13T18:58:03.263-0400] {task_command.py:467} INFO - Running <TaskInstance: data_ingestion_dag.ingest_data_task scheduled__2003-01-01T00:00:00+00:00 [queued]> on host aguan-pc2.
[2025-04-13T18:58:04.343-0400] {scheduler_job_runner.py:776} INFO - Received executor event with state success for task instance TaskInstanceKey(dag_id='data_ingestion_dag', task_id='ingest_data_task', run_id='scheduled__2000-01-01T00:00:00+00:00', try_number=1, map_index=-1)
[2025-04-13T18:58:04.344-0400] {scheduler_job_runner.py:776} INFO - Received executor event with state success for task instance TaskInstanceKey(dag_id='data_ingestion_dag', task_id='ingest_data_task', run_id='manual__2025-04-13T22:54:11.715963+00:00', try_number=1, map_index=-1)
[2025-04-13T18:58:04.344-0400] {scheduler_job_runner.py:776} INFO - Received executor event with state success for task instance TaskInstanceKey(dag_id='data_ingestion_dag', task_id='ingest_data_task', run_id='scheduled__2001-01-01T00:00:00+00:00', try_number=1, map_index=-1)
[2025-04-13T18:58:04.344-0400] {scheduler_job_runner.py:776} INFO - Received executor event with state success for task instance TaskInstanceKey(dag_id='data_ingestion_dag', task_id='ingest_data_task', run_id='scheduled__2002-01-01T00:00:00+00:00', try_number=1, map_index=-1)
[2025-04-13T18:58:04.344-0400] {scheduler_job_runner.py:776} INFO - Received executor event with state success for task instance TaskInstanceKey(dag_id='data_ingestion_dag', task_id='ingest_data_task', run_id='scheduled__2003-01-01T00:00:00+00:00', try_number=1, map_index=-1)
[2025-04-13T18:58:04.348-0400] {scheduler_job_runner.py:813} INFO - TaskInstance Finished: dag_id=data_ingestion_dag, task_id=ingest_data_task, run_id=scheduled__2001-01-01T00:00:00+00:00, map_index=-1, run_start_date=2025-04-13 22:58:03.162799+00:00, run_end_date=2025-04-13 22:58:03.406022+00:00, run_duration=0.243223, state=up_for_retry, executor=LocalExecutor(parallelism=32), executor_state=success, try_number=1, max_tries=1, job_id=19, pool=default_pool, queue=default, priority_weight=6, operator=BashOperator, queued_dttm=2025-04-13 22:58:03.035693+00:00, queued_by_job_id=1, pid=13789
[2025-04-13T18:58:04.349-0400] {scheduler_job_runner.py:813} INFO - TaskInstance Finished: dag_id=data_ingestion_dag, task_id=ingest_data_task, run_id=scheduled__2002-01-01T00:00:00+00:00, map_index=-1, run_start_date=2025-04-13 22:58:03.242753+00:00, run_end_date=2025-04-13 22:58:03.474906+00:00, run_duration=0.232153, state=up_for_retry, executor=LocalExecutor(parallelism=32), executor_state=success, try_number=1, max_tries=1, job_id=20, pool=default_pool, queue=default, priority_weight=6, operator=BashOperator, queued_dttm=2025-04-13 22:58:03.112536+00:00, queued_by_job_id=1, pid=13791
[2025-04-13T18:58:04.349-0400] {scheduler_job_runner.py:813} INFO - TaskInstance Finished: dag_id=data_ingestion_dag, task_id=ingest_data_task, run_id=scheduled__2000-01-01T00:00:00+00:00, map_index=-1, run_start_date=2025-04-13 22:58:03.078901+00:00, run_end_date=2025-04-13 22:58:03.323638+00:00, run_duration=0.244737, state=up_for_retry, executor=LocalExecutor(parallelism=32), executor_state=success, try_number=1, max_tries=1, job_id=17, pool=default_pool, queue=default, priority_weight=6, operator=BashOperator, queued_dttm=2025-04-13 22:58:02.954841+00:00, queued_by_job_id=1, pid=13782
[2025-04-13T18:58:04.349-0400] {scheduler_job_runner.py:813} INFO - TaskInstance Finished: dag_id=data_ingestion_dag, task_id=ingest_data_task, run_id=manual__2025-04-13T22:54:11.715963+00:00, map_index=-1, run_start_date=2025-04-13 22:58:03.078905+00:00, run_end_date=2025-04-13 22:58:03.325625+00:00, run_duration=0.24672, state=up_for_retry, executor=LocalExecutor(parallelism=32), executor_state=success, try_number=1, max_tries=1, job_id=18, pool=default_pool, queue=default, priority_weight=6, operator=BashOperator, queued_dttm=2025-04-13 22:58:02.954841+00:00, queued_by_job_id=1, pid=13783
[2025-04-13T18:58:04.350-0400] {scheduler_job_runner.py:813} INFO - TaskInstance Finished: dag_id=data_ingestion_dag, task_id=ingest_data_task, run_id=scheduled__2003-01-01T00:00:00+00:00, map_index=-1, run_start_date=2025-04-13 22:58:03.324476+00:00, run_end_date=2025-04-13 22:58:03.539987+00:00, run_duration=0.215511, state=up_for_retry, executor=LocalExecutor(parallelism=32), executor_state=success, try_number=1, max_tries=1, job_id=21, pool=default_pool, queue=default, priority_weight=6, operator=BashOperator, queued_dttm=2025-04-13 22:58:03.197325+00:00, queued_by_job_id=1, pid=13793
[2025-04-13T18:59:25.390-0400] {scheduler_job_runner.py:1949} INFO - Adopting or resetting orphaned tasks for active dag runs
[2025-04-13T18:59:38.028-0400] {scheduler_job_runner.py:435} INFO - 1 tasks up for execution:
	<TaskInstance: data_ingestion_dag.ingest_data_task scheduled__2000-01-01T00:00:00+00:00 [scheduled]>
[2025-04-13T18:59:38.028-0400] {scheduler_job_runner.py:507} INFO - DAG data_ingestion_dag has 0/16 running and queued tasks
[2025-04-13T18:59:38.028-0400] {scheduler_job_runner.py:646} INFO - Setting the following tasks to queued state:
	<TaskInstance: data_ingestion_dag.ingest_data_task scheduled__2000-01-01T00:00:00+00:00 [scheduled]>
[2025-04-13T18:59:38.030-0400] {scheduler_job_runner.py:748} INFO - Trying to enqueue tasks: [<TaskInstance: data_ingestion_dag.ingest_data_task scheduled__2000-01-01T00:00:00+00:00 [scheduled]>] for executor: LocalExecutor(parallelism=32)
[2025-04-13T18:59:38.030-0400] {scheduler_job_runner.py:692} INFO - Sending TaskInstanceKey(dag_id='data_ingestion_dag', task_id='ingest_data_task', run_id='scheduled__2000-01-01T00:00:00+00:00', try_number=2, map_index=-1) to LocalExecutor with priority 6 and queue default
[2025-04-13T18:59:38.030-0400] {base_executor.py:169} INFO - Adding to queue: ['airflow', 'tasks', 'run', 'data_ingestion_dag', 'ingest_data_task', 'scheduled__2000-01-01T00:00:00+00:00', '--local', '--subdir', 'DAGS_FOLDER/ingest_data_dag.py']
[2025-04-13T18:59:38.033-0400] {local_executor.py:93} INFO - QueuedLocalWorker running ['airflow', 'tasks', 'run', 'data_ingestion_dag', 'ingest_data_task', 'scheduled__2000-01-01T00:00:00+00:00', '--local', '--subdir', 'DAGS_FOLDER/ingest_data_dag.py']
[2025-04-13T18:59:38.054-0400] {dagbag.py:588} INFO - Filling up the DagBag from /home/aguan/ontario-sunshine-salary-dashboard/airflow/dags/ingest_data_dag.py
[2025-04-13T18:59:38.090-0400] {task_command.py:467} INFO - Running <TaskInstance: data_ingestion_dag.ingest_data_task scheduled__2000-01-01T00:00:00+00:00 [queued]> on host aguan-pc2.
[2025-04-13T18:59:39.493-0400] {scheduler_job_runner.py:435} INFO - 1 tasks up for execution:
	<TaskInstance: data_ingestion_dag.upload_raw_to_gcs_task scheduled__2000-01-01T00:00:00+00:00 [scheduled]>
[2025-04-13T18:59:39.493-0400] {scheduler_job_runner.py:507} INFO - DAG data_ingestion_dag has 0/16 running and queued tasks
[2025-04-13T18:59:39.494-0400] {scheduler_job_runner.py:646} INFO - Setting the following tasks to queued state:
	<TaskInstance: data_ingestion_dag.upload_raw_to_gcs_task scheduled__2000-01-01T00:00:00+00:00 [scheduled]>
[2025-04-13T18:59:39.495-0400] {scheduler_job_runner.py:748} INFO - Trying to enqueue tasks: [<TaskInstance: data_ingestion_dag.upload_raw_to_gcs_task scheduled__2000-01-01T00:00:00+00:00 [scheduled]>] for executor: LocalExecutor(parallelism=32)
[2025-04-13T18:59:39.495-0400] {scheduler_job_runner.py:692} INFO - Sending TaskInstanceKey(dag_id='data_ingestion_dag', task_id='upload_raw_to_gcs_task', run_id='scheduled__2000-01-01T00:00:00+00:00', try_number=1, map_index=-1) to LocalExecutor with priority 5 and queue default
[2025-04-13T18:59:39.495-0400] {base_executor.py:169} INFO - Adding to queue: ['airflow', 'tasks', 'run', 'data_ingestion_dag', 'upload_raw_to_gcs_task', 'scheduled__2000-01-01T00:00:00+00:00', '--local', '--subdir', 'DAGS_FOLDER/ingest_data_dag.py']
[2025-04-13T18:59:39.498-0400] {scheduler_job_runner.py:776} INFO - Received executor event with state success for task instance TaskInstanceKey(dag_id='data_ingestion_dag', task_id='ingest_data_task', run_id='scheduled__2000-01-01T00:00:00+00:00', try_number=2, map_index=-1)
[2025-04-13T18:59:39.498-0400] {local_executor.py:93} INFO - QueuedLocalWorker running ['airflow', 'tasks', 'run', 'data_ingestion_dag', 'upload_raw_to_gcs_task', 'scheduled__2000-01-01T00:00:00+00:00', '--local', '--subdir', 'DAGS_FOLDER/ingest_data_dag.py']
[2025-04-13T18:59:39.502-0400] {scheduler_job_runner.py:813} INFO - TaskInstance Finished: dag_id=data_ingestion_dag, task_id=ingest_data_task, run_id=scheduled__2000-01-01T00:00:00+00:00, map_index=-1, run_start_date=2025-04-13 22:59:38.154919+00:00, run_end_date=2025-04-13 22:59:39.279095+00:00, run_duration=1.124176, state=success, executor=LocalExecutor(parallelism=32), executor_state=success, try_number=2, max_tries=2, job_id=22, pool=default_pool, queue=default, priority_weight=6, operator=BashOperator, queued_dttm=2025-04-13 22:59:38.029269+00:00, queued_by_job_id=1, pid=14104
[2025-04-13T18:59:39.519-0400] {dagbag.py:588} INFO - Filling up the DagBag from /home/aguan/ontario-sunshine-salary-dashboard/airflow/dags/ingest_data_dag.py
[2025-04-13T18:59:39.555-0400] {task_command.py:467} INFO - Running <TaskInstance: data_ingestion_dag.upload_raw_to_gcs_task scheduled__2000-01-01T00:00:00+00:00 [queued]> on host aguan-pc2.
[2025-04-13T19:00:58.994-0400] {scheduler_job_runner.py:435} INFO - 1 tasks up for execution:
	<TaskInstance: data_ingestion_dag.merge_raw_files_task scheduled__2000-01-01T00:00:00+00:00 [scheduled]>
[2025-04-13T19:00:58.994-0400] {scheduler_job_runner.py:507} INFO - DAG data_ingestion_dag has 0/16 running and queued tasks
[2025-04-13T19:00:58.995-0400] {scheduler_job_runner.py:646} INFO - Setting the following tasks to queued state:
	<TaskInstance: data_ingestion_dag.merge_raw_files_task scheduled__2000-01-01T00:00:00+00:00 [scheduled]>
[2025-04-13T19:00:58.996-0400] {scheduler_job_runner.py:748} INFO - Trying to enqueue tasks: [<TaskInstance: data_ingestion_dag.merge_raw_files_task scheduled__2000-01-01T00:00:00+00:00 [scheduled]>] for executor: LocalExecutor(parallelism=32)
[2025-04-13T19:00:58.996-0400] {scheduler_job_runner.py:692} INFO - Sending TaskInstanceKey(dag_id='data_ingestion_dag', task_id='merge_raw_files_task', run_id='scheduled__2000-01-01T00:00:00+00:00', try_number=1, map_index=-1) to LocalExecutor with priority 4 and queue default
[2025-04-13T19:00:58.996-0400] {base_executor.py:169} INFO - Adding to queue: ['airflow', 'tasks', 'run', 'data_ingestion_dag', 'merge_raw_files_task', 'scheduled__2000-01-01T00:00:00+00:00', '--local', '--subdir', 'DAGS_FOLDER/ingest_data_dag.py']
[2025-04-13T19:00:58.999-0400] {scheduler_job_runner.py:776} INFO - Received executor event with state success for task instance TaskInstanceKey(dag_id='data_ingestion_dag', task_id='upload_raw_to_gcs_task', run_id='scheduled__2000-01-01T00:00:00+00:00', try_number=1, map_index=-1)
[2025-04-13T19:00:58.999-0400] {local_executor.py:93} INFO - QueuedLocalWorker running ['airflow', 'tasks', 'run', 'data_ingestion_dag', 'merge_raw_files_task', 'scheduled__2000-01-01T00:00:00+00:00', '--local', '--subdir', 'DAGS_FOLDER/ingest_data_dag.py']
[2025-04-13T19:00:59.002-0400] {scheduler_job_runner.py:813} INFO - TaskInstance Finished: dag_id=data_ingestion_dag, task_id=upload_raw_to_gcs_task, run_id=scheduled__2000-01-01T00:00:00+00:00, map_index=-1, run_start_date=2025-04-13 22:59:39.619821+00:00, run_end_date=2025-04-13 23:00:58.838052+00:00, run_duration=79.218231, state=success, executor=LocalExecutor(parallelism=32), executor_state=success, try_number=1, max_tries=1, job_id=23, pool=default_pool, queue=default, priority_weight=5, operator=BashOperator, queued_dttm=2025-04-13 22:59:39.494413+00:00, queued_by_job_id=1, pid=14114
[2025-04-13T19:00:59.020-0400] {dagbag.py:588} INFO - Filling up the DagBag from /home/aguan/ontario-sunshine-salary-dashboard/airflow/dags/ingest_data_dag.py
[2025-04-13T19:00:59.057-0400] {task_command.py:467} INFO - Running <TaskInstance: data_ingestion_dag.merge_raw_files_task scheduled__2000-01-01T00:00:00+00:00 [queued]> on host aguan-pc2.
[2025-04-13T19:01:52.015-0400] {dagrun.py:823} ERROR - Marking run <DagRun data_ingestion_dag @ 2001-01-01 00:00:00+00:00: scheduled__2001-01-01T00:00:00+00:00, state:running, queued_at: 2025-04-13 22:58:02.989126+00:00. externally triggered: False> failed
[2025-04-13T19:01:52.016-0400] {dagrun.py:905} INFO - DagRun Finished: dag_id=data_ingestion_dag, execution_date=2001-01-01 00:00:00+00:00, run_id=scheduled__2001-01-01T00:00:00+00:00, run_start_date=2025-04-13 22:58:03.000538+00:00, run_end_date=2025-04-13 23:01:52.016260+00:00, run_duration=229.015722, state=failed, external_trigger=False, run_type=scheduled, data_interval_start=2001-01-01 00:00:00+00:00, data_interval_end=2002-01-01 00:00:00+00:00, dag_hash=bcef3e37f1accf53097d562d78be0b2d
[2025-04-13T19:01:52.018-0400] {scheduler_job_runner.py:1526} INFO - DAG data_ingestion_dag is at (or above) max_active_runs (10 of 5), not creating any more runs
[2025-04-13T19:01:53.099-0400] {scheduler_job_runner.py:435} INFO - 1 tasks up for execution:
	<TaskInstance: data_ingestion_dag.ingest_data_task scheduled__1996-01-01T00:00:00+00:00 [scheduled]>
[2025-04-13T19:01:53.099-0400] {scheduler_job_runner.py:507} INFO - DAG data_ingestion_dag has 1/16 running and queued tasks
[2025-04-13T19:01:53.100-0400] {scheduler_job_runner.py:646} INFO - Setting the following tasks to queued state:
	<TaskInstance: data_ingestion_dag.ingest_data_task scheduled__1996-01-01T00:00:00+00:00 [scheduled]>
[2025-04-13T19:01:53.100-0400] {scheduler_job_runner.py:748} INFO - Trying to enqueue tasks: [<TaskInstance: data_ingestion_dag.ingest_data_task scheduled__1996-01-01T00:00:00+00:00 [scheduled]>] for executor: LocalExecutor(parallelism=32)
[2025-04-13T19:01:53.101-0400] {scheduler_job_runner.py:692} INFO - Sending TaskInstanceKey(dag_id='data_ingestion_dag', task_id='ingest_data_task', run_id='scheduled__1996-01-01T00:00:00+00:00', try_number=3, map_index=-1) to LocalExecutor with priority 6 and queue default
[2025-04-13T19:01:53.101-0400] {base_executor.py:169} INFO - Adding to queue: ['airflow', 'tasks', 'run', 'data_ingestion_dag', 'ingest_data_task', 'scheduled__1996-01-01T00:00:00+00:00', '--local', '--subdir', 'DAGS_FOLDER/ingest_data_dag.py']
[2025-04-13T19:01:53.104-0400] {local_executor.py:93} INFO - QueuedLocalWorker running ['airflow', 'tasks', 'run', 'data_ingestion_dag', 'ingest_data_task', 'scheduled__1996-01-01T00:00:00+00:00', '--local', '--subdir', 'DAGS_FOLDER/ingest_data_dag.py']
[2025-04-13T19:01:53.124-0400] {dagbag.py:588} INFO - Filling up the DagBag from /home/aguan/ontario-sunshine-salary-dashboard/airflow/dags/ingest_data_dag.py
[2025-04-13T19:01:53.161-0400] {task_command.py:467} INFO - Running <TaskInstance: data_ingestion_dag.ingest_data_task scheduled__1996-01-01T00:00:00+00:00 [queued]> on host aguan-pc2.
[2025-04-13T19:01:56.006-0400] {dagrun.py:823} ERROR - Marking run <DagRun data_ingestion_dag @ 2002-01-01 00:00:00+00:00: scheduled__2002-01-01T00:00:00+00:00, state:running, queued_at: 2025-04-13 22:58:03.055193+00:00. externally triggered: False> failed
[2025-04-13T19:01:56.006-0400] {dagrun.py:905} INFO - DagRun Finished: dag_id=data_ingestion_dag, execution_date=2002-01-01 00:00:00+00:00, run_id=scheduled__2002-01-01T00:00:00+00:00, run_start_date=2025-04-13 22:58:03.067006+00:00, run_end_date=2025-04-13 23:01:56.006900+00:00, run_duration=232.939894, state=failed, external_trigger=False, run_type=scheduled, data_interval_start=2002-01-01 00:00:00+00:00, data_interval_end=2003-01-01 00:00:00+00:00, dag_hash=bcef3e37f1accf53097d562d78be0b2d
[2025-04-13T19:01:56.010-0400] {scheduler_job_runner.py:1526} INFO - DAG data_ingestion_dag is at (or above) max_active_runs (9 of 5), not creating any more runs
[2025-04-13T19:01:57.098-0400] {scheduler_job_runner.py:435} INFO - 1 tasks up for execution:
	<TaskInstance: data_ingestion_dag.ingest_data_task scheduled__1997-01-01T00:00:00+00:00 [scheduled]>
[2025-04-13T19:01:57.098-0400] {scheduler_job_runner.py:507} INFO - DAG data_ingestion_dag has 2/16 running and queued tasks
[2025-04-13T19:01:57.098-0400] {scheduler_job_runner.py:646} INFO - Setting the following tasks to queued state:
	<TaskInstance: data_ingestion_dag.ingest_data_task scheduled__1997-01-01T00:00:00+00:00 [scheduled]>
[2025-04-13T19:01:57.100-0400] {scheduler_job_runner.py:748} INFO - Trying to enqueue tasks: [<TaskInstance: data_ingestion_dag.ingest_data_task scheduled__1997-01-01T00:00:00+00:00 [scheduled]>] for executor: LocalExecutor(parallelism=32)
[2025-04-13T19:01:57.100-0400] {scheduler_job_runner.py:692} INFO - Sending TaskInstanceKey(dag_id='data_ingestion_dag', task_id='ingest_data_task', run_id='scheduled__1997-01-01T00:00:00+00:00', try_number=3, map_index=-1) to LocalExecutor with priority 6 and queue default
[2025-04-13T19:01:57.100-0400] {base_executor.py:169} INFO - Adding to queue: ['airflow', 'tasks', 'run', 'data_ingestion_dag', 'ingest_data_task', 'scheduled__1997-01-01T00:00:00+00:00', '--local', '--subdir', 'DAGS_FOLDER/ingest_data_dag.py']
[2025-04-13T19:01:57.103-0400] {local_executor.py:93} INFO - QueuedLocalWorker running ['airflow', 'tasks', 'run', 'data_ingestion_dag', 'ingest_data_task', 'scheduled__1997-01-01T00:00:00+00:00', '--local', '--subdir', 'DAGS_FOLDER/ingest_data_dag.py']
[2025-04-13T19:01:57.124-0400] {dagbag.py:588} INFO - Filling up the DagBag from /home/aguan/ontario-sunshine-salary-dashboard/airflow/dags/ingest_data_dag.py
[2025-04-13T19:01:57.167-0400] {task_command.py:467} INFO - Running <TaskInstance: data_ingestion_dag.ingest_data_task scheduled__1997-01-01T00:00:00+00:00 [queued]> on host aguan-pc2.
[2025-04-13T19:01:59.812-0400] {dagrun.py:823} ERROR - Marking run <DagRun data_ingestion_dag @ 2003-01-01 00:00:00+00:00: scheduled__2003-01-01T00:00:00+00:00, state:running, queued_at: 2025-04-13 22:58:03.133418+00:00. externally triggered: False> failed
[2025-04-13T19:01:59.812-0400] {dagrun.py:905} INFO - DagRun Finished: dag_id=data_ingestion_dag, execution_date=2003-01-01 00:00:00+00:00, run_id=scheduled__2003-01-01T00:00:00+00:00, run_start_date=2025-04-13 22:58:03.144977+00:00, run_end_date=2025-04-13 23:01:59.812788+00:00, run_duration=236.667811, state=failed, external_trigger=False, run_type=scheduled, data_interval_start=2003-01-01 00:00:00+00:00, data_interval_end=2004-01-01 00:00:00+00:00, dag_hash=bcef3e37f1accf53097d562d78be0b2d
[2025-04-13T19:01:59.816-0400] {scheduler_job_runner.py:1526} INFO - DAG data_ingestion_dag is at (or above) max_active_runs (8 of 5), not creating any more runs
[2025-04-13T19:01:59.824-0400] {scheduler_job_runner.py:435} INFO - 1 tasks up for execution:
	<TaskInstance: data_ingestion_dag.upload_raw_to_gcs_task scheduled__1996-01-01T00:00:00+00:00 [scheduled]>
[2025-04-13T19:01:59.824-0400] {scheduler_job_runner.py:507} INFO - DAG data_ingestion_dag has 2/16 running and queued tasks
[2025-04-13T19:01:59.824-0400] {scheduler_job_runner.py:646} INFO - Setting the following tasks to queued state:
	<TaskInstance: data_ingestion_dag.upload_raw_to_gcs_task scheduled__1996-01-01T00:00:00+00:00 [scheduled]>
[2025-04-13T19:01:59.826-0400] {scheduler_job_runner.py:748} INFO - Trying to enqueue tasks: [<TaskInstance: data_ingestion_dag.upload_raw_to_gcs_task scheduled__1996-01-01T00:00:00+00:00 [scheduled]>] for executor: LocalExecutor(parallelism=32)
[2025-04-13T19:01:59.826-0400] {scheduler_job_runner.py:692} INFO - Sending TaskInstanceKey(dag_id='data_ingestion_dag', task_id='upload_raw_to_gcs_task', run_id='scheduled__1996-01-01T00:00:00+00:00', try_number=2, map_index=-1) to LocalExecutor with priority 5 and queue default
[2025-04-13T19:01:59.826-0400] {base_executor.py:169} INFO - Adding to queue: ['airflow', 'tasks', 'run', 'data_ingestion_dag', 'upload_raw_to_gcs_task', 'scheduled__1996-01-01T00:00:00+00:00', '--local', '--subdir', 'DAGS_FOLDER/ingest_data_dag.py']
[2025-04-13T19:01:59.829-0400] {scheduler_job_runner.py:776} INFO - Received executor event with state success for task instance TaskInstanceKey(dag_id='data_ingestion_dag', task_id='ingest_data_task', run_id='scheduled__1996-01-01T00:00:00+00:00', try_number=3, map_index=-1)
[2025-04-13T19:01:59.829-0400] {local_executor.py:93} INFO - QueuedLocalWorker running ['airflow', 'tasks', 'run', 'data_ingestion_dag', 'upload_raw_to_gcs_task', 'scheduled__1996-01-01T00:00:00+00:00', '--local', '--subdir', 'DAGS_FOLDER/ingest_data_dag.py']
[2025-04-13T19:01:59.833-0400] {scheduler_job_runner.py:813} INFO - TaskInstance Finished: dag_id=data_ingestion_dag, task_id=ingest_data_task, run_id=scheduled__1996-01-01T00:00:00+00:00, map_index=-1, run_start_date=2025-04-13 23:01:53.219654+00:00, run_end_date=2025-04-13 23:01:59.427166+00:00, run_duration=6.207512, state=success, executor=LocalExecutor(parallelism=32), executor_state=success, try_number=3, max_tries=3, job_id=25, pool=default_pool, queue=default, priority_weight=6, operator=BashOperator, queued_dttm=2025-04-13 23:01:53.100347+00:00, queued_by_job_id=1, pid=14595
[2025-04-13T19:01:59.848-0400] {dagbag.py:588} INFO - Filling up the DagBag from /home/aguan/ontario-sunshine-salary-dashboard/airflow/dags/ingest_data_dag.py
[2025-04-13T19:01:59.879-0400] {task_command.py:467} INFO - Running <TaskInstance: data_ingestion_dag.upload_raw_to_gcs_task scheduled__1996-01-01T00:00:00+00:00 [queued]> on host aguan-pc2.
[2025-04-13T19:01:59.903-0400] {scheduler_job_runner.py:435} INFO - 1 tasks up for execution:
	<TaskInstance: data_ingestion_dag.ingest_data_task scheduled__1998-01-01T00:00:00+00:00 [scheduled]>
[2025-04-13T19:01:59.903-0400] {scheduler_job_runner.py:507} INFO - DAG data_ingestion_dag has 3/16 running and queued tasks
[2025-04-13T19:01:59.904-0400] {scheduler_job_runner.py:646} INFO - Setting the following tasks to queued state:
	<TaskInstance: data_ingestion_dag.ingest_data_task scheduled__1998-01-01T00:00:00+00:00 [scheduled]>
[2025-04-13T19:01:59.905-0400] {scheduler_job_runner.py:748} INFO - Trying to enqueue tasks: [<TaskInstance: data_ingestion_dag.ingest_data_task scheduled__1998-01-01T00:00:00+00:00 [scheduled]>] for executor: LocalExecutor(parallelism=32)
[2025-04-13T19:01:59.905-0400] {scheduler_job_runner.py:692} INFO - Sending TaskInstanceKey(dag_id='data_ingestion_dag', task_id='ingest_data_task', run_id='scheduled__1998-01-01T00:00:00+00:00', try_number=3, map_index=-1) to LocalExecutor with priority 6 and queue default
[2025-04-13T19:01:59.905-0400] {base_executor.py:169} INFO - Adding to queue: ['airflow', 'tasks', 'run', 'data_ingestion_dag', 'ingest_data_task', 'scheduled__1998-01-01T00:00:00+00:00', '--local', '--subdir', 'DAGS_FOLDER/ingest_data_dag.py']
[2025-04-13T19:01:59.909-0400] {local_executor.py:93} INFO - QueuedLocalWorker running ['airflow', 'tasks', 'run', 'data_ingestion_dag', 'ingest_data_task', 'scheduled__1998-01-01T00:00:00+00:00', '--local', '--subdir', 'DAGS_FOLDER/ingest_data_dag.py']
[2025-04-13T19:01:59.930-0400] {dagbag.py:588} INFO - Filling up the DagBag from /home/aguan/ontario-sunshine-salary-dashboard/airflow/dags/ingest_data_dag.py
[2025-04-13T19:01:59.964-0400] {task_command.py:467} INFO - Running <TaskInstance: data_ingestion_dag.ingest_data_task scheduled__1998-01-01T00:00:00+00:00 [queued]> on host aguan-pc2.
[2025-04-13T19:02:03.185-0400] {scheduler_job_runner.py:435} INFO - 1 tasks up for execution:
	<TaskInstance: data_ingestion_dag.upload_raw_to_gcs_task scheduled__1997-01-01T00:00:00+00:00 [scheduled]>
[2025-04-13T19:02:03.185-0400] {scheduler_job_runner.py:507} INFO - DAG data_ingestion_dag has 3/16 running and queued tasks
[2025-04-13T19:02:03.185-0400] {scheduler_job_runner.py:646} INFO - Setting the following tasks to queued state:
	<TaskInstance: data_ingestion_dag.upload_raw_to_gcs_task scheduled__1997-01-01T00:00:00+00:00 [scheduled]>
[2025-04-13T19:02:03.186-0400] {scheduler_job_runner.py:748} INFO - Trying to enqueue tasks: [<TaskInstance: data_ingestion_dag.upload_raw_to_gcs_task scheduled__1997-01-01T00:00:00+00:00 [scheduled]>] for executor: LocalExecutor(parallelism=32)
[2025-04-13T19:02:03.187-0400] {scheduler_job_runner.py:692} INFO - Sending TaskInstanceKey(dag_id='data_ingestion_dag', task_id='upload_raw_to_gcs_task', run_id='scheduled__1997-01-01T00:00:00+00:00', try_number=2, map_index=-1) to LocalExecutor with priority 5 and queue default
[2025-04-13T19:02:03.187-0400] {base_executor.py:169} INFO - Adding to queue: ['airflow', 'tasks', 'run', 'data_ingestion_dag', 'upload_raw_to_gcs_task', 'scheduled__1997-01-01T00:00:00+00:00', '--local', '--subdir', 'DAGS_FOLDER/ingest_data_dag.py']
[2025-04-13T19:02:03.190-0400] {scheduler_job_runner.py:776} INFO - Received executor event with state success for task instance TaskInstanceKey(dag_id='data_ingestion_dag', task_id='ingest_data_task', run_id='scheduled__1997-01-01T00:00:00+00:00', try_number=3, map_index=-1)
[2025-04-13T19:02:03.190-0400] {local_executor.py:93} INFO - QueuedLocalWorker running ['airflow', 'tasks', 'run', 'data_ingestion_dag', 'upload_raw_to_gcs_task', 'scheduled__1997-01-01T00:00:00+00:00', '--local', '--subdir', 'DAGS_FOLDER/ingest_data_dag.py']
[2025-04-13T19:02:03.194-0400] {scheduler_job_runner.py:813} INFO - TaskInstance Finished: dag_id=data_ingestion_dag, task_id=ingest_data_task, run_id=scheduled__1997-01-01T00:00:00+00:00, map_index=-1, run_start_date=2025-04-13 23:01:57.235082+00:00, run_end_date=2025-04-13 23:02:02.650147+00:00, run_duration=5.415065, state=success, executor=LocalExecutor(parallelism=32), executor_state=success, try_number=3, max_tries=3, job_id=26, pool=default_pool, queue=default, priority_weight=6, operator=BashOperator, queued_dttm=2025-04-13 23:01:57.099268+00:00, queued_by_job_id=1, pid=14611
[2025-04-13T19:02:03.211-0400] {dagbag.py:588} INFO - Filling up the DagBag from /home/aguan/ontario-sunshine-salary-dashboard/airflow/dags/ingest_data_dag.py
[2025-04-13T19:02:03.246-0400] {task_command.py:467} INFO - Running <TaskInstance: data_ingestion_dag.upload_raw_to_gcs_task scheduled__1997-01-01T00:00:00+00:00 [queued]> on host aguan-pc2.
[2025-04-13T19:02:03.251-0400] {dagrun.py:823} ERROR - Marking run <DagRun data_ingestion_dag @ 2025-04-13 22:54:11.715963+00:00: manual__2025-04-13T22:54:11.715963+00:00, state:running, queued_at: 2025-04-13 22:54:11.724149+00:00. externally triggered: True> failed
[2025-04-13T19:02:03.252-0400] {dagrun.py:905} INFO - DagRun Finished: dag_id=data_ingestion_dag, execution_date=2025-04-13 22:54:11.715963+00:00, run_id=manual__2025-04-13T22:54:11.715963+00:00, run_start_date=2025-04-13 22:58:02.926039+00:00, run_end_date=2025-04-13 23:02:03.252130+00:00, run_duration=240.326091, state=failed, external_trigger=True, run_type=manual, data_interval_start=2024-01-01 00:00:00+00:00, data_interval_end=2025-01-01 00:00:00+00:00, dag_hash=bcef3e37f1accf53097d562d78be0b2d
[2025-04-13T19:02:04.334-0400] {scheduler_job_runner.py:435} INFO - 1 tasks up for execution:
	<TaskInstance: data_ingestion_dag.ingest_data_task scheduled__1999-01-01T00:00:00+00:00 [scheduled]>
[2025-04-13T19:02:04.335-0400] {scheduler_job_runner.py:507} INFO - DAG data_ingestion_dag has 4/16 running and queued tasks
[2025-04-13T19:02:04.335-0400] {scheduler_job_runner.py:646} INFO - Setting the following tasks to queued state:
	<TaskInstance: data_ingestion_dag.ingest_data_task scheduled__1999-01-01T00:00:00+00:00 [scheduled]>
[2025-04-13T19:02:04.337-0400] {scheduler_job_runner.py:748} INFO - Trying to enqueue tasks: [<TaskInstance: data_ingestion_dag.ingest_data_task scheduled__1999-01-01T00:00:00+00:00 [scheduled]>] for executor: LocalExecutor(parallelism=32)
[2025-04-13T19:02:04.337-0400] {scheduler_job_runner.py:692} INFO - Sending TaskInstanceKey(dag_id='data_ingestion_dag', task_id='ingest_data_task', run_id='scheduled__1999-01-01T00:00:00+00:00', try_number=3, map_index=-1) to LocalExecutor with priority 6 and queue default
[2025-04-13T19:02:04.338-0400] {base_executor.py:169} INFO - Adding to queue: ['airflow', 'tasks', 'run', 'data_ingestion_dag', 'ingest_data_task', 'scheduled__1999-01-01T00:00:00+00:00', '--local', '--subdir', 'DAGS_FOLDER/ingest_data_dag.py']
[2025-04-13T19:02:04.341-0400] {local_executor.py:93} INFO - QueuedLocalWorker running ['airflow', 'tasks', 'run', 'data_ingestion_dag', 'ingest_data_task', 'scheduled__1999-01-01T00:00:00+00:00', '--local', '--subdir', 'DAGS_FOLDER/ingest_data_dag.py']
[2025-04-13T19:02:04.365-0400] {dagbag.py:588} INFO - Filling up the DagBag from /home/aguan/ontario-sunshine-salary-dashboard/airflow/dags/ingest_data_dag.py
[2025-04-13T19:02:04.407-0400] {task_command.py:467} INFO - Running <TaskInstance: data_ingestion_dag.ingest_data_task scheduled__1999-01-01T00:00:00+00:00 [queued]> on host aguan-pc2.
[2025-04-13T19:02:06.114-0400] {scheduler_job_runner.py:435} INFO - 1 tasks up for execution:
	<TaskInstance: data_ingestion_dag.upload_raw_to_gcs_task scheduled__1998-01-01T00:00:00+00:00 [scheduled]>
[2025-04-13T19:02:06.115-0400] {scheduler_job_runner.py:507} INFO - DAG data_ingestion_dag has 4/16 running and queued tasks
[2025-04-13T19:02:06.115-0400] {scheduler_job_runner.py:646} INFO - Setting the following tasks to queued state:
	<TaskInstance: data_ingestion_dag.upload_raw_to_gcs_task scheduled__1998-01-01T00:00:00+00:00 [scheduled]>
[2025-04-13T19:02:06.116-0400] {scheduler_job_runner.py:748} INFO - Trying to enqueue tasks: [<TaskInstance: data_ingestion_dag.upload_raw_to_gcs_task scheduled__1998-01-01T00:00:00+00:00 [scheduled]>] for executor: LocalExecutor(parallelism=32)
[2025-04-13T19:02:06.117-0400] {scheduler_job_runner.py:692} INFO - Sending TaskInstanceKey(dag_id='data_ingestion_dag', task_id='upload_raw_to_gcs_task', run_id='scheduled__1998-01-01T00:00:00+00:00', try_number=2, map_index=-1) to LocalExecutor with priority 5 and queue default
[2025-04-13T19:02:06.117-0400] {base_executor.py:169} INFO - Adding to queue: ['airflow', 'tasks', 'run', 'data_ingestion_dag', 'upload_raw_to_gcs_task', 'scheduled__1998-01-01T00:00:00+00:00', '--local', '--subdir', 'DAGS_FOLDER/ingest_data_dag.py']
[2025-04-13T19:02:06.120-0400] {scheduler_job_runner.py:776} INFO - Received executor event with state success for task instance TaskInstanceKey(dag_id='data_ingestion_dag', task_id='ingest_data_task', run_id='scheduled__1998-01-01T00:00:00+00:00', try_number=3, map_index=-1)
[2025-04-13T19:02:06.120-0400] {local_executor.py:93} INFO - QueuedLocalWorker running ['airflow', 'tasks', 'run', 'data_ingestion_dag', 'upload_raw_to_gcs_task', 'scheduled__1998-01-01T00:00:00+00:00', '--local', '--subdir', 'DAGS_FOLDER/ingest_data_dag.py']
[2025-04-13T19:02:06.124-0400] {scheduler_job_runner.py:813} INFO - TaskInstance Finished: dag_id=data_ingestion_dag, task_id=ingest_data_task, run_id=scheduled__1998-01-01T00:00:00+00:00, map_index=-1, run_start_date=2025-04-13 23:02:00.025680+00:00, run_end_date=2025-04-13 23:02:05.366803+00:00, run_duration=5.341123, state=success, executor=LocalExecutor(parallelism=32), executor_state=success, try_number=3, max_tries=3, job_id=28, pool=default_pool, queue=default, priority_weight=6, operator=BashOperator, queued_dttm=2025-04-13 23:01:59.904407+00:00, queued_by_job_id=1, pid=14624
[2025-04-13T19:02:06.142-0400] {dagbag.py:588} INFO - Filling up the DagBag from /home/aguan/ontario-sunshine-salary-dashboard/airflow/dags/ingest_data_dag.py
[2025-04-13T19:02:06.179-0400] {task_command.py:467} INFO - Running <TaskInstance: data_ingestion_dag.upload_raw_to_gcs_task scheduled__1998-01-01T00:00:00+00:00 [queued]> on host aguan-pc2.
[2025-04-13T19:02:09.385-0400] {scheduler_job_runner.py:435} INFO - 1 tasks up for execution:
	<TaskInstance: data_ingestion_dag.upload_raw_to_gcs_task scheduled__1999-01-01T00:00:00+00:00 [scheduled]>
[2025-04-13T19:02:09.385-0400] {scheduler_job_runner.py:507} INFO - DAG data_ingestion_dag has 4/16 running and queued tasks
[2025-04-13T19:02:09.385-0400] {scheduler_job_runner.py:646} INFO - Setting the following tasks to queued state:
	<TaskInstance: data_ingestion_dag.upload_raw_to_gcs_task scheduled__1999-01-01T00:00:00+00:00 [scheduled]>
[2025-04-13T19:02:09.387-0400] {scheduler_job_runner.py:748} INFO - Trying to enqueue tasks: [<TaskInstance: data_ingestion_dag.upload_raw_to_gcs_task scheduled__1999-01-01T00:00:00+00:00 [scheduled]>] for executor: LocalExecutor(parallelism=32)
[2025-04-13T19:02:09.387-0400] {scheduler_job_runner.py:692} INFO - Sending TaskInstanceKey(dag_id='data_ingestion_dag', task_id='upload_raw_to_gcs_task', run_id='scheduled__1999-01-01T00:00:00+00:00', try_number=2, map_index=-1) to LocalExecutor with priority 5 and queue default
[2025-04-13T19:02:09.387-0400] {base_executor.py:169} INFO - Adding to queue: ['airflow', 'tasks', 'run', 'data_ingestion_dag', 'upload_raw_to_gcs_task', 'scheduled__1999-01-01T00:00:00+00:00', '--local', '--subdir', 'DAGS_FOLDER/ingest_data_dag.py']
[2025-04-13T19:02:09.390-0400] {scheduler_job_runner.py:776} INFO - Received executor event with state success for task instance TaskInstanceKey(dag_id='data_ingestion_dag', task_id='ingest_data_task', run_id='scheduled__1999-01-01T00:00:00+00:00', try_number=3, map_index=-1)
[2025-04-13T19:02:09.390-0400] {local_executor.py:93} INFO - QueuedLocalWorker running ['airflow', 'tasks', 'run', 'data_ingestion_dag', 'upload_raw_to_gcs_task', 'scheduled__1999-01-01T00:00:00+00:00', '--local', '--subdir', 'DAGS_FOLDER/ingest_data_dag.py']
[2025-04-13T19:02:09.394-0400] {scheduler_job_runner.py:813} INFO - TaskInstance Finished: dag_id=data_ingestion_dag, task_id=ingest_data_task, run_id=scheduled__1999-01-01T00:00:00+00:00, map_index=-1, run_start_date=2025-04-13 23:02:04.468826+00:00, run_end_date=2025-04-13 23:02:09.008629+00:00, run_duration=4.539803, state=success, executor=LocalExecutor(parallelism=32), executor_state=success, try_number=3, max_tries=3, job_id=30, pool=default_pool, queue=default, priority_weight=6, operator=BashOperator, queued_dttm=2025-04-13 23:02:04.336248+00:00, queued_by_job_id=1, pid=14645
[2025-04-13T19:02:09.412-0400] {dagbag.py:588} INFO - Filling up the DagBag from /home/aguan/ontario-sunshine-salary-dashboard/airflow/dags/ingest_data_dag.py
[2025-04-13T19:02:09.448-0400] {task_command.py:467} INFO - Running <TaskInstance: data_ingestion_dag.upload_raw_to_gcs_task scheduled__1999-01-01T00:00:00+00:00 [queued]> on host aguan-pc2.
[2025-04-13T19:04:24.245-0400] {scheduler_job_runner.py:1949} INFO - Adopting or resetting orphaned tasks for active dag runs
[2025-04-13T19:05:10.462-0400] {scheduler_job_runner.py:435} INFO - 1 tasks up for execution:
	<TaskInstance: data_ingestion_dag.merge_raw_files_task scheduled__1996-01-01T00:00:00+00:00 [scheduled]>
[2025-04-13T19:05:10.462-0400] {scheduler_job_runner.py:507} INFO - DAG data_ingestion_dag has 4/16 running and queued tasks
[2025-04-13T19:05:10.463-0400] {scheduler_job_runner.py:646} INFO - Setting the following tasks to queued state:
	<TaskInstance: data_ingestion_dag.merge_raw_files_task scheduled__1996-01-01T00:00:00+00:00 [scheduled]>
[2025-04-13T19:05:10.464-0400] {scheduler_job_runner.py:748} INFO - Trying to enqueue tasks: [<TaskInstance: data_ingestion_dag.merge_raw_files_task scheduled__1996-01-01T00:00:00+00:00 [scheduled]>] for executor: LocalExecutor(parallelism=32)
[2025-04-13T19:05:10.465-0400] {scheduler_job_runner.py:692} INFO - Sending TaskInstanceKey(dag_id='data_ingestion_dag', task_id='merge_raw_files_task', run_id='scheduled__1996-01-01T00:00:00+00:00', try_number=1, map_index=-1) to LocalExecutor with priority 4 and queue default
[2025-04-13T19:05:10.465-0400] {base_executor.py:169} INFO - Adding to queue: ['airflow', 'tasks', 'run', 'data_ingestion_dag', 'merge_raw_files_task', 'scheduled__1996-01-01T00:00:00+00:00', '--local', '--subdir', 'DAGS_FOLDER/ingest_data_dag.py']
[2025-04-13T19:05:10.468-0400] {scheduler_job_runner.py:776} INFO - Received executor event with state success for task instance TaskInstanceKey(dag_id='data_ingestion_dag', task_id='upload_raw_to_gcs_task', run_id='scheduled__1996-01-01T00:00:00+00:00', try_number=2, map_index=-1)
[2025-04-13T19:05:10.468-0400] {local_executor.py:93} INFO - QueuedLocalWorker running ['airflow', 'tasks', 'run', 'data_ingestion_dag', 'merge_raw_files_task', 'scheduled__1996-01-01T00:00:00+00:00', '--local', '--subdir', 'DAGS_FOLDER/ingest_data_dag.py']
[2025-04-13T19:05:10.472-0400] {scheduler_job_runner.py:813} INFO - TaskInstance Finished: dag_id=data_ingestion_dag, task_id=upload_raw_to_gcs_task, run_id=scheduled__1996-01-01T00:00:00+00:00, map_index=-1, run_start_date=2025-04-13 23:01:59.936755+00:00, run_end_date=2025-04-13 23:05:10.370700+00:00, run_duration=190.433945, state=success, executor=LocalExecutor(parallelism=32), executor_state=success, try_number=2, max_tries=2, job_id=27, pool=default_pool, queue=default, priority_weight=5, operator=BashOperator, queued_dttm=2025-04-13 23:01:59.825224+00:00, queued_by_job_id=1, pid=14622
[2025-04-13T19:05:10.489-0400] {dagbag.py:588} INFO - Filling up the DagBag from /home/aguan/ontario-sunshine-salary-dashboard/airflow/dags/ingest_data_dag.py
[2025-04-13T19:05:10.526-0400] {task_command.py:467} INFO - Running <TaskInstance: data_ingestion_dag.merge_raw_files_task scheduled__1996-01-01T00:00:00+00:00 [queued]> on host aguan-pc2.
[2025-04-13T19:05:18.999-0400] {scheduler_job_runner.py:435} INFO - 1 tasks up for execution:
	<TaskInstance: data_ingestion_dag.merge_raw_files_task scheduled__1997-01-01T00:00:00+00:00 [scheduled]>
[2025-04-13T19:05:18.999-0400] {scheduler_job_runner.py:507} INFO - DAG data_ingestion_dag has 4/16 running and queued tasks
[2025-04-13T19:05:18.999-0400] {scheduler_job_runner.py:646} INFO - Setting the following tasks to queued state:
	<TaskInstance: data_ingestion_dag.merge_raw_files_task scheduled__1997-01-01T00:00:00+00:00 [scheduled]>
[2025-04-13T19:05:19.001-0400] {scheduler_job_runner.py:748} INFO - Trying to enqueue tasks: [<TaskInstance: data_ingestion_dag.merge_raw_files_task scheduled__1997-01-01T00:00:00+00:00 [scheduled]>] for executor: LocalExecutor(parallelism=32)
[2025-04-13T19:05:19.001-0400] {scheduler_job_runner.py:692} INFO - Sending TaskInstanceKey(dag_id='data_ingestion_dag', task_id='merge_raw_files_task', run_id='scheduled__1997-01-01T00:00:00+00:00', try_number=1, map_index=-1) to LocalExecutor with priority 4 and queue default
[2025-04-13T19:05:19.001-0400] {base_executor.py:169} INFO - Adding to queue: ['airflow', 'tasks', 'run', 'data_ingestion_dag', 'merge_raw_files_task', 'scheduled__1997-01-01T00:00:00+00:00', '--local', '--subdir', 'DAGS_FOLDER/ingest_data_dag.py']
[2025-04-13T19:05:19.004-0400] {local_executor.py:93} INFO - QueuedLocalWorker running ['airflow', 'tasks', 'run', 'data_ingestion_dag', 'merge_raw_files_task', 'scheduled__1997-01-01T00:00:00+00:00', '--local', '--subdir', 'DAGS_FOLDER/ingest_data_dag.py']
[2025-04-13T19:05:19.004-0400] {scheduler_job_runner.py:776} INFO - Received executor event with state success for task instance TaskInstanceKey(dag_id='data_ingestion_dag', task_id='upload_raw_to_gcs_task', run_id='scheduled__1997-01-01T00:00:00+00:00', try_number=2, map_index=-1)
[2025-04-13T19:05:19.008-0400] {scheduler_job_runner.py:813} INFO - TaskInstance Finished: dag_id=data_ingestion_dag, task_id=upload_raw_to_gcs_task, run_id=scheduled__1997-01-01T00:00:00+00:00, map_index=-1, run_start_date=2025-04-13 23:02:03.309127+00:00, run_end_date=2025-04-13 23:05:18.018406+00:00, run_duration=194.709279, state=success, executor=LocalExecutor(parallelism=32), executor_state=success, try_number=2, max_tries=2, job_id=29, pool=default_pool, queue=default, priority_weight=5, operator=BashOperator, queued_dttm=2025-04-13 23:02:03.185934+00:00, queued_by_job_id=1, pid=14641
[2025-04-13T19:05:19.024-0400] {dagbag.py:588} INFO - Filling up the DagBag from /home/aguan/ontario-sunshine-salary-dashboard/airflow/dags/ingest_data_dag.py
[2025-04-13T19:05:19.058-0400] {task_command.py:467} INFO - Running <TaskInstance: data_ingestion_dag.merge_raw_files_task scheduled__1997-01-01T00:00:00+00:00 [queued]> on host aguan-pc2.
[2025-04-13T19:05:21.499-0400] {scheduler_job_runner.py:435} INFO - 1 tasks up for execution:
	<TaskInstance: data_ingestion_dag.merge_raw_files_task scheduled__1998-01-01T00:00:00+00:00 [scheduled]>
[2025-04-13T19:05:21.500-0400] {scheduler_job_runner.py:507} INFO - DAG data_ingestion_dag has 4/16 running and queued tasks
[2025-04-13T19:05:21.500-0400] {scheduler_job_runner.py:646} INFO - Setting the following tasks to queued state:
	<TaskInstance: data_ingestion_dag.merge_raw_files_task scheduled__1998-01-01T00:00:00+00:00 [scheduled]>
[2025-04-13T19:05:21.501-0400] {scheduler_job_runner.py:748} INFO - Trying to enqueue tasks: [<TaskInstance: data_ingestion_dag.merge_raw_files_task scheduled__1998-01-01T00:00:00+00:00 [scheduled]>] for executor: LocalExecutor(parallelism=32)
[2025-04-13T19:05:21.501-0400] {scheduler_job_runner.py:692} INFO - Sending TaskInstanceKey(dag_id='data_ingestion_dag', task_id='merge_raw_files_task', run_id='scheduled__1998-01-01T00:00:00+00:00', try_number=1, map_index=-1) to LocalExecutor with priority 4 and queue default
[2025-04-13T19:05:21.501-0400] {base_executor.py:169} INFO - Adding to queue: ['airflow', 'tasks', 'run', 'data_ingestion_dag', 'merge_raw_files_task', 'scheduled__1998-01-01T00:00:00+00:00', '--local', '--subdir', 'DAGS_FOLDER/ingest_data_dag.py']
[2025-04-13T19:05:21.504-0400] {scheduler_job_runner.py:776} INFO - Received executor event with state success for task instance TaskInstanceKey(dag_id='data_ingestion_dag', task_id='upload_raw_to_gcs_task', run_id='scheduled__1998-01-01T00:00:00+00:00', try_number=2, map_index=-1)
[2025-04-13T19:05:21.504-0400] {local_executor.py:93} INFO - QueuedLocalWorker running ['airflow', 'tasks', 'run', 'data_ingestion_dag', 'merge_raw_files_task', 'scheduled__1998-01-01T00:00:00+00:00', '--local', '--subdir', 'DAGS_FOLDER/ingest_data_dag.py']
[2025-04-13T19:05:21.507-0400] {scheduler_job_runner.py:813} INFO - TaskInstance Finished: dag_id=data_ingestion_dag, task_id=upload_raw_to_gcs_task, run_id=scheduled__1998-01-01T00:00:00+00:00, map_index=-1, run_start_date=2025-04-13 23:02:06.241128+00:00, run_end_date=2025-04-13 23:05:20.896270+00:00, run_duration=194.655142, state=success, executor=LocalExecutor(parallelism=32), executor_state=success, try_number=2, max_tries=2, job_id=31, pool=default_pool, queue=default, priority_weight=5, operator=BashOperator, queued_dttm=2025-04-13 23:02:06.115820+00:00, queued_by_job_id=1, pid=14655
[2025-04-13T19:05:21.522-0400] {dagbag.py:588} INFO - Filling up the DagBag from /home/aguan/ontario-sunshine-salary-dashboard/airflow/dags/ingest_data_dag.py
[2025-04-13T19:05:21.556-0400] {task_command.py:467} INFO - Running <TaskInstance: data_ingestion_dag.merge_raw_files_task scheduled__1998-01-01T00:00:00+00:00 [queued]> on host aguan-pc2.
[2025-04-13T19:05:22.889-0400] {scheduler_job_runner.py:435} INFO - 1 tasks up for execution:
	<TaskInstance: data_ingestion_dag.merge_raw_files_task scheduled__1999-01-01T00:00:00+00:00 [scheduled]>
[2025-04-13T19:05:22.890-0400] {scheduler_job_runner.py:507} INFO - DAG data_ingestion_dag has 4/16 running and queued tasks
[2025-04-13T19:05:22.890-0400] {scheduler_job_runner.py:646} INFO - Setting the following tasks to queued state:
	<TaskInstance: data_ingestion_dag.merge_raw_files_task scheduled__1999-01-01T00:00:00+00:00 [scheduled]>
[2025-04-13T19:05:22.891-0400] {scheduler_job_runner.py:748} INFO - Trying to enqueue tasks: [<TaskInstance: data_ingestion_dag.merge_raw_files_task scheduled__1999-01-01T00:00:00+00:00 [scheduled]>] for executor: LocalExecutor(parallelism=32)
[2025-04-13T19:05:22.891-0400] {scheduler_job_runner.py:692} INFO - Sending TaskInstanceKey(dag_id='data_ingestion_dag', task_id='merge_raw_files_task', run_id='scheduled__1999-01-01T00:00:00+00:00', try_number=1, map_index=-1) to LocalExecutor with priority 4 and queue default
[2025-04-13T19:05:22.892-0400] {base_executor.py:169} INFO - Adding to queue: ['airflow', 'tasks', 'run', 'data_ingestion_dag', 'merge_raw_files_task', 'scheduled__1999-01-01T00:00:00+00:00', '--local', '--subdir', 'DAGS_FOLDER/ingest_data_dag.py']
[2025-04-13T19:05:22.894-0400] {scheduler_job_runner.py:776} INFO - Received executor event with state success for task instance TaskInstanceKey(dag_id='data_ingestion_dag', task_id='upload_raw_to_gcs_task', run_id='scheduled__1999-01-01T00:00:00+00:00', try_number=2, map_index=-1)
[2025-04-13T19:05:22.894-0400] {local_executor.py:93} INFO - QueuedLocalWorker running ['airflow', 'tasks', 'run', 'data_ingestion_dag', 'merge_raw_files_task', 'scheduled__1999-01-01T00:00:00+00:00', '--local', '--subdir', 'DAGS_FOLDER/ingest_data_dag.py']
[2025-04-13T19:05:22.898-0400] {scheduler_job_runner.py:813} INFO - TaskInstance Finished: dag_id=data_ingestion_dag, task_id=upload_raw_to_gcs_task, run_id=scheduled__1999-01-01T00:00:00+00:00, map_index=-1, run_start_date=2025-04-13 23:02:09.512575+00:00, run_end_date=2025-04-13 23:05:22.459088+00:00, run_duration=192.946513, state=success, executor=LocalExecutor(parallelism=32), executor_state=success, try_number=2, max_tries=2, job_id=32, pool=default_pool, queue=default, priority_weight=5, operator=BashOperator, queued_dttm=2025-04-13 23:02:09.386018+00:00, queued_by_job_id=1, pid=14671
[2025-04-13T19:05:22.915-0400] {dagbag.py:588} INFO - Filling up the DagBag from /home/aguan/ontario-sunshine-salary-dashboard/airflow/dags/ingest_data_dag.py
[2025-04-13T19:05:22.948-0400] {task_command.py:467} INFO - Running <TaskInstance: data_ingestion_dag.merge_raw_files_task scheduled__1999-01-01T00:00:00+00:00 [queued]> on host aguan-pc2.
[2025-04-13T19:06:47.787-0400] {scheduler_job_runner.py:435} INFO - 1 tasks up for execution:
	<TaskInstance: data_ingestion_dag.validate_merge_task scheduled__2000-01-01T00:00:00+00:00 [scheduled]>
[2025-04-13T19:06:47.788-0400] {scheduler_job_runner.py:507} INFO - DAG data_ingestion_dag has 4/16 running and queued tasks
[2025-04-13T19:06:47.788-0400] {scheduler_job_runner.py:646} INFO - Setting the following tasks to queued state:
	<TaskInstance: data_ingestion_dag.validate_merge_task scheduled__2000-01-01T00:00:00+00:00 [scheduled]>
[2025-04-13T19:06:47.789-0400] {scheduler_job_runner.py:748} INFO - Trying to enqueue tasks: [<TaskInstance: data_ingestion_dag.validate_merge_task scheduled__2000-01-01T00:00:00+00:00 [scheduled]>] for executor: LocalExecutor(parallelism=32)
[2025-04-13T19:06:47.789-0400] {scheduler_job_runner.py:692} INFO - Sending TaskInstanceKey(dag_id='data_ingestion_dag', task_id='validate_merge_task', run_id='scheduled__2000-01-01T00:00:00+00:00', try_number=1, map_index=-1) to LocalExecutor with priority 3 and queue default
[2025-04-13T19:06:47.789-0400] {base_executor.py:169} INFO - Adding to queue: ['airflow', 'tasks', 'run', 'data_ingestion_dag', 'validate_merge_task', 'scheduled__2000-01-01T00:00:00+00:00', '--local', '--subdir', 'DAGS_FOLDER/ingest_data_dag.py']
[2025-04-13T19:06:47.793-0400] {scheduler_job_runner.py:776} INFO - Received executor event with state success for task instance TaskInstanceKey(dag_id='data_ingestion_dag', task_id='merge_raw_files_task', run_id='scheduled__2000-01-01T00:00:00+00:00', try_number=1, map_index=-1)
[2025-04-13T19:06:47.793-0400] {local_executor.py:93} INFO - QueuedLocalWorker running ['airflow', 'tasks', 'run', 'data_ingestion_dag', 'validate_merge_task', 'scheduled__2000-01-01T00:00:00+00:00', '--local', '--subdir', 'DAGS_FOLDER/ingest_data_dag.py']
[2025-04-13T19:06:47.796-0400] {scheduler_job_runner.py:813} INFO - TaskInstance Finished: dag_id=data_ingestion_dag, task_id=merge_raw_files_task, run_id=scheduled__2000-01-01T00:00:00+00:00, map_index=-1, run_start_date=2025-04-13 23:00:59.122031+00:00, run_end_date=2025-04-13 23:06:47.511005+00:00, run_duration=348.388974, state=success, executor=LocalExecutor(parallelism=32), executor_state=success, try_number=1, max_tries=1, job_id=24, pool=default_pool, queue=default, priority_weight=4, operator=BashOperator, queued_dttm=2025-04-13 23:00:58.995399+00:00, queued_by_job_id=1, pid=14388
[2025-04-13T19:06:47.815-0400] {dagbag.py:588} INFO - Filling up the DagBag from /home/aguan/ontario-sunshine-salary-dashboard/airflow/dags/ingest_data_dag.py
[2025-04-13T19:06:47.853-0400] {task_command.py:467} INFO - Running <TaskInstance: data_ingestion_dag.validate_merge_task scheduled__2000-01-01T00:00:00+00:00 [queued]> on host aguan-pc2.
[2025-04-13T19:09:16.581-0400] {scheduler_job_runner.py:435} INFO - 1 tasks up for execution:
	<TaskInstance: data_ingestion_dag.clean_data_task scheduled__2000-01-01T00:00:00+00:00 [scheduled]>
[2025-04-13T19:09:16.582-0400] {scheduler_job_runner.py:507} INFO - DAG data_ingestion_dag has 4/16 running and queued tasks
[2025-04-13T19:09:16.582-0400] {scheduler_job_runner.py:646} INFO - Setting the following tasks to queued state:
	<TaskInstance: data_ingestion_dag.clean_data_task scheduled__2000-01-01T00:00:00+00:00 [scheduled]>
[2025-04-13T19:09:16.585-0400] {scheduler_job_runner.py:748} INFO - Trying to enqueue tasks: [<TaskInstance: data_ingestion_dag.clean_data_task scheduled__2000-01-01T00:00:00+00:00 [scheduled]>] for executor: LocalExecutor(parallelism=32)
[2025-04-13T19:09:16.585-0400] {scheduler_job_runner.py:692} INFO - Sending TaskInstanceKey(dag_id='data_ingestion_dag', task_id='clean_data_task', run_id='scheduled__2000-01-01T00:00:00+00:00', try_number=1, map_index=-1) to LocalExecutor with priority 2 and queue default
[2025-04-13T19:09:16.585-0400] {base_executor.py:169} INFO - Adding to queue: ['airflow', 'tasks', 'run', 'data_ingestion_dag', 'clean_data_task', 'scheduled__2000-01-01T00:00:00+00:00', '--local', '--subdir', 'DAGS_FOLDER/ingest_data_dag.py']
[2025-04-13T19:09:16.589-0400] {scheduler_job_runner.py:776} INFO - Received executor event with state success for task instance TaskInstanceKey(dag_id='data_ingestion_dag', task_id='validate_merge_task', run_id='scheduled__2000-01-01T00:00:00+00:00', try_number=1, map_index=-1)
[2025-04-13T19:09:16.589-0400] {local_executor.py:93} INFO - QueuedLocalWorker running ['airflow', 'tasks', 'run', 'data_ingestion_dag', 'clean_data_task', 'scheduled__2000-01-01T00:00:00+00:00', '--local', '--subdir', 'DAGS_FOLDER/ingest_data_dag.py']
[2025-04-13T19:09:16.593-0400] {scheduler_job_runner.py:813} INFO - TaskInstance Finished: dag_id=data_ingestion_dag, task_id=validate_merge_task, run_id=scheduled__2000-01-01T00:00:00+00:00, map_index=-1, run_start_date=2025-04-13 23:06:47.917014+00:00, run_end_date=2025-04-13 23:09:15.864403+00:00, run_duration=147.947389, state=success, executor=LocalExecutor(parallelism=32), executor_state=success, try_number=1, max_tries=1, job_id=37, pool=default_pool, queue=default, priority_weight=3, operator=BashOperator, queued_dttm=2025-04-13 23:06:47.788625+00:00, queued_by_job_id=1, pid=15690
[2025-04-13T19:09:16.615-0400] {dagbag.py:588} INFO - Filling up the DagBag from /home/aguan/ontario-sunshine-salary-dashboard/airflow/dags/ingest_data_dag.py
[2025-04-13T19:09:16.665-0400] {task_command.py:467} INFO - Running <TaskInstance: data_ingestion_dag.clean_data_task scheduled__2000-01-01T00:00:00+00:00 [queued]> on host aguan-pc2.
[2025-04-13T19:09:23.213-0400] {scheduler_job_runner.py:1949} INFO - Adopting or resetting orphaned tasks for active dag runs
[2025-04-13T19:10:38.498-0400] {scheduler_job_runner.py:435} INFO - 1 tasks up for execution:
	<TaskInstance: data_ingestion_dag.validate_merge_task scheduled__1996-01-01T00:00:00+00:00 [scheduled]>
[2025-04-13T19:10:38.498-0400] {scheduler_job_runner.py:507} INFO - DAG data_ingestion_dag has 4/16 running and queued tasks
[2025-04-13T19:10:38.499-0400] {scheduler_job_runner.py:646} INFO - Setting the following tasks to queued state:
	<TaskInstance: data_ingestion_dag.validate_merge_task scheduled__1996-01-01T00:00:00+00:00 [scheduled]>
[2025-04-13T19:10:38.500-0400] {scheduler_job_runner.py:748} INFO - Trying to enqueue tasks: [<TaskInstance: data_ingestion_dag.validate_merge_task scheduled__1996-01-01T00:00:00+00:00 [scheduled]>] for executor: LocalExecutor(parallelism=32)
[2025-04-13T19:10:38.500-0400] {scheduler_job_runner.py:692} INFO - Sending TaskInstanceKey(dag_id='data_ingestion_dag', task_id='validate_merge_task', run_id='scheduled__1996-01-01T00:00:00+00:00', try_number=1, map_index=-1) to LocalExecutor with priority 3 and queue default
[2025-04-13T19:10:38.501-0400] {base_executor.py:169} INFO - Adding to queue: ['airflow', 'tasks', 'run', 'data_ingestion_dag', 'validate_merge_task', 'scheduled__1996-01-01T00:00:00+00:00', '--local', '--subdir', 'DAGS_FOLDER/ingest_data_dag.py']
[2025-04-13T19:10:38.504-0400] {scheduler_job_runner.py:776} INFO - Received executor event with state success for task instance TaskInstanceKey(dag_id='data_ingestion_dag', task_id='merge_raw_files_task', run_id='scheduled__1996-01-01T00:00:00+00:00', try_number=1, map_index=-1)
[2025-04-13T19:10:38.504-0400] {local_executor.py:93} INFO - QueuedLocalWorker running ['airflow', 'tasks', 'run', 'data_ingestion_dag', 'validate_merge_task', 'scheduled__1996-01-01T00:00:00+00:00', '--local', '--subdir', 'DAGS_FOLDER/ingest_data_dag.py']
[2025-04-13T19:10:38.507-0400] {scheduler_job_runner.py:813} INFO - TaskInstance Finished: dag_id=data_ingestion_dag, task_id=merge_raw_files_task, run_id=scheduled__1996-01-01T00:00:00+00:00, map_index=-1, run_start_date=2025-04-13 23:05:10.595477+00:00, run_end_date=2025-04-13 23:10:38.013254+00:00, run_duration=327.417777, state=success, executor=LocalExecutor(parallelism=32), executor_state=success, try_number=1, max_tries=1, job_id=33, pool=default_pool, queue=default, priority_weight=4, operator=BashOperator, queued_dttm=2025-04-13 23:05:10.463460+00:00, queued_by_job_id=1, pid=15241
[2025-04-13T19:10:38.526-0400] {dagbag.py:588} INFO - Filling up the DagBag from /home/aguan/ontario-sunshine-salary-dashboard/airflow/dags/ingest_data_dag.py
[2025-04-13T19:10:38.567-0400] {task_command.py:467} INFO - Running <TaskInstance: data_ingestion_dag.validate_merge_task scheduled__1996-01-01T00:00:00+00:00 [queued]> on host aguan-pc2.
[2025-04-13T19:10:46.475-0400] {scheduler_job_runner.py:435} INFO - 1 tasks up for execution:
	<TaskInstance: data_ingestion_dag.validate_merge_task scheduled__1998-01-01T00:00:00+00:00 [scheduled]>
[2025-04-13T19:10:46.476-0400] {scheduler_job_runner.py:507} INFO - DAG data_ingestion_dag has 4/16 running and queued tasks
[2025-04-13T19:10:46.476-0400] {scheduler_job_runner.py:646} INFO - Setting the following tasks to queued state:
	<TaskInstance: data_ingestion_dag.validate_merge_task scheduled__1998-01-01T00:00:00+00:00 [scheduled]>
[2025-04-13T19:10:46.479-0400] {scheduler_job_runner.py:748} INFO - Trying to enqueue tasks: [<TaskInstance: data_ingestion_dag.validate_merge_task scheduled__1998-01-01T00:00:00+00:00 [scheduled]>] for executor: LocalExecutor(parallelism=32)
[2025-04-13T19:10:46.479-0400] {scheduler_job_runner.py:692} INFO - Sending TaskInstanceKey(dag_id='data_ingestion_dag', task_id='validate_merge_task', run_id='scheduled__1998-01-01T00:00:00+00:00', try_number=1, map_index=-1) to LocalExecutor with priority 3 and queue default
[2025-04-13T19:10:46.479-0400] {base_executor.py:169} INFO - Adding to queue: ['airflow', 'tasks', 'run', 'data_ingestion_dag', 'validate_merge_task', 'scheduled__1998-01-01T00:00:00+00:00', '--local', '--subdir', 'DAGS_FOLDER/ingest_data_dag.py']
[2025-04-13T19:10:46.483-0400] {scheduler_job_runner.py:776} INFO - Received executor event with state success for task instance TaskInstanceKey(dag_id='data_ingestion_dag', task_id='merge_raw_files_task', run_id='scheduled__1998-01-01T00:00:00+00:00', try_number=1, map_index=-1)
[2025-04-13T19:10:46.483-0400] {local_executor.py:93} INFO - QueuedLocalWorker running ['airflow', 'tasks', 'run', 'data_ingestion_dag', 'validate_merge_task', 'scheduled__1998-01-01T00:00:00+00:00', '--local', '--subdir', 'DAGS_FOLDER/ingest_data_dag.py']
[2025-04-13T19:10:46.486-0400] {scheduler_job_runner.py:813} INFO - TaskInstance Finished: dag_id=data_ingestion_dag, task_id=merge_raw_files_task, run_id=scheduled__1998-01-01T00:00:00+00:00, map_index=-1, run_start_date=2025-04-13 23:05:21.616796+00:00, run_end_date=2025-04-13 23:10:45.355304+00:00, run_duration=323.738508, state=success, executor=LocalExecutor(parallelism=32), executor_state=success, try_number=1, max_tries=1, job_id=35, pool=default_pool, queue=default, priority_weight=4, operator=BashOperator, queued_dttm=2025-04-13 23:05:21.500592+00:00, queued_by_job_id=1, pid=15353
[2025-04-13T19:10:46.505-0400] {dagbag.py:588} INFO - Filling up the DagBag from /home/aguan/ontario-sunshine-salary-dashboard/airflow/dags/ingest_data_dag.py
[2025-04-13T19:10:46.549-0400] {task_command.py:467} INFO - Running <TaskInstance: data_ingestion_dag.validate_merge_task scheduled__1998-01-01T00:00:00+00:00 [queued]> on host aguan-pc2.
[2025-04-13T19:10:57.615-0400] {scheduler_job_runner.py:435} INFO - 1 tasks up for execution:
	<TaskInstance: data_ingestion_dag.validate_merge_task scheduled__1997-01-01T00:00:00+00:00 [scheduled]>
[2025-04-13T19:10:57.615-0400] {scheduler_job_runner.py:507} INFO - DAG data_ingestion_dag has 4/16 running and queued tasks
[2025-04-13T19:10:57.615-0400] {scheduler_job_runner.py:646} INFO - Setting the following tasks to queued state:
	<TaskInstance: data_ingestion_dag.validate_merge_task scheduled__1997-01-01T00:00:00+00:00 [scheduled]>
[2025-04-13T19:10:57.617-0400] {scheduler_job_runner.py:748} INFO - Trying to enqueue tasks: [<TaskInstance: data_ingestion_dag.validate_merge_task scheduled__1997-01-01T00:00:00+00:00 [scheduled]>] for executor: LocalExecutor(parallelism=32)
[2025-04-13T19:10:57.617-0400] {scheduler_job_runner.py:692} INFO - Sending TaskInstanceKey(dag_id='data_ingestion_dag', task_id='validate_merge_task', run_id='scheduled__1997-01-01T00:00:00+00:00', try_number=1, map_index=-1) to LocalExecutor with priority 3 and queue default
[2025-04-13T19:10:57.618-0400] {base_executor.py:169} INFO - Adding to queue: ['airflow', 'tasks', 'run', 'data_ingestion_dag', 'validate_merge_task', 'scheduled__1997-01-01T00:00:00+00:00', '--local', '--subdir', 'DAGS_FOLDER/ingest_data_dag.py']
[2025-04-13T19:10:57.621-0400] {scheduler_job_runner.py:776} INFO - Received executor event with state success for task instance TaskInstanceKey(dag_id='data_ingestion_dag', task_id='merge_raw_files_task', run_id='scheduled__1997-01-01T00:00:00+00:00', try_number=1, map_index=-1)
[2025-04-13T19:10:57.620-0400] {local_executor.py:93} INFO - QueuedLocalWorker running ['airflow', 'tasks', 'run', 'data_ingestion_dag', 'validate_merge_task', 'scheduled__1997-01-01T00:00:00+00:00', '--local', '--subdir', 'DAGS_FOLDER/ingest_data_dag.py']
[2025-04-13T19:10:57.624-0400] {scheduler_job_runner.py:813} INFO - TaskInstance Finished: dag_id=data_ingestion_dag, task_id=merge_raw_files_task, run_id=scheduled__1997-01-01T00:00:00+00:00, map_index=-1, run_start_date=2025-04-13 23:05:19.118575+00:00, run_end_date=2025-04-13 23:10:56.959321+00:00, run_duration=337.840746, state=success, executor=LocalExecutor(parallelism=32), executor_state=success, try_number=1, max_tries=1, job_id=34, pool=default_pool, queue=default, priority_weight=4, operator=BashOperator, queued_dttm=2025-04-13 23:05:19.000286+00:00, queued_by_job_id=1, pid=15306
[2025-04-13T19:10:57.640-0400] {dagbag.py:588} INFO - Filling up the DagBag from /home/aguan/ontario-sunshine-salary-dashboard/airflow/dags/ingest_data_dag.py
[2025-04-13T19:10:57.673-0400] {task_command.py:467} INFO - Running <TaskInstance: data_ingestion_dag.validate_merge_task scheduled__1997-01-01T00:00:00+00:00 [queued]> on host aguan-pc2.
[2025-04-13T19:11:03.920-0400] {scheduler_job_runner.py:435} INFO - 1 tasks up for execution:
	<TaskInstance: data_ingestion_dag.validate_merge_task scheduled__1999-01-01T00:00:00+00:00 [scheduled]>
[2025-04-13T19:11:03.921-0400] {scheduler_job_runner.py:507} INFO - DAG data_ingestion_dag has 4/16 running and queued tasks
[2025-04-13T19:11:03.921-0400] {scheduler_job_runner.py:646} INFO - Setting the following tasks to queued state:
	<TaskInstance: data_ingestion_dag.validate_merge_task scheduled__1999-01-01T00:00:00+00:00 [scheduled]>
[2025-04-13T19:11:03.923-0400] {scheduler_job_runner.py:748} INFO - Trying to enqueue tasks: [<TaskInstance: data_ingestion_dag.validate_merge_task scheduled__1999-01-01T00:00:00+00:00 [scheduled]>] for executor: LocalExecutor(parallelism=32)
[2025-04-13T19:11:03.923-0400] {scheduler_job_runner.py:692} INFO - Sending TaskInstanceKey(dag_id='data_ingestion_dag', task_id='validate_merge_task', run_id='scheduled__1999-01-01T00:00:00+00:00', try_number=1, map_index=-1) to LocalExecutor with priority 3 and queue default
[2025-04-13T19:11:03.923-0400] {base_executor.py:169} INFO - Adding to queue: ['airflow', 'tasks', 'run', 'data_ingestion_dag', 'validate_merge_task', 'scheduled__1999-01-01T00:00:00+00:00', '--local', '--subdir', 'DAGS_FOLDER/ingest_data_dag.py']
[2025-04-13T19:11:03.926-0400] {scheduler_job_runner.py:776} INFO - Received executor event with state success for task instance TaskInstanceKey(dag_id='data_ingestion_dag', task_id='merge_raw_files_task', run_id='scheduled__1999-01-01T00:00:00+00:00', try_number=1, map_index=-1)
[2025-04-13T19:11:03.926-0400] {local_executor.py:93} INFO - QueuedLocalWorker running ['airflow', 'tasks', 'run', 'data_ingestion_dag', 'validate_merge_task', 'scheduled__1999-01-01T00:00:00+00:00', '--local', '--subdir', 'DAGS_FOLDER/ingest_data_dag.py']
[2025-04-13T19:11:03.930-0400] {scheduler_job_runner.py:813} INFO - TaskInstance Finished: dag_id=data_ingestion_dag, task_id=merge_raw_files_task, run_id=scheduled__1999-01-01T00:00:00+00:00, map_index=-1, run_start_date=2025-04-13 23:05:23.008413+00:00, run_end_date=2025-04-13 23:11:03.136206+00:00, run_duration=340.127793, state=success, executor=LocalExecutor(parallelism=32), executor_state=success, try_number=1, max_tries=1, job_id=36, pool=default_pool, queue=default, priority_weight=4, operator=BashOperator, queued_dttm=2025-04-13 23:05:22.890772+00:00, queued_by_job_id=1, pid=15378
[2025-04-13T19:11:03.946-0400] {dagbag.py:588} INFO - Filling up the DagBag from /home/aguan/ontario-sunshine-salary-dashboard/airflow/dags/ingest_data_dag.py
[2025-04-13T19:11:03.980-0400] {task_command.py:467} INFO - Running <TaskInstance: data_ingestion_dag.validate_merge_task scheduled__1999-01-01T00:00:00+00:00 [queued]> on host aguan-pc2.
[2025-04-13T19:12:31.369-0400] {scheduler_job_runner.py:435} INFO - 1 tasks up for execution:
	<TaskInstance: data_ingestion_dag.validate_clean_task scheduled__2000-01-01T00:00:00+00:00 [scheduled]>
[2025-04-13T19:12:31.369-0400] {scheduler_job_runner.py:507} INFO - DAG data_ingestion_dag has 4/16 running and queued tasks
[2025-04-13T19:12:31.369-0400] {scheduler_job_runner.py:646} INFO - Setting the following tasks to queued state:
	<TaskInstance: data_ingestion_dag.validate_clean_task scheduled__2000-01-01T00:00:00+00:00 [scheduled]>
[2025-04-13T19:12:31.371-0400] {scheduler_job_runner.py:748} INFO - Trying to enqueue tasks: [<TaskInstance: data_ingestion_dag.validate_clean_task scheduled__2000-01-01T00:00:00+00:00 [scheduled]>] for executor: LocalExecutor(parallelism=32)
[2025-04-13T19:12:31.371-0400] {scheduler_job_runner.py:692} INFO - Sending TaskInstanceKey(dag_id='data_ingestion_dag', task_id='validate_clean_task', run_id='scheduled__2000-01-01T00:00:00+00:00', try_number=1, map_index=-1) to LocalExecutor with priority 1 and queue default
[2025-04-13T19:12:31.371-0400] {base_executor.py:169} INFO - Adding to queue: ['airflow', 'tasks', 'run', 'data_ingestion_dag', 'validate_clean_task', 'scheduled__2000-01-01T00:00:00+00:00', '--local', '--subdir', 'DAGS_FOLDER/ingest_data_dag.py']
[2025-04-13T19:12:31.374-0400] {scheduler_job_runner.py:776} INFO - Received executor event with state success for task instance TaskInstanceKey(dag_id='data_ingestion_dag', task_id='clean_data_task', run_id='scheduled__2000-01-01T00:00:00+00:00', try_number=1, map_index=-1)
[2025-04-13T19:12:31.374-0400] {local_executor.py:93} INFO - QueuedLocalWorker running ['airflow', 'tasks', 'run', 'data_ingestion_dag', 'validate_clean_task', 'scheduled__2000-01-01T00:00:00+00:00', '--local', '--subdir', 'DAGS_FOLDER/ingest_data_dag.py']
[2025-04-13T19:12:31.378-0400] {scheduler_job_runner.py:813} INFO - TaskInstance Finished: dag_id=data_ingestion_dag, task_id=clean_data_task, run_id=scheduled__2000-01-01T00:00:00+00:00, map_index=-1, run_start_date=2025-04-13 23:09:16.756217+00:00, run_end_date=2025-04-13 23:12:30.908742+00:00, run_duration=194.152525, state=success, executor=LocalExecutor(parallelism=32), executor_state=success, try_number=1, max_tries=1, job_id=38, pool=default_pool, queue=default, priority_weight=2, operator=BashOperator, queued_dttm=2025-04-13 23:09:16.583375+00:00, queued_by_job_id=1, pid=16175
[2025-04-13T19:12:31.397-0400] {dagbag.py:588} INFO - Filling up the DagBag from /home/aguan/ontario-sunshine-salary-dashboard/airflow/dags/ingest_data_dag.py
[2025-04-13T19:12:31.431-0400] {task_command.py:467} INFO - Running <TaskInstance: data_ingestion_dag.validate_clean_task scheduled__2000-01-01T00:00:00+00:00 [queued]> on host aguan-pc2.
[2025-04-13T19:13:05.342-0400] {scheduler_job_runner.py:435} INFO - 1 tasks up for execution:
	<TaskInstance: data_ingestion_dag.clean_data_task scheduled__1996-01-01T00:00:00+00:00 [scheduled]>
[2025-04-13T19:13:05.343-0400] {scheduler_job_runner.py:507} INFO - DAG data_ingestion_dag has 4/16 running and queued tasks
[2025-04-13T19:13:05.343-0400] {scheduler_job_runner.py:646} INFO - Setting the following tasks to queued state:
	<TaskInstance: data_ingestion_dag.clean_data_task scheduled__1996-01-01T00:00:00+00:00 [scheduled]>
[2025-04-13T19:13:05.344-0400] {scheduler_job_runner.py:748} INFO - Trying to enqueue tasks: [<TaskInstance: data_ingestion_dag.clean_data_task scheduled__1996-01-01T00:00:00+00:00 [scheduled]>] for executor: LocalExecutor(parallelism=32)
[2025-04-13T19:13:05.344-0400] {scheduler_job_runner.py:692} INFO - Sending TaskInstanceKey(dag_id='data_ingestion_dag', task_id='clean_data_task', run_id='scheduled__1996-01-01T00:00:00+00:00', try_number=1, map_index=-1) to LocalExecutor with priority 2 and queue default
[2025-04-13T19:13:05.344-0400] {base_executor.py:169} INFO - Adding to queue: ['airflow', 'tasks', 'run', 'data_ingestion_dag', 'clean_data_task', 'scheduled__1996-01-01T00:00:00+00:00', '--local', '--subdir', 'DAGS_FOLDER/ingest_data_dag.py']
[2025-04-13T19:13:05.347-0400] {scheduler_job_runner.py:776} INFO - Received executor event with state success for task instance TaskInstanceKey(dag_id='data_ingestion_dag', task_id='validate_merge_task', run_id='scheduled__1996-01-01T00:00:00+00:00', try_number=1, map_index=-1)
[2025-04-13T19:13:05.347-0400] {local_executor.py:93} INFO - QueuedLocalWorker running ['airflow', 'tasks', 'run', 'data_ingestion_dag', 'clean_data_task', 'scheduled__1996-01-01T00:00:00+00:00', '--local', '--subdir', 'DAGS_FOLDER/ingest_data_dag.py']
[2025-04-13T19:13:05.350-0400] {scheduler_job_runner.py:813} INFO - TaskInstance Finished: dag_id=data_ingestion_dag, task_id=validate_merge_task, run_id=scheduled__1996-01-01T00:00:00+00:00, map_index=-1, run_start_date=2025-04-13 23:10:38.636205+00:00, run_end_date=2025-04-13 23:13:05.223707+00:00, run_duration=146.587502, state=success, executor=LocalExecutor(parallelism=32), executor_state=success, try_number=1, max_tries=1, job_id=39, pool=default_pool, queue=default, priority_weight=3, operator=BashOperator, queued_dttm=2025-04-13 23:10:38.499474+00:00, queued_by_job_id=1, pid=16463
[2025-04-13T19:13:05.367-0400] {dagbag.py:588} INFO - Filling up the DagBag from /home/aguan/ontario-sunshine-salary-dashboard/airflow/dags/ingest_data_dag.py
[2025-04-13T19:13:05.405-0400] {task_command.py:467} INFO - Running <TaskInstance: data_ingestion_dag.clean_data_task scheduled__1996-01-01T00:00:00+00:00 [queued]> on host aguan-pc2.
[2025-04-13T19:13:08.831-0400] {scheduler_job_runner.py:435} INFO - 1 tasks up for execution:
	<TaskInstance: data_ingestion_dag.clean_data_task scheduled__1998-01-01T00:00:00+00:00 [scheduled]>
[2025-04-13T19:13:08.831-0400] {scheduler_job_runner.py:507} INFO - DAG data_ingestion_dag has 4/16 running and queued tasks
[2025-04-13T19:13:08.831-0400] {scheduler_job_runner.py:646} INFO - Setting the following tasks to queued state:
	<TaskInstance: data_ingestion_dag.clean_data_task scheduled__1998-01-01T00:00:00+00:00 [scheduled]>
[2025-04-13T19:13:08.832-0400] {scheduler_job_runner.py:748} INFO - Trying to enqueue tasks: [<TaskInstance: data_ingestion_dag.clean_data_task scheduled__1998-01-01T00:00:00+00:00 [scheduled]>] for executor: LocalExecutor(parallelism=32)
[2025-04-13T19:13:08.833-0400] {scheduler_job_runner.py:692} INFO - Sending TaskInstanceKey(dag_id='data_ingestion_dag', task_id='clean_data_task', run_id='scheduled__1998-01-01T00:00:00+00:00', try_number=1, map_index=-1) to LocalExecutor with priority 2 and queue default
[2025-04-13T19:13:08.833-0400] {base_executor.py:169} INFO - Adding to queue: ['airflow', 'tasks', 'run', 'data_ingestion_dag', 'clean_data_task', 'scheduled__1998-01-01T00:00:00+00:00', '--local', '--subdir', 'DAGS_FOLDER/ingest_data_dag.py']
[2025-04-13T19:13:08.836-0400] {scheduler_job_runner.py:776} INFO - Received executor event with state success for task instance TaskInstanceKey(dag_id='data_ingestion_dag', task_id='validate_merge_task', run_id='scheduled__1998-01-01T00:00:00+00:00', try_number=1, map_index=-1)
[2025-04-13T19:13:08.836-0400] {local_executor.py:93} INFO - QueuedLocalWorker running ['airflow', 'tasks', 'run', 'data_ingestion_dag', 'clean_data_task', 'scheduled__1998-01-01T00:00:00+00:00', '--local', '--subdir', 'DAGS_FOLDER/ingest_data_dag.py']
[2025-04-13T19:13:08.839-0400] {scheduler_job_runner.py:813} INFO - TaskInstance Finished: dag_id=data_ingestion_dag, task_id=validate_merge_task, run_id=scheduled__1998-01-01T00:00:00+00:00, map_index=-1, run_start_date=2025-04-13 23:10:46.630224+00:00, run_end_date=2025-04-13 23:13:08.473639+00:00, run_duration=141.843415, state=success, executor=LocalExecutor(parallelism=32), executor_state=success, try_number=1, max_tries=1, job_id=40, pool=default_pool, queue=default, priority_weight=3, operator=BashOperator, queued_dttm=2025-04-13 23:10:46.477608+00:00, queued_by_job_id=1, pid=16507
[2025-04-13T19:13:08.855-0400] {dagbag.py:588} INFO - Filling up the DagBag from /home/aguan/ontario-sunshine-salary-dashboard/airflow/dags/ingest_data_dag.py
[2025-04-13T19:13:08.891-0400] {task_command.py:467} INFO - Running <TaskInstance: data_ingestion_dag.clean_data_task scheduled__1998-01-01T00:00:00+00:00 [queued]> on host aguan-pc2.
[2025-04-13T19:13:21.811-0400] {scheduler_job_runner.py:435} INFO - 1 tasks up for execution:
	<TaskInstance: data_ingestion_dag.clean_data_task scheduled__1997-01-01T00:00:00+00:00 [scheduled]>
[2025-04-13T19:13:21.811-0400] {scheduler_job_runner.py:507} INFO - DAG data_ingestion_dag has 4/16 running and queued tasks
[2025-04-13T19:13:21.811-0400] {scheduler_job_runner.py:646} INFO - Setting the following tasks to queued state:
	<TaskInstance: data_ingestion_dag.clean_data_task scheduled__1997-01-01T00:00:00+00:00 [scheduled]>
[2025-04-13T19:13:21.812-0400] {scheduler_job_runner.py:748} INFO - Trying to enqueue tasks: [<TaskInstance: data_ingestion_dag.clean_data_task scheduled__1997-01-01T00:00:00+00:00 [scheduled]>] for executor: LocalExecutor(parallelism=32)
[2025-04-13T19:13:21.813-0400] {scheduler_job_runner.py:692} INFO - Sending TaskInstanceKey(dag_id='data_ingestion_dag', task_id='clean_data_task', run_id='scheduled__1997-01-01T00:00:00+00:00', try_number=1, map_index=-1) to LocalExecutor with priority 2 and queue default
[2025-04-13T19:13:21.813-0400] {base_executor.py:169} INFO - Adding to queue: ['airflow', 'tasks', 'run', 'data_ingestion_dag', 'clean_data_task', 'scheduled__1997-01-01T00:00:00+00:00', '--local', '--subdir', 'DAGS_FOLDER/ingest_data_dag.py']
[2025-04-13T19:13:21.816-0400] {scheduler_job_runner.py:776} INFO - Received executor event with state success for task instance TaskInstanceKey(dag_id='data_ingestion_dag', task_id='validate_merge_task', run_id='scheduled__1997-01-01T00:00:00+00:00', try_number=1, map_index=-1)
[2025-04-13T19:13:21.816-0400] {local_executor.py:93} INFO - QueuedLocalWorker running ['airflow', 'tasks', 'run', 'data_ingestion_dag', 'clean_data_task', 'scheduled__1997-01-01T00:00:00+00:00', '--local', '--subdir', 'DAGS_FOLDER/ingest_data_dag.py']
[2025-04-13T19:13:21.819-0400] {scheduler_job_runner.py:813} INFO - TaskInstance Finished: dag_id=data_ingestion_dag, task_id=validate_merge_task, run_id=scheduled__1997-01-01T00:00:00+00:00, map_index=-1, run_start_date=2025-04-13 23:10:57.734599+00:00, run_end_date=2025-04-13 23:13:21.606266+00:00, run_duration=143.871667, state=success, executor=LocalExecutor(parallelism=32), executor_state=success, try_number=1, max_tries=1, job_id=41, pool=default_pool, queue=default, priority_weight=3, operator=BashOperator, queued_dttm=2025-04-13 23:10:57.616218+00:00, queued_by_job_id=1, pid=16562
[2025-04-13T19:13:21.835-0400] {dagbag.py:588} INFO - Filling up the DagBag from /home/aguan/ontario-sunshine-salary-dashboard/airflow/dags/ingest_data_dag.py
[2025-04-13T19:13:21.873-0400] {task_command.py:467} INFO - Running <TaskInstance: data_ingestion_dag.clean_data_task scheduled__1997-01-01T00:00:00+00:00 [queued]> on host aguan-pc2.
[2025-04-13T19:13:27.940-0400] {scheduler_job_runner.py:435} INFO - 1 tasks up for execution:
	<TaskInstance: data_ingestion_dag.clean_data_task scheduled__1999-01-01T00:00:00+00:00 [scheduled]>
[2025-04-13T19:13:27.940-0400] {scheduler_job_runner.py:507} INFO - DAG data_ingestion_dag has 4/16 running and queued tasks
[2025-04-13T19:13:27.941-0400] {scheduler_job_runner.py:646} INFO - Setting the following tasks to queued state:
	<TaskInstance: data_ingestion_dag.clean_data_task scheduled__1999-01-01T00:00:00+00:00 [scheduled]>
[2025-04-13T19:13:27.942-0400] {scheduler_job_runner.py:748} INFO - Trying to enqueue tasks: [<TaskInstance: data_ingestion_dag.clean_data_task scheduled__1999-01-01T00:00:00+00:00 [scheduled]>] for executor: LocalExecutor(parallelism=32)
[2025-04-13T19:13:27.942-0400] {scheduler_job_runner.py:692} INFO - Sending TaskInstanceKey(dag_id='data_ingestion_dag', task_id='clean_data_task', run_id='scheduled__1999-01-01T00:00:00+00:00', try_number=1, map_index=-1) to LocalExecutor with priority 2 and queue default
[2025-04-13T19:13:27.942-0400] {base_executor.py:169} INFO - Adding to queue: ['airflow', 'tasks', 'run', 'data_ingestion_dag', 'clean_data_task', 'scheduled__1999-01-01T00:00:00+00:00', '--local', '--subdir', 'DAGS_FOLDER/ingest_data_dag.py']
[2025-04-13T19:13:27.945-0400] {scheduler_job_runner.py:776} INFO - Received executor event with state success for task instance TaskInstanceKey(dag_id='data_ingestion_dag', task_id='validate_merge_task', run_id='scheduled__1999-01-01T00:00:00+00:00', try_number=1, map_index=-1)
[2025-04-13T19:13:27.945-0400] {local_executor.py:93} INFO - QueuedLocalWorker running ['airflow', 'tasks', 'run', 'data_ingestion_dag', 'clean_data_task', 'scheduled__1999-01-01T00:00:00+00:00', '--local', '--subdir', 'DAGS_FOLDER/ingest_data_dag.py']
[2025-04-13T19:13:27.948-0400] {scheduler_job_runner.py:813} INFO - TaskInstance Finished: dag_id=data_ingestion_dag, task_id=validate_merge_task, run_id=scheduled__1999-01-01T00:00:00+00:00, map_index=-1, run_start_date=2025-04-13 23:11:04.043547+00:00, run_end_date=2025-04-13 23:13:27.557189+00:00, run_duration=143.513642, state=success, executor=LocalExecutor(parallelism=32), executor_state=success, try_number=1, max_tries=1, job_id=42, pool=default_pool, queue=default, priority_weight=3, operator=BashOperator, queued_dttm=2025-04-13 23:11:03.921922+00:00, queued_by_job_id=1, pid=16600
[2025-04-13T19:13:27.966-0400] {dagbag.py:588} INFO - Filling up the DagBag from /home/aguan/ontario-sunshine-salary-dashboard/airflow/dags/ingest_data_dag.py
[2025-04-13T19:13:28.004-0400] {task_command.py:467} INFO - Running <TaskInstance: data_ingestion_dag.clean_data_task scheduled__1999-01-01T00:00:00+00:00 [queued]> on host aguan-pc2.
[2025-04-13T19:13:41.181-0400] {dagrun.py:854} INFO - Marking run <DagRun data_ingestion_dag @ 2000-01-01 00:00:00+00:00: scheduled__2000-01-01T00:00:00+00:00, state:running, queued_at: 2025-04-13 22:58:02.914006+00:00. externally triggered: False> successful
[2025-04-13T19:13:41.181-0400] {dagrun.py:905} INFO - DagRun Finished: dag_id=data_ingestion_dag, execution_date=2000-01-01 00:00:00+00:00, run_id=scheduled__2000-01-01T00:00:00+00:00, run_start_date=2025-04-13 22:58:02.925913+00:00, run_end_date=2025-04-13 23:13:41.181613+00:00, run_duration=938.2557, state=success, external_trigger=False, run_type=scheduled, data_interval_start=2000-01-01 00:00:00+00:00, data_interval_end=2001-01-01 00:00:00+00:00, dag_hash=bcef3e37f1accf53097d562d78be0b2d
[2025-04-13T19:13:41.183-0400] {scheduler_job_runner.py:1526} INFO - DAG data_ingestion_dag is at (or above) max_active_runs (6 of 5), not creating any more runs
[2025-04-13T19:13:41.209-0400] {scheduler_job_runner.py:776} INFO - Received executor event with state success for task instance TaskInstanceKey(dag_id='data_ingestion_dag', task_id='validate_clean_task', run_id='scheduled__2000-01-01T00:00:00+00:00', try_number=1, map_index=-1)
[2025-04-13T19:13:41.212-0400] {scheduler_job_runner.py:813} INFO - TaskInstance Finished: dag_id=data_ingestion_dag, task_id=validate_clean_task, run_id=scheduled__2000-01-01T00:00:00+00:00, map_index=-1, run_start_date=2025-04-13 23:12:31.494582+00:00, run_end_date=2025-04-13 23:13:40.357919+00:00, run_duration=68.863337, state=success, executor=LocalExecutor(parallelism=32), executor_state=success, try_number=1, max_tries=1, job_id=43, pool=default_pool, queue=default, priority_weight=1, operator=BashOperator, queued_dttm=2025-04-13 23:12:31.370279+00:00, queued_by_job_id=1, pid=16887
[2025-04-13T19:13:42.032-0400] {scheduler_job_runner.py:435} INFO - 1 tasks up for execution:
	<TaskInstance: data_ingestion_dag.ingest_data_task manual__2025-04-13T22:52:56.092544+00:00 [scheduled]>
[2025-04-13T19:13:42.032-0400] {scheduler_job_runner.py:507} INFO - DAG data_ingestion_dag has 4/16 running and queued tasks
[2025-04-13T19:13:42.032-0400] {scheduler_job_runner.py:646} INFO - Setting the following tasks to queued state:
	<TaskInstance: data_ingestion_dag.ingest_data_task manual__2025-04-13T22:52:56.092544+00:00 [scheduled]>
[2025-04-13T19:13:42.034-0400] {scheduler_job_runner.py:748} INFO - Trying to enqueue tasks: [<TaskInstance: data_ingestion_dag.ingest_data_task manual__2025-04-13T22:52:56.092544+00:00 [scheduled]>] for executor: LocalExecutor(parallelism=32)
[2025-04-13T19:13:42.034-0400] {scheduler_job_runner.py:692} INFO - Sending TaskInstanceKey(dag_id='data_ingestion_dag', task_id='ingest_data_task', run_id='manual__2025-04-13T22:52:56.092544+00:00', try_number=3, map_index=-1) to LocalExecutor with priority 6 and queue default
[2025-04-13T19:13:42.034-0400] {base_executor.py:169} INFO - Adding to queue: ['airflow', 'tasks', 'run', 'data_ingestion_dag', 'ingest_data_task', 'manual__2025-04-13T22:52:56.092544+00:00', '--local', '--subdir', 'DAGS_FOLDER/ingest_data_dag.py']
[2025-04-13T19:13:42.037-0400] {local_executor.py:93} INFO - QueuedLocalWorker running ['airflow', 'tasks', 'run', 'data_ingestion_dag', 'ingest_data_task', 'manual__2025-04-13T22:52:56.092544+00:00', '--local', '--subdir', 'DAGS_FOLDER/ingest_data_dag.py']
[2025-04-13T19:13:42.057-0400] {dagbag.py:588} INFO - Filling up the DagBag from /home/aguan/ontario-sunshine-salary-dashboard/airflow/dags/ingest_data_dag.py
[2025-04-13T19:13:42.093-0400] {task_command.py:467} INFO - Running <TaskInstance: data_ingestion_dag.ingest_data_task manual__2025-04-13T22:52:56.092544+00:00 [queued]> on host aguan-pc2.
[2025-04-13T19:13:43.373-0400] {scheduler_job_runner.py:435} INFO - 1 tasks up for execution:
	<TaskInstance: data_ingestion_dag.upload_raw_to_gcs_task manual__2025-04-13T22:52:56.092544+00:00 [scheduled]>
[2025-04-13T19:13:43.374-0400] {scheduler_job_runner.py:507} INFO - DAG data_ingestion_dag has 4/16 running and queued tasks
[2025-04-13T19:13:43.374-0400] {scheduler_job_runner.py:646} INFO - Setting the following tasks to queued state:
	<TaskInstance: data_ingestion_dag.upload_raw_to_gcs_task manual__2025-04-13T22:52:56.092544+00:00 [scheduled]>
[2025-04-13T19:13:43.376-0400] {scheduler_job_runner.py:748} INFO - Trying to enqueue tasks: [<TaskInstance: data_ingestion_dag.upload_raw_to_gcs_task manual__2025-04-13T22:52:56.092544+00:00 [scheduled]>] for executor: LocalExecutor(parallelism=32)
[2025-04-13T19:13:43.376-0400] {scheduler_job_runner.py:692} INFO - Sending TaskInstanceKey(dag_id='data_ingestion_dag', task_id='upload_raw_to_gcs_task', run_id='manual__2025-04-13T22:52:56.092544+00:00', try_number=2, map_index=-1) to LocalExecutor with priority 5 and queue default
[2025-04-13T19:13:43.376-0400] {base_executor.py:169} INFO - Adding to queue: ['airflow', 'tasks', 'run', 'data_ingestion_dag', 'upload_raw_to_gcs_task', 'manual__2025-04-13T22:52:56.092544+00:00', '--local', '--subdir', 'DAGS_FOLDER/ingest_data_dag.py']
[2025-04-13T19:13:43.379-0400] {scheduler_job_runner.py:776} INFO - Received executor event with state success for task instance TaskInstanceKey(dag_id='data_ingestion_dag', task_id='ingest_data_task', run_id='manual__2025-04-13T22:52:56.092544+00:00', try_number=3, map_index=-1)
[2025-04-13T19:13:43.379-0400] {local_executor.py:93} INFO - QueuedLocalWorker running ['airflow', 'tasks', 'run', 'data_ingestion_dag', 'upload_raw_to_gcs_task', 'manual__2025-04-13T22:52:56.092544+00:00', '--local', '--subdir', 'DAGS_FOLDER/ingest_data_dag.py']
[2025-04-13T19:13:43.382-0400] {scheduler_job_runner.py:813} INFO - TaskInstance Finished: dag_id=data_ingestion_dag, task_id=ingest_data_task, run_id=manual__2025-04-13T22:52:56.092544+00:00, map_index=-1, run_start_date=2025-04-13 23:13:42.272156+00:00, run_end_date=2025-04-13 23:13:42.602302+00:00, run_duration=0.330146, state=success, executor=LocalExecutor(parallelism=32), executor_state=success, try_number=3, max_tries=3, job_id=48, pool=default_pool, queue=default, priority_weight=6, operator=BashOperator, queued_dttm=2025-04-13 23:13:42.033147+00:00, queued_by_job_id=1, pid=17280
[2025-04-13T19:13:43.399-0400] {dagbag.py:588} INFO - Filling up the DagBag from /home/aguan/ontario-sunshine-salary-dashboard/airflow/dags/ingest_data_dag.py
[2025-04-13T19:13:43.437-0400] {task_command.py:467} INFO - Running <TaskInstance: data_ingestion_dag.upload_raw_to_gcs_task manual__2025-04-13T22:52:56.092544+00:00 [queued]> on host aguan-pc2.
[2025-04-13T19:14:22.332-0400] {scheduler_job_runner.py:1949} INFO - Adopting or resetting orphaned tasks for active dag runs
[2025-04-13T19:16:26.576-0400] {scheduler_job_runner.py:435} INFO - 1 tasks up for execution:
	<TaskInstance: data_ingestion_dag.merge_raw_files_task manual__2025-04-13T22:52:56.092544+00:00 [scheduled]>
[2025-04-13T19:16:26.576-0400] {scheduler_job_runner.py:507} INFO - DAG data_ingestion_dag has 4/16 running and queued tasks
[2025-04-13T19:16:26.576-0400] {scheduler_job_runner.py:646} INFO - Setting the following tasks to queued state:
	<TaskInstance: data_ingestion_dag.merge_raw_files_task manual__2025-04-13T22:52:56.092544+00:00 [scheduled]>
[2025-04-13T19:16:26.577-0400] {scheduler_job_runner.py:748} INFO - Trying to enqueue tasks: [<TaskInstance: data_ingestion_dag.merge_raw_files_task manual__2025-04-13T22:52:56.092544+00:00 [scheduled]>] for executor: LocalExecutor(parallelism=32)
[2025-04-13T19:16:26.578-0400] {scheduler_job_runner.py:692} INFO - Sending TaskInstanceKey(dag_id='data_ingestion_dag', task_id='merge_raw_files_task', run_id='manual__2025-04-13T22:52:56.092544+00:00', try_number=1, map_index=-1) to LocalExecutor with priority 4 and queue default
[2025-04-13T19:16:26.578-0400] {base_executor.py:169} INFO - Adding to queue: ['airflow', 'tasks', 'run', 'data_ingestion_dag', 'merge_raw_files_task', 'manual__2025-04-13T22:52:56.092544+00:00', '--local', '--subdir', 'DAGS_FOLDER/ingest_data_dag.py']
[2025-04-13T19:16:26.581-0400] {scheduler_job_runner.py:776} INFO - Received executor event with state success for task instance TaskInstanceKey(dag_id='data_ingestion_dag', task_id='upload_raw_to_gcs_task', run_id='manual__2025-04-13T22:52:56.092544+00:00', try_number=2, map_index=-1)
[2025-04-13T19:16:26.581-0400] {local_executor.py:93} INFO - QueuedLocalWorker running ['airflow', 'tasks', 'run', 'data_ingestion_dag', 'merge_raw_files_task', 'manual__2025-04-13T22:52:56.092544+00:00', '--local', '--subdir', 'DAGS_FOLDER/ingest_data_dag.py']
[2025-04-13T19:16:26.584-0400] {scheduler_job_runner.py:813} INFO - TaskInstance Finished: dag_id=data_ingestion_dag, task_id=upload_raw_to_gcs_task, run_id=manual__2025-04-13T22:52:56.092544+00:00, map_index=-1, run_start_date=2025-04-13 23:13:43.605954+00:00, run_end_date=2025-04-13 23:16:25.953887+00:00, run_duration=162.347933, state=success, executor=LocalExecutor(parallelism=32), executor_state=success, try_number=2, max_tries=2, job_id=49, pool=default_pool, queue=default, priority_weight=5, operator=BashOperator, queued_dttm=2025-04-13 23:13:43.375017+00:00, queued_by_job_id=1, pid=17290
[2025-04-13T19:16:26.600-0400] {dagbag.py:588} INFO - Filling up the DagBag from /home/aguan/ontario-sunshine-salary-dashboard/airflow/dags/ingest_data_dag.py
[2025-04-13T19:16:26.639-0400] {task_command.py:467} INFO - Running <TaskInstance: data_ingestion_dag.merge_raw_files_task manual__2025-04-13T22:52:56.092544+00:00 [queued]> on host aguan-pc2.
[2025-04-13T19:17:51.277-0400] {scheduler_job_runner.py:435} INFO - 1 tasks up for execution:
	<TaskInstance: data_ingestion_dag.validate_clean_task scheduled__1996-01-01T00:00:00+00:00 [scheduled]>
[2025-04-13T19:17:51.278-0400] {scheduler_job_runner.py:507} INFO - DAG data_ingestion_dag has 4/16 running and queued tasks
[2025-04-13T19:17:51.278-0400] {scheduler_job_runner.py:646} INFO - Setting the following tasks to queued state:
	<TaskInstance: data_ingestion_dag.validate_clean_task scheduled__1996-01-01T00:00:00+00:00 [scheduled]>
[2025-04-13T19:17:51.279-0400] {scheduler_job_runner.py:748} INFO - Trying to enqueue tasks: [<TaskInstance: data_ingestion_dag.validate_clean_task scheduled__1996-01-01T00:00:00+00:00 [scheduled]>] for executor: LocalExecutor(parallelism=32)
[2025-04-13T19:17:51.279-0400] {scheduler_job_runner.py:692} INFO - Sending TaskInstanceKey(dag_id='data_ingestion_dag', task_id='validate_clean_task', run_id='scheduled__1996-01-01T00:00:00+00:00', try_number=1, map_index=-1) to LocalExecutor with priority 1 and queue default
[2025-04-13T19:17:51.280-0400] {base_executor.py:169} INFO - Adding to queue: ['airflow', 'tasks', 'run', 'data_ingestion_dag', 'validate_clean_task', 'scheduled__1996-01-01T00:00:00+00:00', '--local', '--subdir', 'DAGS_FOLDER/ingest_data_dag.py']
[2025-04-13T19:17:51.283-0400] {scheduler_job_runner.py:776} INFO - Received executor event with state success for task instance TaskInstanceKey(dag_id='data_ingestion_dag', task_id='clean_data_task', run_id='scheduled__1996-01-01T00:00:00+00:00', try_number=1, map_index=-1)
[2025-04-13T19:17:51.283-0400] {local_executor.py:93} INFO - QueuedLocalWorker running ['airflow', 'tasks', 'run', 'data_ingestion_dag', 'validate_clean_task', 'scheduled__1996-01-01T00:00:00+00:00', '--local', '--subdir', 'DAGS_FOLDER/ingest_data_dag.py']
[2025-04-13T19:17:51.286-0400] {scheduler_job_runner.py:813} INFO - TaskInstance Finished: dag_id=data_ingestion_dag, task_id=clean_data_task, run_id=scheduled__1996-01-01T00:00:00+00:00, map_index=-1, run_start_date=2025-04-13 23:13:05.471418+00:00, run_end_date=2025-04-13 23:17:51.055522+00:00, run_duration=285.584104, state=success, executor=LocalExecutor(parallelism=32), executor_state=success, try_number=1, max_tries=1, job_id=44, pool=default_pool, queue=default, priority_weight=2, operator=BashOperator, queued_dttm=2025-04-13 23:13:05.343630+00:00, queued_by_job_id=1, pid=17018
[2025-04-13T19:17:51.304-0400] {dagbag.py:588} INFO - Filling up the DagBag from /home/aguan/ontario-sunshine-salary-dashboard/airflow/dags/ingest_data_dag.py
[2025-04-13T19:17:51.342-0400] {task_command.py:467} INFO - Running <TaskInstance: data_ingestion_dag.validate_clean_task scheduled__1996-01-01T00:00:00+00:00 [queued]> on host aguan-pc2.
[2025-04-13T19:18:05.353-0400] {scheduler_job_runner.py:435} INFO - 1 tasks up for execution:
	<TaskInstance: data_ingestion_dag.validate_clean_task scheduled__1998-01-01T00:00:00+00:00 [scheduled]>
[2025-04-13T19:18:05.353-0400] {scheduler_job_runner.py:507} INFO - DAG data_ingestion_dag has 4/16 running and queued tasks
[2025-04-13T19:18:05.354-0400] {scheduler_job_runner.py:646} INFO - Setting the following tasks to queued state:
	<TaskInstance: data_ingestion_dag.validate_clean_task scheduled__1998-01-01T00:00:00+00:00 [scheduled]>
[2025-04-13T19:18:05.355-0400] {scheduler_job_runner.py:748} INFO - Trying to enqueue tasks: [<TaskInstance: data_ingestion_dag.validate_clean_task scheduled__1998-01-01T00:00:00+00:00 [scheduled]>] for executor: LocalExecutor(parallelism=32)
[2025-04-13T19:18:05.355-0400] {scheduler_job_runner.py:692} INFO - Sending TaskInstanceKey(dag_id='data_ingestion_dag', task_id='validate_clean_task', run_id='scheduled__1998-01-01T00:00:00+00:00', try_number=1, map_index=-1) to LocalExecutor with priority 1 and queue default
[2025-04-13T19:18:05.355-0400] {base_executor.py:169} INFO - Adding to queue: ['airflow', 'tasks', 'run', 'data_ingestion_dag', 'validate_clean_task', 'scheduled__1998-01-01T00:00:00+00:00', '--local', '--subdir', 'DAGS_FOLDER/ingest_data_dag.py']
[2025-04-13T19:18:05.358-0400] {scheduler_job_runner.py:776} INFO - Received executor event with state success for task instance TaskInstanceKey(dag_id='data_ingestion_dag', task_id='clean_data_task', run_id='scheduled__1998-01-01T00:00:00+00:00', try_number=1, map_index=-1)
[2025-04-13T19:18:05.358-0400] {local_executor.py:93} INFO - QueuedLocalWorker running ['airflow', 'tasks', 'run', 'data_ingestion_dag', 'validate_clean_task', 'scheduled__1998-01-01T00:00:00+00:00', '--local', '--subdir', 'DAGS_FOLDER/ingest_data_dag.py']
[2025-04-13T19:18:05.360-0400] {scheduler_job_runner.py:813} INFO - TaskInstance Finished: dag_id=data_ingestion_dag, task_id=clean_data_task, run_id=scheduled__1998-01-01T00:00:00+00:00, map_index=-1, run_start_date=2025-04-13 23:13:08.959205+00:00, run_end_date=2025-04-13 23:18:05.195568+00:00, run_duration=296.236363, state=success, executor=LocalExecutor(parallelism=32), executor_state=success, try_number=1, max_tries=1, job_id=45, pool=default_pool, queue=default, priority_weight=2, operator=BashOperator, queued_dttm=2025-04-13 23:13:08.832134+00:00, queued_by_job_id=1, pid=17058
[2025-04-13T19:18:05.378-0400] {dagbag.py:588} INFO - Filling up the DagBag from /home/aguan/ontario-sunshine-salary-dashboard/airflow/dags/ingest_data_dag.py
[2025-04-13T19:18:05.410-0400] {task_command.py:467} INFO - Running <TaskInstance: data_ingestion_dag.validate_clean_task scheduled__1998-01-01T00:00:00+00:00 [queued]> on host aguan-pc2.
[2025-04-13T19:18:24.220-0400] {scheduler_job_runner.py:435} INFO - 1 tasks up for execution:
	<TaskInstance: data_ingestion_dag.validate_clean_task scheduled__1997-01-01T00:00:00+00:00 [scheduled]>
[2025-04-13T19:18:24.220-0400] {scheduler_job_runner.py:507} INFO - DAG data_ingestion_dag has 4/16 running and queued tasks
[2025-04-13T19:18:24.221-0400] {scheduler_job_runner.py:646} INFO - Setting the following tasks to queued state:
	<TaskInstance: data_ingestion_dag.validate_clean_task scheduled__1997-01-01T00:00:00+00:00 [scheduled]>
[2025-04-13T19:18:24.222-0400] {scheduler_job_runner.py:748} INFO - Trying to enqueue tasks: [<TaskInstance: data_ingestion_dag.validate_clean_task scheduled__1997-01-01T00:00:00+00:00 [scheduled]>] for executor: LocalExecutor(parallelism=32)
[2025-04-13T19:18:24.222-0400] {scheduler_job_runner.py:692} INFO - Sending TaskInstanceKey(dag_id='data_ingestion_dag', task_id='validate_clean_task', run_id='scheduled__1997-01-01T00:00:00+00:00', try_number=1, map_index=-1) to LocalExecutor with priority 1 and queue default
[2025-04-13T19:18:24.223-0400] {base_executor.py:169} INFO - Adding to queue: ['airflow', 'tasks', 'run', 'data_ingestion_dag', 'validate_clean_task', 'scheduled__1997-01-01T00:00:00+00:00', '--local', '--subdir', 'DAGS_FOLDER/ingest_data_dag.py']
[2025-04-13T19:18:24.226-0400] {local_executor.py:93} INFO - QueuedLocalWorker running ['airflow', 'tasks', 'run', 'data_ingestion_dag', 'validate_clean_task', 'scheduled__1997-01-01T00:00:00+00:00', '--local', '--subdir', 'DAGS_FOLDER/ingest_data_dag.py']
[2025-04-13T19:18:24.227-0400] {scheduler_job_runner.py:776} INFO - Received executor event with state success for task instance TaskInstanceKey(dag_id='data_ingestion_dag', task_id='clean_data_task', run_id='scheduled__1997-01-01T00:00:00+00:00', try_number=1, map_index=-1)
[2025-04-13T19:18:24.230-0400] {scheduler_job_runner.py:813} INFO - TaskInstance Finished: dag_id=data_ingestion_dag, task_id=clean_data_task, run_id=scheduled__1997-01-01T00:00:00+00:00, map_index=-1, run_start_date=2025-04-13 23:13:21.935660+00:00, run_end_date=2025-04-13 23:18:23.426638+00:00, run_duration=301.490978, state=success, executor=LocalExecutor(parallelism=32), executor_state=success, try_number=1, max_tries=1, job_id=46, pool=default_pool, queue=default, priority_weight=2, operator=BashOperator, queued_dttm=2025-04-13 23:13:21.811991+00:00, queued_by_job_id=1, pid=17142
[2025-04-13T19:18:24.245-0400] {dagbag.py:588} INFO - Filling up the DagBag from /home/aguan/ontario-sunshine-salary-dashboard/airflow/dags/ingest_data_dag.py
[2025-04-13T19:18:24.280-0400] {task_command.py:467} INFO - Running <TaskInstance: data_ingestion_dag.validate_clean_task scheduled__1997-01-01T00:00:00+00:00 [queued]> on host aguan-pc2.
[2025-04-13T19:18:27.606-0400] {scheduler_job_runner.py:435} INFO - 1 tasks up for execution:
	<TaskInstance: data_ingestion_dag.validate_clean_task scheduled__1999-01-01T00:00:00+00:00 [scheduled]>
[2025-04-13T19:18:27.607-0400] {scheduler_job_runner.py:507} INFO - DAG data_ingestion_dag has 4/16 running and queued tasks
[2025-04-13T19:18:27.607-0400] {scheduler_job_runner.py:646} INFO - Setting the following tasks to queued state:
	<TaskInstance: data_ingestion_dag.validate_clean_task scheduled__1999-01-01T00:00:00+00:00 [scheduled]>
[2025-04-13T19:18:27.608-0400] {scheduler_job_runner.py:748} INFO - Trying to enqueue tasks: [<TaskInstance: data_ingestion_dag.validate_clean_task scheduled__1999-01-01T00:00:00+00:00 [scheduled]>] for executor: LocalExecutor(parallelism=32)
[2025-04-13T19:18:27.609-0400] {scheduler_job_runner.py:692} INFO - Sending TaskInstanceKey(dag_id='data_ingestion_dag', task_id='validate_clean_task', run_id='scheduled__1999-01-01T00:00:00+00:00', try_number=1, map_index=-1) to LocalExecutor with priority 1 and queue default
[2025-04-13T19:18:27.609-0400] {base_executor.py:169} INFO - Adding to queue: ['airflow', 'tasks', 'run', 'data_ingestion_dag', 'validate_clean_task', 'scheduled__1999-01-01T00:00:00+00:00', '--local', '--subdir', 'DAGS_FOLDER/ingest_data_dag.py']
[2025-04-13T19:18:27.612-0400] {scheduler_job_runner.py:776} INFO - Received executor event with state success for task instance TaskInstanceKey(dag_id='data_ingestion_dag', task_id='clean_data_task', run_id='scheduled__1999-01-01T00:00:00+00:00', try_number=1, map_index=-1)
[2025-04-13T19:18:27.612-0400] {local_executor.py:93} INFO - QueuedLocalWorker running ['airflow', 'tasks', 'run', 'data_ingestion_dag', 'validate_clean_task', 'scheduled__1999-01-01T00:00:00+00:00', '--local', '--subdir', 'DAGS_FOLDER/ingest_data_dag.py']
[2025-04-13T19:18:27.615-0400] {scheduler_job_runner.py:813} INFO - TaskInstance Finished: dag_id=data_ingestion_dag, task_id=clean_data_task, run_id=scheduled__1999-01-01T00:00:00+00:00, map_index=-1, run_start_date=2025-04-13 23:13:28.069107+00:00, run_end_date=2025-04-13 23:18:27.328618+00:00, run_duration=299.259511, state=success, executor=LocalExecutor(parallelism=32), executor_state=success, try_number=1, max_tries=1, job_id=47, pool=default_pool, queue=default, priority_weight=2, operator=BashOperator, queued_dttm=2025-04-13 23:13:27.941473+00:00, queued_by_job_id=1, pid=17203
[2025-04-13T19:18:27.632-0400] {dagbag.py:588} INFO - Filling up the DagBag from /home/aguan/ontario-sunshine-salary-dashboard/airflow/dags/ingest_data_dag.py
[2025-04-13T19:18:27.667-0400] {task_command.py:467} INFO - Running <TaskInstance: data_ingestion_dag.validate_clean_task scheduled__1999-01-01T00:00:00+00:00 [queued]> on host aguan-pc2.
[2025-04-13T19:19:01.865-0400] {dagrun.py:854} INFO - Marking run <DagRun data_ingestion_dag @ 1996-01-01 00:00:00+00:00: scheduled__1996-01-01T00:00:00+00:00, state:running, queued_at: 2025-04-13 22:59:09.666747+00:00. externally triggered: False> successful
[2025-04-13T19:19:01.866-0400] {dagrun.py:905} INFO - DagRun Finished: dag_id=data_ingestion_dag, execution_date=1996-01-01 00:00:00+00:00, run_id=scheduled__1996-01-01T00:00:00+00:00, run_start_date=2025-04-13 23:01:53.061644+00:00, run_end_date=2025-04-13 23:19:01.866224+00:00, run_duration=1028.80458, state=success, external_trigger=False, run_type=scheduled, data_interval_start=1996-01-01 00:00:00+00:00, data_interval_end=1997-01-01 00:00:00+00:00, dag_hash=bcef3e37f1accf53097d562d78be0b2d
[2025-04-13T19:19:01.867-0400] {scheduler_job_runner.py:1526} INFO - DAG data_ingestion_dag is at (or above) max_active_runs (5 of 5), not creating any more runs
[2025-04-13T19:19:01.894-0400] {scheduler_job_runner.py:776} INFO - Received executor event with state success for task instance TaskInstanceKey(dag_id='data_ingestion_dag', task_id='validate_clean_task', run_id='scheduled__1996-01-01T00:00:00+00:00', try_number=1, map_index=-1)
[2025-04-13T19:19:01.897-0400] {scheduler_job_runner.py:813} INFO - TaskInstance Finished: dag_id=data_ingestion_dag, task_id=validate_clean_task, run_id=scheduled__1996-01-01T00:00:00+00:00, map_index=-1, run_start_date=2025-04-13 23:17:51.405949+00:00, run_end_date=2025-04-13 23:19:00.862531+00:00, run_duration=69.456582, state=success, executor=LocalExecutor(parallelism=32), executor_state=success, try_number=1, max_tries=1, job_id=51, pool=default_pool, queue=default, priority_weight=1, operator=BashOperator, queued_dttm=2025-04-13 23:17:51.278535+00:00, queued_by_job_id=1, pid=18092
[2025-04-13T19:19:02.963-0400] {scheduler_job_runner.py:435} INFO - 1 tasks up for execution:
	<TaskInstance: data_ingestion_dag.ingest_data_task manual__2025-04-13T22:59:01.601706+00:00 [scheduled]>
[2025-04-13T19:19:02.964-0400] {scheduler_job_runner.py:507} INFO - DAG data_ingestion_dag has 4/16 running and queued tasks
[2025-04-13T19:19:02.964-0400] {scheduler_job_runner.py:646} INFO - Setting the following tasks to queued state:
	<TaskInstance: data_ingestion_dag.ingest_data_task manual__2025-04-13T22:59:01.601706+00:00 [scheduled]>
[2025-04-13T19:19:02.965-0400] {scheduler_job_runner.py:748} INFO - Trying to enqueue tasks: [<TaskInstance: data_ingestion_dag.ingest_data_task manual__2025-04-13T22:59:01.601706+00:00 [scheduled]>] for executor: LocalExecutor(parallelism=32)
[2025-04-13T19:19:02.966-0400] {scheduler_job_runner.py:692} INFO - Sending TaskInstanceKey(dag_id='data_ingestion_dag', task_id='ingest_data_task', run_id='manual__2025-04-13T22:59:01.601706+00:00', try_number=1, map_index=-1) to LocalExecutor with priority 6 and queue default
[2025-04-13T19:19:02.966-0400] {base_executor.py:169} INFO - Adding to queue: ['airflow', 'tasks', 'run', 'data_ingestion_dag', 'ingest_data_task', 'manual__2025-04-13T22:59:01.601706+00:00', '--local', '--subdir', 'DAGS_FOLDER/ingest_data_dag.py']
[2025-04-13T19:19:02.969-0400] {local_executor.py:93} INFO - QueuedLocalWorker running ['airflow', 'tasks', 'run', 'data_ingestion_dag', 'ingest_data_task', 'manual__2025-04-13T22:59:01.601706+00:00', '--local', '--subdir', 'DAGS_FOLDER/ingest_data_dag.py']
[2025-04-13T19:19:02.990-0400] {dagbag.py:588} INFO - Filling up the DagBag from /home/aguan/ontario-sunshine-salary-dashboard/airflow/dags/ingest_data_dag.py
[2025-04-13T19:19:03.027-0400] {task_command.py:467} INFO - Running <TaskInstance: data_ingestion_dag.ingest_data_task manual__2025-04-13T22:59:01.601706+00:00 [queued]> on host aguan-pc2.
[2025-04-13T19:19:04.367-0400] {scheduler_job_runner.py:435} INFO - 1 tasks up for execution:
	<TaskInstance: data_ingestion_dag.upload_raw_to_gcs_task manual__2025-04-13T22:59:01.601706+00:00 [scheduled]>
[2025-04-13T19:19:04.367-0400] {scheduler_job_runner.py:507} INFO - DAG data_ingestion_dag has 4/16 running and queued tasks
[2025-04-13T19:19:04.367-0400] {scheduler_job_runner.py:646} INFO - Setting the following tasks to queued state:
	<TaskInstance: data_ingestion_dag.upload_raw_to_gcs_task manual__2025-04-13T22:59:01.601706+00:00 [scheduled]>
[2025-04-13T19:19:04.369-0400] {scheduler_job_runner.py:748} INFO - Trying to enqueue tasks: [<TaskInstance: data_ingestion_dag.upload_raw_to_gcs_task manual__2025-04-13T22:59:01.601706+00:00 [scheduled]>] for executor: LocalExecutor(parallelism=32)
[2025-04-13T19:19:04.369-0400] {scheduler_job_runner.py:692} INFO - Sending TaskInstanceKey(dag_id='data_ingestion_dag', task_id='upload_raw_to_gcs_task', run_id='manual__2025-04-13T22:59:01.601706+00:00', try_number=1, map_index=-1) to LocalExecutor with priority 5 and queue default
[2025-04-13T19:19:04.369-0400] {base_executor.py:169} INFO - Adding to queue: ['airflow', 'tasks', 'run', 'data_ingestion_dag', 'upload_raw_to_gcs_task', 'manual__2025-04-13T22:59:01.601706+00:00', '--local', '--subdir', 'DAGS_FOLDER/ingest_data_dag.py']
[2025-04-13T19:19:04.372-0400] {scheduler_job_runner.py:776} INFO - Received executor event with state success for task instance TaskInstanceKey(dag_id='data_ingestion_dag', task_id='ingest_data_task', run_id='manual__2025-04-13T22:59:01.601706+00:00', try_number=1, map_index=-1)
[2025-04-13T19:19:04.372-0400] {local_executor.py:93} INFO - QueuedLocalWorker running ['airflow', 'tasks', 'run', 'data_ingestion_dag', 'upload_raw_to_gcs_task', 'manual__2025-04-13T22:59:01.601706+00:00', '--local', '--subdir', 'DAGS_FOLDER/ingest_data_dag.py']
[2025-04-13T19:19:04.375-0400] {scheduler_job_runner.py:813} INFO - TaskInstance Finished: dag_id=data_ingestion_dag, task_id=ingest_data_task, run_id=manual__2025-04-13T22:59:01.601706+00:00, map_index=-1, run_start_date=2025-04-13 23:19:03.190953+00:00, run_end_date=2025-04-13 23:19:03.511615+00:00, run_duration=0.320662, state=success, executor=LocalExecutor(parallelism=32), executor_state=success, try_number=1, max_tries=1, job_id=55, pool=default_pool, queue=default, priority_weight=6, operator=BashOperator, queued_dttm=2025-04-13 23:19:02.964696+00:00, queued_by_job_id=1, pid=18393
[2025-04-13T19:19:04.392-0400] {dagbag.py:588} INFO - Filling up the DagBag from /home/aguan/ontario-sunshine-salary-dashboard/airflow/dags/ingest_data_dag.py
[2025-04-13T19:19:04.428-0400] {task_command.py:467} INFO - Running <TaskInstance: data_ingestion_dag.upload_raw_to_gcs_task manual__2025-04-13T22:59:01.601706+00:00 [queued]> on host aguan-pc2.
[2025-04-13T19:19:21.541-0400] {scheduler_job_runner.py:1949} INFO - Adopting or resetting orphaned tasks for active dag runs
[2025-04-13T19:19:24.397-0400] {dagrun.py:854} INFO - Marking run <DagRun data_ingestion_dag @ 1998-01-01 00:00:00+00:00: scheduled__1998-01-01T00:00:00+00:00, state:running, queued_at: 2025-04-13 22:59:15.402505+00:00. externally triggered: False> successful
[2025-04-13T19:19:24.398-0400] {dagrun.py:905} INFO - DagRun Finished: dag_id=data_ingestion_dag, execution_date=1998-01-01 00:00:00+00:00, run_id=scheduled__1998-01-01T00:00:00+00:00, run_start_date=2025-04-13 23:01:59.856986+00:00, run_end_date=2025-04-13 23:19:24.398111+00:00, run_duration=1044.541125, state=success, external_trigger=False, run_type=scheduled, data_interval_start=1998-01-01 00:00:00+00:00, data_interval_end=1999-01-01 00:00:00+00:00, dag_hash=bcef3e37f1accf53097d562d78be0b2d
[2025-04-13T19:19:24.400-0400] {dag.py:4180} INFO - Setting next_dagrun for data_ingestion_dag to 1999-01-01 00:00:00+00:00, run_after=2000-01-01 00:00:00+00:00
[2025-04-13T19:19:24.430-0400] {scheduler_job_runner.py:776} INFO - Received executor event with state success for task instance TaskInstanceKey(dag_id='data_ingestion_dag', task_id='validate_clean_task', run_id='scheduled__1998-01-01T00:00:00+00:00', try_number=1, map_index=-1)
[2025-04-13T19:19:24.433-0400] {scheduler_job_runner.py:813} INFO - TaskInstance Finished: dag_id=data_ingestion_dag, task_id=validate_clean_task, run_id=scheduled__1998-01-01T00:00:00+00:00, map_index=-1, run_start_date=2025-04-13 23:18:05.469244+00:00, run_end_date=2025-04-13 23:19:23.550180+00:00, run_duration=78.080936, state=success, executor=LocalExecutor(parallelism=32), executor_state=success, try_number=1, max_tries=1, job_id=52, pool=default_pool, queue=default, priority_weight=1, operator=BashOperator, queued_dttm=2025-04-13 23:18:05.354459+00:00, queued_by_job_id=1, pid=18159
[2025-04-13T19:19:24.989-0400] {dag.py:4180} INFO - Setting next_dagrun for data_ingestion_dag to 2000-01-01 00:00:00+00:00, run_after=2001-01-01 00:00:00+00:00
[2025-04-13T19:19:26.062-0400] {scheduler_job_runner.py:1526} INFO - DAG data_ingestion_dag is at (or above) max_active_runs (5 of 5), not creating any more runs
[2025-04-13T19:19:26.119-0400] {scheduler_job_runner.py:435} INFO - 1 tasks up for execution:
	<TaskInstance: data_ingestion_dag.ingest_data_task scheduled__2004-01-01T00:00:00+00:00 [scheduled]>
[2025-04-13T19:19:26.119-0400] {scheduler_job_runner.py:507} INFO - DAG data_ingestion_dag has 4/16 running and queued tasks
[2025-04-13T19:19:26.119-0400] {scheduler_job_runner.py:646} INFO - Setting the following tasks to queued state:
	<TaskInstance: data_ingestion_dag.ingest_data_task scheduled__2004-01-01T00:00:00+00:00 [scheduled]>
[2025-04-13T19:19:26.121-0400] {scheduler_job_runner.py:748} INFO - Trying to enqueue tasks: [<TaskInstance: data_ingestion_dag.ingest_data_task scheduled__2004-01-01T00:00:00+00:00 [scheduled]>] for executor: LocalExecutor(parallelism=32)
[2025-04-13T19:19:26.121-0400] {scheduler_job_runner.py:692} INFO - Sending TaskInstanceKey(dag_id='data_ingestion_dag', task_id='ingest_data_task', run_id='scheduled__2004-01-01T00:00:00+00:00', try_number=1, map_index=-1) to LocalExecutor with priority 6 and queue default
[2025-04-13T19:19:26.121-0400] {base_executor.py:169} INFO - Adding to queue: ['airflow', 'tasks', 'run', 'data_ingestion_dag', 'ingest_data_task', 'scheduled__2004-01-01T00:00:00+00:00', '--local', '--subdir', 'DAGS_FOLDER/ingest_data_dag.py']
[2025-04-13T19:19:26.124-0400] {local_executor.py:93} INFO - QueuedLocalWorker running ['airflow', 'tasks', 'run', 'data_ingestion_dag', 'ingest_data_task', 'scheduled__2004-01-01T00:00:00+00:00', '--local', '--subdir', 'DAGS_FOLDER/ingest_data_dag.py']
[2025-04-13T19:19:26.146-0400] {dagbag.py:588} INFO - Filling up the DagBag from /home/aguan/ontario-sunshine-salary-dashboard/airflow/dags/ingest_data_dag.py
[2025-04-13T19:19:26.185-0400] {task_command.py:467} INFO - Running <TaskInstance: data_ingestion_dag.ingest_data_task scheduled__2004-01-01T00:00:00+00:00 [queued]> on host aguan-pc2.
[2025-04-13T19:19:28.314-0400] {scheduler_job_runner.py:435} INFO - 1 tasks up for execution:
	<TaskInstance: data_ingestion_dag.upload_raw_to_gcs_task scheduled__2004-01-01T00:00:00+00:00 [scheduled]>
[2025-04-13T19:19:28.314-0400] {scheduler_job_runner.py:507} INFO - DAG data_ingestion_dag has 4/16 running and queued tasks
[2025-04-13T19:19:28.315-0400] {scheduler_job_runner.py:646} INFO - Setting the following tasks to queued state:
	<TaskInstance: data_ingestion_dag.upload_raw_to_gcs_task scheduled__2004-01-01T00:00:00+00:00 [scheduled]>
[2025-04-13T19:19:28.316-0400] {scheduler_job_runner.py:748} INFO - Trying to enqueue tasks: [<TaskInstance: data_ingestion_dag.upload_raw_to_gcs_task scheduled__2004-01-01T00:00:00+00:00 [scheduled]>] for executor: LocalExecutor(parallelism=32)
[2025-04-13T19:19:28.316-0400] {scheduler_job_runner.py:692} INFO - Sending TaskInstanceKey(dag_id='data_ingestion_dag', task_id='upload_raw_to_gcs_task', run_id='scheduled__2004-01-01T00:00:00+00:00', try_number=1, map_index=-1) to LocalExecutor with priority 5 and queue default
[2025-04-13T19:19:28.317-0400] {base_executor.py:169} INFO - Adding to queue: ['airflow', 'tasks', 'run', 'data_ingestion_dag', 'upload_raw_to_gcs_task', 'scheduled__2004-01-01T00:00:00+00:00', '--local', '--subdir', 'DAGS_FOLDER/ingest_data_dag.py']
[2025-04-13T19:19:28.319-0400] {local_executor.py:93} INFO - QueuedLocalWorker running ['airflow', 'tasks', 'run', 'data_ingestion_dag', 'upload_raw_to_gcs_task', 'scheduled__2004-01-01T00:00:00+00:00', '--local', '--subdir', 'DAGS_FOLDER/ingest_data_dag.py']
[2025-04-13T19:19:28.342-0400] {dagbag.py:588} INFO - Filling up the DagBag from /home/aguan/ontario-sunshine-salary-dashboard/airflow/dags/ingest_data_dag.py
[2025-04-13T19:19:28.396-0400] {task_command.py:467} INFO - Running <TaskInstance: data_ingestion_dag.upload_raw_to_gcs_task scheduled__2004-01-01T00:00:00+00:00 [queued]> on host aguan-pc2.
[2025-04-13T19:19:28.398-0400] {scheduler_job_runner.py:776} INFO - Received executor event with state success for task instance TaskInstanceKey(dag_id='data_ingestion_dag', task_id='ingest_data_task', run_id='scheduled__2004-01-01T00:00:00+00:00', try_number=1, map_index=-1)
[2025-04-13T19:19:28.402-0400] {scheduler_job_runner.py:813} INFO - TaskInstance Finished: dag_id=data_ingestion_dag, task_id=ingest_data_task, run_id=scheduled__2004-01-01T00:00:00+00:00, map_index=-1, run_start_date=2025-04-13 23:19:26.370117+00:00, run_end_date=2025-04-13 23:19:28.246015+00:00, run_duration=1.875898, state=success, executor=LocalExecutor(parallelism=32), executor_state=success, try_number=1, max_tries=1, job_id=57, pool=default_pool, queue=default, priority_weight=6, operator=BashOperator, queued_dttm=2025-04-13 23:19:26.119995+00:00, queued_by_job_id=1, pid=18478
[2025-04-13T19:19:46.309-0400] {dagrun.py:854} INFO - Marking run <DagRun data_ingestion_dag @ 1997-01-01 00:00:00+00:00: scheduled__1997-01-01T00:00:00+00:00, state:running, queued_at: 2025-04-13 22:59:13.037199+00:00. externally triggered: False> successful
[2025-04-13T19:19:46.310-0400] {dagrun.py:905} INFO - DagRun Finished: dag_id=data_ingestion_dag, execution_date=1997-01-01 00:00:00+00:00, run_id=scheduled__1997-01-01T00:00:00+00:00, run_start_date=2025-04-13 23:01:57.050677+00:00, run_end_date=2025-04-13 23:19:46.310114+00:00, run_duration=1069.259437, state=success, external_trigger=False, run_type=scheduled, data_interval_start=1997-01-01 00:00:00+00:00, data_interval_end=1998-01-01 00:00:00+00:00, dag_hash=bcef3e37f1accf53097d562d78be0b2d
[2025-04-13T19:19:46.312-0400] {dag.py:4180} INFO - Setting next_dagrun for data_ingestion_dag to 1998-01-01 00:00:00+00:00, run_after=1999-01-01 00:00:00+00:00
[2025-04-13T19:19:46.341-0400] {scheduler_job_runner.py:776} INFO - Received executor event with state success for task instance TaskInstanceKey(dag_id='data_ingestion_dag', task_id='validate_clean_task', run_id='scheduled__1997-01-01T00:00:00+00:00', try_number=1, map_index=-1)
[2025-04-13T19:19:46.344-0400] {scheduler_job_runner.py:813} INFO - TaskInstance Finished: dag_id=data_ingestion_dag, task_id=validate_clean_task, run_id=scheduled__1997-01-01T00:00:00+00:00, map_index=-1, run_start_date=2025-04-13 23:18:24.342368+00:00, run_end_date=2025-04-13 23:19:46.180037+00:00, run_duration=81.837669, state=success, executor=LocalExecutor(parallelism=32), executor_state=success, try_number=1, max_tries=1, job_id=53, pool=default_pool, queue=default, priority_weight=1, operator=BashOperator, queued_dttm=2025-04-13 23:18:24.221528+00:00, queued_by_job_id=1, pid=18233
[2025-04-13T19:19:47.365-0400] {dag.py:4180} INFO - Setting next_dagrun for data_ingestion_dag to 1999-01-01 00:00:00+00:00, run_after=2000-01-01 00:00:00+00:00
[2025-04-13T19:19:48.327-0400] {dag.py:4180} INFO - Setting next_dagrun for data_ingestion_dag to 2000-01-01 00:00:00+00:00, run_after=2001-01-01 00:00:00+00:00
[2025-04-13T19:19:49.385-0400] {dag.py:4180} INFO - Setting next_dagrun for data_ingestion_dag to 2001-01-01 00:00:00+00:00, run_after=2002-01-01 00:00:00+00:00
[2025-04-13T19:19:50.202-0400] {dag.py:4180} INFO - Setting next_dagrun for data_ingestion_dag to 2002-01-01 00:00:00+00:00, run_after=2003-01-01 00:00:00+00:00
[2025-04-13T19:19:50.214-0400] {dagrun.py:854} INFO - Marking run <DagRun data_ingestion_dag @ 1999-01-01 00:00:00+00:00: scheduled__1999-01-01T00:00:00+00:00, state:running, queued_at: 2025-04-13 22:59:25.798545+00:00. externally triggered: False> successful
[2025-04-13T19:19:50.215-0400] {dagrun.py:905} INFO - DagRun Finished: dag_id=data_ingestion_dag, execution_date=1999-01-01 00:00:00+00:00, run_id=scheduled__1999-01-01T00:00:00+00:00, run_start_date=2025-04-13 23:02:04.286378+00:00, run_end_date=2025-04-13 23:19:50.215250+00:00, run_duration=1065.928872, state=success, external_trigger=False, run_type=scheduled, data_interval_start=1999-01-01 00:00:00+00:00, data_interval_end=2000-01-01 00:00:00+00:00, dag_hash=bcef3e37f1accf53097d562d78be0b2d
[2025-04-13T19:19:50.218-0400] {dag.py:4180} INFO - Setting next_dagrun for data_ingestion_dag to 2000-01-01 00:00:00+00:00, run_after=2001-01-01 00:00:00+00:00
[2025-04-13T19:19:50.245-0400] {scheduler_job_runner.py:776} INFO - Received executor event with state success for task instance TaskInstanceKey(dag_id='data_ingestion_dag', task_id='validate_clean_task', run_id='scheduled__1999-01-01T00:00:00+00:00', try_number=1, map_index=-1)
[2025-04-13T19:19:50.249-0400] {scheduler_job_runner.py:813} INFO - TaskInstance Finished: dag_id=data_ingestion_dag, task_id=validate_clean_task, run_id=scheduled__1999-01-01T00:00:00+00:00, map_index=-1, run_start_date=2025-04-13 23:18:27.732978+00:00, run_end_date=2025-04-13 23:19:49.885397+00:00, run_duration=82.152419, state=success, executor=LocalExecutor(parallelism=32), executor_state=success, try_number=1, max_tries=1, job_id=54, pool=default_pool, queue=default, priority_weight=1, operator=BashOperator, queued_dttm=2025-04-13 23:18:27.607953+00:00, queued_by_job_id=1, pid=18265
[2025-04-13T19:19:51.271-0400] {dag.py:4180} INFO - Setting next_dagrun for data_ingestion_dag to 2001-01-01 00:00:00+00:00, run_after=2002-01-01 00:00:00+00:00
[2025-04-13T19:19:52.333-0400] {dag.py:4180} INFO - Setting next_dagrun for data_ingestion_dag to 2002-01-01 00:00:00+00:00, run_after=2003-01-01 00:00:00+00:00
[2025-04-13T19:19:53.389-0400] {dag.py:4180} INFO - Setting next_dagrun for data_ingestion_dag to 2003-01-01 00:00:00+00:00, run_after=2004-01-01 00:00:00+00:00
[2025-04-13T19:19:54.447-0400] {dag.py:4180} INFO - Setting next_dagrun for data_ingestion_dag to 2004-01-01 00:00:00+00:00, run_after=2005-01-01 00:00:00+00:00
[2025-04-13T19:19:55.272-0400] {dag.py:4180} INFO - Setting next_dagrun for data_ingestion_dag to 2005-01-01 00:00:00+00:00, run_after=2006-01-01 00:00:00+00:00
[2025-04-13T19:19:56.336-0400] {dag.py:4180} INFO - Setting next_dagrun for data_ingestion_dag to 2006-01-01 00:00:00+00:00, run_after=2007-01-01 00:00:00+00:00
[2025-04-13T19:19:56.383-0400] {scheduler_job_runner.py:435} INFO - 1 tasks up for execution:
	<TaskInstance: data_ingestion_dag.ingest_data_task scheduled__2005-01-01T00:00:00+00:00 [scheduled]>
[2025-04-13T19:19:56.383-0400] {scheduler_job_runner.py:507} INFO - DAG data_ingestion_dag has 3/16 running and queued tasks
[2025-04-13T19:19:56.384-0400] {scheduler_job_runner.py:646} INFO - Setting the following tasks to queued state:
	<TaskInstance: data_ingestion_dag.ingest_data_task scheduled__2005-01-01T00:00:00+00:00 [scheduled]>
[2025-04-13T19:19:56.385-0400] {scheduler_job_runner.py:748} INFO - Trying to enqueue tasks: [<TaskInstance: data_ingestion_dag.ingest_data_task scheduled__2005-01-01T00:00:00+00:00 [scheduled]>] for executor: LocalExecutor(parallelism=32)
[2025-04-13T19:19:56.385-0400] {scheduler_job_runner.py:692} INFO - Sending TaskInstanceKey(dag_id='data_ingestion_dag', task_id='ingest_data_task', run_id='scheduled__2005-01-01T00:00:00+00:00', try_number=1, map_index=-1) to LocalExecutor with priority 6 and queue default
[2025-04-13T19:19:56.386-0400] {base_executor.py:169} INFO - Adding to queue: ['airflow', 'tasks', 'run', 'data_ingestion_dag', 'ingest_data_task', 'scheduled__2005-01-01T00:00:00+00:00', '--local', '--subdir', 'DAGS_FOLDER/ingest_data_dag.py']
[2025-04-13T19:19:56.389-0400] {local_executor.py:93} INFO - QueuedLocalWorker running ['airflow', 'tasks', 'run', 'data_ingestion_dag', 'ingest_data_task', 'scheduled__2005-01-01T00:00:00+00:00', '--local', '--subdir', 'DAGS_FOLDER/ingest_data_dag.py']
[2025-04-13T19:19:56.410-0400] {dagbag.py:588} INFO - Filling up the DagBag from /home/aguan/ontario-sunshine-salary-dashboard/airflow/dags/ingest_data_dag.py
[2025-04-13T19:19:56.414-0400] {scheduler_job_runner.py:1526} INFO - DAG data_ingestion_dag is at (or above) max_active_runs (5 of 5), not creating any more runs
[2025-04-13T19:19:56.451-0400] {task_command.py:467} INFO - Running <TaskInstance: data_ingestion_dag.ingest_data_task scheduled__2005-01-01T00:00:00+00:00 [queued]> on host aguan-pc2.
[2025-04-13T19:19:56.468-0400] {scheduler_job_runner.py:435} INFO - 1 tasks up for execution:
	<TaskInstance: data_ingestion_dag.ingest_data_task scheduled__2006-01-01T00:00:00+00:00 [scheduled]>
[2025-04-13T19:19:56.468-0400] {scheduler_job_runner.py:507} INFO - DAG data_ingestion_dag has 4/16 running and queued tasks
[2025-04-13T19:19:56.468-0400] {scheduler_job_runner.py:646} INFO - Setting the following tasks to queued state:
	<TaskInstance: data_ingestion_dag.ingest_data_task scheduled__2006-01-01T00:00:00+00:00 [scheduled]>
[2025-04-13T19:19:56.470-0400] {scheduler_job_runner.py:748} INFO - Trying to enqueue tasks: [<TaskInstance: data_ingestion_dag.ingest_data_task scheduled__2006-01-01T00:00:00+00:00 [scheduled]>] for executor: LocalExecutor(parallelism=32)
[2025-04-13T19:19:56.470-0400] {scheduler_job_runner.py:692} INFO - Sending TaskInstanceKey(dag_id='data_ingestion_dag', task_id='ingest_data_task', run_id='scheduled__2006-01-01T00:00:00+00:00', try_number=1, map_index=-1) to LocalExecutor with priority 6 and queue default
[2025-04-13T19:19:56.470-0400] {base_executor.py:169} INFO - Adding to queue: ['airflow', 'tasks', 'run', 'data_ingestion_dag', 'ingest_data_task', 'scheduled__2006-01-01T00:00:00+00:00', '--local', '--subdir', 'DAGS_FOLDER/ingest_data_dag.py']
[2025-04-13T19:19:56.473-0400] {local_executor.py:93} INFO - QueuedLocalWorker running ['airflow', 'tasks', 'run', 'data_ingestion_dag', 'ingest_data_task', 'scheduled__2006-01-01T00:00:00+00:00', '--local', '--subdir', 'DAGS_FOLDER/ingest_data_dag.py']
[2025-04-13T19:19:56.494-0400] {dagbag.py:588} INFO - Filling up the DagBag from /home/aguan/ontario-sunshine-salary-dashboard/airflow/dags/ingest_data_dag.py
[2025-04-13T19:19:56.538-0400] {task_command.py:467} INFO - Running <TaskInstance: data_ingestion_dag.ingest_data_task scheduled__2006-01-01T00:00:00+00:00 [queued]> on host aguan-pc2.
[2025-04-13T19:19:58.657-0400] {scheduler_job_runner.py:435} INFO - 2 tasks up for execution:
	<TaskInstance: data_ingestion_dag.upload_raw_to_gcs_task scheduled__2005-01-01T00:00:00+00:00 [scheduled]>
	<TaskInstance: data_ingestion_dag.upload_raw_to_gcs_task scheduled__2006-01-01T00:00:00+00:00 [scheduled]>
[2025-04-13T19:19:58.657-0400] {scheduler_job_runner.py:507} INFO - DAG data_ingestion_dag has 3/16 running and queued tasks
[2025-04-13T19:19:58.657-0400] {scheduler_job_runner.py:507} INFO - DAG data_ingestion_dag has 4/16 running and queued tasks
[2025-04-13T19:19:58.657-0400] {scheduler_job_runner.py:646} INFO - Setting the following tasks to queued state:
	<TaskInstance: data_ingestion_dag.upload_raw_to_gcs_task scheduled__2005-01-01T00:00:00+00:00 [scheduled]>
	<TaskInstance: data_ingestion_dag.upload_raw_to_gcs_task scheduled__2006-01-01T00:00:00+00:00 [scheduled]>
[2025-04-13T19:19:58.659-0400] {scheduler_job_runner.py:748} INFO - Trying to enqueue tasks: [<TaskInstance: data_ingestion_dag.upload_raw_to_gcs_task scheduled__2005-01-01T00:00:00+00:00 [scheduled]>, <TaskInstance: data_ingestion_dag.upload_raw_to_gcs_task scheduled__2006-01-01T00:00:00+00:00 [scheduled]>] for executor: LocalExecutor(parallelism=32)
[2025-04-13T19:19:58.659-0400] {scheduler_job_runner.py:692} INFO - Sending TaskInstanceKey(dag_id='data_ingestion_dag', task_id='upload_raw_to_gcs_task', run_id='scheduled__2005-01-01T00:00:00+00:00', try_number=1, map_index=-1) to LocalExecutor with priority 5 and queue default
[2025-04-13T19:19:58.660-0400] {base_executor.py:169} INFO - Adding to queue: ['airflow', 'tasks', 'run', 'data_ingestion_dag', 'upload_raw_to_gcs_task', 'scheduled__2005-01-01T00:00:00+00:00', '--local', '--subdir', 'DAGS_FOLDER/ingest_data_dag.py']
[2025-04-13T19:19:58.660-0400] {scheduler_job_runner.py:692} INFO - Sending TaskInstanceKey(dag_id='data_ingestion_dag', task_id='upload_raw_to_gcs_task', run_id='scheduled__2006-01-01T00:00:00+00:00', try_number=1, map_index=-1) to LocalExecutor with priority 5 and queue default
[2025-04-13T19:19:58.660-0400] {base_executor.py:169} INFO - Adding to queue: ['airflow', 'tasks', 'run', 'data_ingestion_dag', 'upload_raw_to_gcs_task', 'scheduled__2006-01-01T00:00:00+00:00', '--local', '--subdir', 'DAGS_FOLDER/ingest_data_dag.py']
[2025-04-13T19:19:58.663-0400] {local_executor.py:93} INFO - QueuedLocalWorker running ['airflow', 'tasks', 'run', 'data_ingestion_dag', 'upload_raw_to_gcs_task', 'scheduled__2005-01-01T00:00:00+00:00', '--local', '--subdir', 'DAGS_FOLDER/ingest_data_dag.py']
[2025-04-13T19:19:58.663-0400] {local_executor.py:93} INFO - QueuedLocalWorker running ['airflow', 'tasks', 'run', 'data_ingestion_dag', 'upload_raw_to_gcs_task', 'scheduled__2006-01-01T00:00:00+00:00', '--local', '--subdir', 'DAGS_FOLDER/ingest_data_dag.py']
[2025-04-13T19:19:58.665-0400] {scheduler_job_runner.py:776} INFO - Received executor event with state success for task instance TaskInstanceKey(dag_id='data_ingestion_dag', task_id='ingest_data_task', run_id='scheduled__2005-01-01T00:00:00+00:00', try_number=1, map_index=-1)
[2025-04-13T19:19:58.665-0400] {scheduler_job_runner.py:776} INFO - Received executor event with state success for task instance TaskInstanceKey(dag_id='data_ingestion_dag', task_id='ingest_data_task', run_id='scheduled__2006-01-01T00:00:00+00:00', try_number=1, map_index=-1)
[2025-04-13T19:19:58.669-0400] {scheduler_job_runner.py:813} INFO - TaskInstance Finished: dag_id=data_ingestion_dag, task_id=ingest_data_task, run_id=scheduled__2005-01-01T00:00:00+00:00, map_index=-1, run_start_date=2025-04-13 23:19:56.631250+00:00, run_end_date=2025-04-13 23:19:58.166701+00:00, run_duration=1.535451, state=success, executor=LocalExecutor(parallelism=32), executor_state=success, try_number=1, max_tries=1, job_id=59, pool=default_pool, queue=default, priority_weight=6, operator=BashOperator, queued_dttm=2025-04-13 23:19:56.384509+00:00, queued_by_job_id=1, pid=18578
[2025-04-13T19:19:58.670-0400] {scheduler_job_runner.py:813} INFO - TaskInstance Finished: dag_id=data_ingestion_dag, task_id=ingest_data_task, run_id=scheduled__2006-01-01T00:00:00+00:00, map_index=-1, run_start_date=2025-04-13 23:19:56.715093+00:00, run_end_date=2025-04-13 23:19:58.223530+00:00, run_duration=1.508437, state=success, executor=LocalExecutor(parallelism=32), executor_state=success, try_number=1, max_tries=1, job_id=60, pool=default_pool, queue=default, priority_weight=6, operator=BashOperator, queued_dttm=2025-04-13 23:19:56.469367+00:00, queued_by_job_id=1, pid=18580
[2025-04-13T19:19:58.685-0400] {dagbag.py:588} INFO - Filling up the DagBag from /home/aguan/ontario-sunshine-salary-dashboard/airflow/dags/ingest_data_dag.py
[2025-04-13T19:19:58.686-0400] {dagbag.py:588} INFO - Filling up the DagBag from /home/aguan/ontario-sunshine-salary-dashboard/airflow/dags/ingest_data_dag.py
[2025-04-13T19:19:58.726-0400] {task_command.py:467} INFO - Running <TaskInstance: data_ingestion_dag.upload_raw_to_gcs_task scheduled__2006-01-01T00:00:00+00:00 [queued]> on host aguan-pc2.
[2025-04-13T19:19:58.727-0400] {task_command.py:467} INFO - Running <TaskInstance: data_ingestion_dag.upload_raw_to_gcs_task scheduled__2005-01-01T00:00:00+00:00 [queued]> on host aguan-pc2.
[2025-04-13T19:21:28.364-0400] {scheduler_job_runner.py:435} INFO - 1 tasks up for execution:
	<TaskInstance: data_ingestion_dag.merge_raw_files_task manual__2025-04-13T22:59:01.601706+00:00 [scheduled]>
[2025-04-13T19:21:28.365-0400] {scheduler_job_runner.py:507} INFO - DAG data_ingestion_dag has 4/16 running and queued tasks
[2025-04-13T19:21:28.365-0400] {scheduler_job_runner.py:646} INFO - Setting the following tasks to queued state:
	<TaskInstance: data_ingestion_dag.merge_raw_files_task manual__2025-04-13T22:59:01.601706+00:00 [scheduled]>
[2025-04-13T19:21:28.366-0400] {scheduler_job_runner.py:748} INFO - Trying to enqueue tasks: [<TaskInstance: data_ingestion_dag.merge_raw_files_task manual__2025-04-13T22:59:01.601706+00:00 [scheduled]>] for executor: LocalExecutor(parallelism=32)
[2025-04-13T19:21:28.366-0400] {scheduler_job_runner.py:692} INFO - Sending TaskInstanceKey(dag_id='data_ingestion_dag', task_id='merge_raw_files_task', run_id='manual__2025-04-13T22:59:01.601706+00:00', try_number=1, map_index=-1) to LocalExecutor with priority 4 and queue default
[2025-04-13T19:21:28.367-0400] {base_executor.py:169} INFO - Adding to queue: ['airflow', 'tasks', 'run', 'data_ingestion_dag', 'merge_raw_files_task', 'manual__2025-04-13T22:59:01.601706+00:00', '--local', '--subdir', 'DAGS_FOLDER/ingest_data_dag.py']
[2025-04-13T19:21:28.369-0400] {scheduler_job_runner.py:776} INFO - Received executor event with state success for task instance TaskInstanceKey(dag_id='data_ingestion_dag', task_id='upload_raw_to_gcs_task', run_id='manual__2025-04-13T22:59:01.601706+00:00', try_number=1, map_index=-1)
[2025-04-13T19:21:28.369-0400] {local_executor.py:93} INFO - QueuedLocalWorker running ['airflow', 'tasks', 'run', 'data_ingestion_dag', 'merge_raw_files_task', 'manual__2025-04-13T22:59:01.601706+00:00', '--local', '--subdir', 'DAGS_FOLDER/ingest_data_dag.py']
[2025-04-13T19:21:28.373-0400] {scheduler_job_runner.py:813} INFO - TaskInstance Finished: dag_id=data_ingestion_dag, task_id=upload_raw_to_gcs_task, run_id=manual__2025-04-13T22:59:01.601706+00:00, map_index=-1, run_start_date=2025-04-13 23:19:04.596637+00:00, run_end_date=2025-04-13 23:21:27.899534+00:00, run_duration=143.302897, state=success, executor=LocalExecutor(parallelism=32), executor_state=success, try_number=1, max_tries=1, job_id=56, pool=default_pool, queue=default, priority_weight=5, operator=BashOperator, queued_dttm=2025-04-13 23:19:04.368148+00:00, queued_by_job_id=1, pid=18403
[2025-04-13T19:21:28.391-0400] {dagbag.py:588} INFO - Filling up the DagBag from /home/aguan/ontario-sunshine-salary-dashboard/airflow/dags/ingest_data_dag.py
[2025-04-13T19:21:28.429-0400] {task_command.py:467} INFO - Running <TaskInstance: data_ingestion_dag.merge_raw_files_task manual__2025-04-13T22:59:01.601706+00:00 [queued]> on host aguan-pc2.
[2025-04-13T19:22:20.944-0400] {scheduler_job_runner.py:435} INFO - 1 tasks up for execution:
	<TaskInstance: data_ingestion_dag.merge_raw_files_task scheduled__2004-01-01T00:00:00+00:00 [scheduled]>
[2025-04-13T19:22:20.944-0400] {scheduler_job_runner.py:507} INFO - DAG data_ingestion_dag has 4/16 running and queued tasks
[2025-04-13T19:22:20.945-0400] {scheduler_job_runner.py:646} INFO - Setting the following tasks to queued state:
	<TaskInstance: data_ingestion_dag.merge_raw_files_task scheduled__2004-01-01T00:00:00+00:00 [scheduled]>
[2025-04-13T19:22:20.946-0400] {scheduler_job_runner.py:748} INFO - Trying to enqueue tasks: [<TaskInstance: data_ingestion_dag.merge_raw_files_task scheduled__2004-01-01T00:00:00+00:00 [scheduled]>] for executor: LocalExecutor(parallelism=32)
[2025-04-13T19:22:20.946-0400] {scheduler_job_runner.py:692} INFO - Sending TaskInstanceKey(dag_id='data_ingestion_dag', task_id='merge_raw_files_task', run_id='scheduled__2004-01-01T00:00:00+00:00', try_number=1, map_index=-1) to LocalExecutor with priority 4 and queue default
[2025-04-13T19:22:20.946-0400] {base_executor.py:169} INFO - Adding to queue: ['airflow', 'tasks', 'run', 'data_ingestion_dag', 'merge_raw_files_task', 'scheduled__2004-01-01T00:00:00+00:00', '--local', '--subdir', 'DAGS_FOLDER/ingest_data_dag.py']
[2025-04-13T19:22:20.949-0400] {scheduler_job_runner.py:776} INFO - Received executor event with state success for task instance TaskInstanceKey(dag_id='data_ingestion_dag', task_id='upload_raw_to_gcs_task', run_id='scheduled__2004-01-01T00:00:00+00:00', try_number=1, map_index=-1)
[2025-04-13T19:22:20.949-0400] {local_executor.py:93} INFO - QueuedLocalWorker running ['airflow', 'tasks', 'run', 'data_ingestion_dag', 'merge_raw_files_task', 'scheduled__2004-01-01T00:00:00+00:00', '--local', '--subdir', 'DAGS_FOLDER/ingest_data_dag.py']
[2025-04-13T19:22:20.952-0400] {scheduler_job_runner.py:813} INFO - TaskInstance Finished: dag_id=data_ingestion_dag, task_id=upload_raw_to_gcs_task, run_id=scheduled__2004-01-01T00:00:00+00:00, map_index=-1, run_start_date=2025-04-13 23:19:28.595570+00:00, run_end_date=2025-04-13 23:22:20.769550+00:00, run_duration=172.17398, state=success, executor=LocalExecutor(parallelism=32), executor_state=success, try_number=1, max_tries=1, job_id=58, pool=default_pool, queue=default, priority_weight=5, operator=BashOperator, queued_dttm=2025-04-13 23:19:28.315554+00:00, queued_by_job_id=1, pid=18488
[2025-04-13T19:22:20.971-0400] {dagbag.py:588} INFO - Filling up the DagBag from /home/aguan/ontario-sunshine-salary-dashboard/airflow/dags/ingest_data_dag.py
[2025-04-13T19:22:21.006-0400] {task_command.py:467} INFO - Running <TaskInstance: data_ingestion_dag.merge_raw_files_task scheduled__2004-01-01T00:00:00+00:00 [queued]> on host aguan-pc2.
[2025-04-13T19:22:31.890-0400] {scheduler_job_runner.py:435} INFO - 1 tasks up for execution:
	<TaskInstance: data_ingestion_dag.validate_merge_task manual__2025-04-13T22:52:56.092544+00:00 [scheduled]>
[2025-04-13T19:22:31.891-0400] {scheduler_job_runner.py:507} INFO - DAG data_ingestion_dag has 4/16 running and queued tasks
[2025-04-13T19:22:31.891-0400] {scheduler_job_runner.py:646} INFO - Setting the following tasks to queued state:
	<TaskInstance: data_ingestion_dag.validate_merge_task manual__2025-04-13T22:52:56.092544+00:00 [scheduled]>
[2025-04-13T19:22:31.892-0400] {scheduler_job_runner.py:748} INFO - Trying to enqueue tasks: [<TaskInstance: data_ingestion_dag.validate_merge_task manual__2025-04-13T22:52:56.092544+00:00 [scheduled]>] for executor: LocalExecutor(parallelism=32)
[2025-04-13T19:22:31.892-0400] {scheduler_job_runner.py:692} INFO - Sending TaskInstanceKey(dag_id='data_ingestion_dag', task_id='validate_merge_task', run_id='manual__2025-04-13T22:52:56.092544+00:00', try_number=1, map_index=-1) to LocalExecutor with priority 3 and queue default
[2025-04-13T19:22:31.893-0400] {base_executor.py:169} INFO - Adding to queue: ['airflow', 'tasks', 'run', 'data_ingestion_dag', 'validate_merge_task', 'manual__2025-04-13T22:52:56.092544+00:00', '--local', '--subdir', 'DAGS_FOLDER/ingest_data_dag.py']
[2025-04-13T19:22:31.896-0400] {scheduler_job_runner.py:776} INFO - Received executor event with state success for task instance TaskInstanceKey(dag_id='data_ingestion_dag', task_id='merge_raw_files_task', run_id='manual__2025-04-13T22:52:56.092544+00:00', try_number=1, map_index=-1)
[2025-04-13T19:22:31.895-0400] {local_executor.py:93} INFO - QueuedLocalWorker running ['airflow', 'tasks', 'run', 'data_ingestion_dag', 'validate_merge_task', 'manual__2025-04-13T22:52:56.092544+00:00', '--local', '--subdir', 'DAGS_FOLDER/ingest_data_dag.py']
[2025-04-13T19:22:31.899-0400] {scheduler_job_runner.py:813} INFO - TaskInstance Finished: dag_id=data_ingestion_dag, task_id=merge_raw_files_task, run_id=manual__2025-04-13T22:52:56.092544+00:00, map_index=-1, run_start_date=2025-04-13 23:16:26.799414+00:00, run_end_date=2025-04-13 23:22:31.714868+00:00, run_duration=364.915454, state=success, executor=LocalExecutor(parallelism=32), executor_state=success, try_number=1, max_tries=1, job_id=50, pool=default_pool, queue=default, priority_weight=4, operator=BashOperator, queued_dttm=2025-04-13 23:16:26.577017+00:00, queued_by_job_id=1, pid=17792
[2025-04-13T19:22:31.915-0400] {dagbag.py:588} INFO - Filling up the DagBag from /home/aguan/ontario-sunshine-salary-dashboard/airflow/dags/ingest_data_dag.py
[2025-04-13T19:22:31.950-0400] {task_command.py:467} INFO - Running <TaskInstance: data_ingestion_dag.validate_merge_task manual__2025-04-13T22:52:56.092544+00:00 [queued]> on host aguan-pc2.
[2025-04-13T19:22:47.083-0400] {scheduler_job_runner.py:435} INFO - 1 tasks up for execution:
	<TaskInstance: data_ingestion_dag.merge_raw_files_task scheduled__2005-01-01T00:00:00+00:00 [scheduled]>
[2025-04-13T19:22:47.084-0400] {scheduler_job_runner.py:507} INFO - DAG data_ingestion_dag has 4/16 running and queued tasks
[2025-04-13T19:22:47.084-0400] {scheduler_job_runner.py:646} INFO - Setting the following tasks to queued state:
	<TaskInstance: data_ingestion_dag.merge_raw_files_task scheduled__2005-01-01T00:00:00+00:00 [scheduled]>
[2025-04-13T19:22:47.085-0400] {scheduler_job_runner.py:748} INFO - Trying to enqueue tasks: [<TaskInstance: data_ingestion_dag.merge_raw_files_task scheduled__2005-01-01T00:00:00+00:00 [scheduled]>] for executor: LocalExecutor(parallelism=32)
[2025-04-13T19:22:47.086-0400] {scheduler_job_runner.py:692} INFO - Sending TaskInstanceKey(dag_id='data_ingestion_dag', task_id='merge_raw_files_task', run_id='scheduled__2005-01-01T00:00:00+00:00', try_number=1, map_index=-1) to LocalExecutor with priority 4 and queue default
[2025-04-13T19:22:47.086-0400] {base_executor.py:169} INFO - Adding to queue: ['airflow', 'tasks', 'run', 'data_ingestion_dag', 'merge_raw_files_task', 'scheduled__2005-01-01T00:00:00+00:00', '--local', '--subdir', 'DAGS_FOLDER/ingest_data_dag.py']
[2025-04-13T19:22:47.089-0400] {scheduler_job_runner.py:776} INFO - Received executor event with state success for task instance TaskInstanceKey(dag_id='data_ingestion_dag', task_id='upload_raw_to_gcs_task', run_id='scheduled__2005-01-01T00:00:00+00:00', try_number=1, map_index=-1)
[2025-04-13T19:22:47.089-0400] {local_executor.py:93} INFO - QueuedLocalWorker running ['airflow', 'tasks', 'run', 'data_ingestion_dag', 'merge_raw_files_task', 'scheduled__2005-01-01T00:00:00+00:00', '--local', '--subdir', 'DAGS_FOLDER/ingest_data_dag.py']
[2025-04-13T19:22:47.093-0400] {scheduler_job_runner.py:813} INFO - TaskInstance Finished: dag_id=data_ingestion_dag, task_id=upload_raw_to_gcs_task, run_id=scheduled__2005-01-01T00:00:00+00:00, map_index=-1, run_start_date=2025-04-13 23:19:58.902253+00:00, run_end_date=2025-04-13 23:22:46.946359+00:00, run_duration=168.044106, state=success, executor=LocalExecutor(parallelism=32), executor_state=success, try_number=1, max_tries=1, job_id=61, pool=default_pool, queue=default, priority_weight=5, operator=BashOperator, queued_dttm=2025-04-13 23:19:58.658307+00:00, queued_by_job_id=1, pid=18592
[2025-04-13T19:22:47.111-0400] {dagbag.py:588} INFO - Filling up the DagBag from /home/aguan/ontario-sunshine-salary-dashboard/airflow/dags/ingest_data_dag.py
[2025-04-13T19:22:47.151-0400] {task_command.py:467} INFO - Running <TaskInstance: data_ingestion_dag.merge_raw_files_task scheduled__2005-01-01T00:00:00+00:00 [queued]> on host aguan-pc2.
[2025-04-13T19:22:53.129-0400] {scheduler_job_runner.py:435} INFO - 1 tasks up for execution:
	<TaskInstance: data_ingestion_dag.merge_raw_files_task scheduled__2006-01-01T00:00:00+00:00 [scheduled]>
[2025-04-13T19:22:53.130-0400] {scheduler_job_runner.py:507} INFO - DAG data_ingestion_dag has 4/16 running and queued tasks
[2025-04-13T19:22:53.130-0400] {scheduler_job_runner.py:646} INFO - Setting the following tasks to queued state:
	<TaskInstance: data_ingestion_dag.merge_raw_files_task scheduled__2006-01-01T00:00:00+00:00 [scheduled]>
[2025-04-13T19:22:53.131-0400] {scheduler_job_runner.py:748} INFO - Trying to enqueue tasks: [<TaskInstance: data_ingestion_dag.merge_raw_files_task scheduled__2006-01-01T00:00:00+00:00 [scheduled]>] for executor: LocalExecutor(parallelism=32)
[2025-04-13T19:22:53.131-0400] {scheduler_job_runner.py:692} INFO - Sending TaskInstanceKey(dag_id='data_ingestion_dag', task_id='merge_raw_files_task', run_id='scheduled__2006-01-01T00:00:00+00:00', try_number=1, map_index=-1) to LocalExecutor with priority 4 and queue default
[2025-04-13T19:22:53.131-0400] {base_executor.py:169} INFO - Adding to queue: ['airflow', 'tasks', 'run', 'data_ingestion_dag', 'merge_raw_files_task', 'scheduled__2006-01-01T00:00:00+00:00', '--local', '--subdir', 'DAGS_FOLDER/ingest_data_dag.py']
[2025-04-13T19:22:53.134-0400] {local_executor.py:93} INFO - QueuedLocalWorker running ['airflow', 'tasks', 'run', 'data_ingestion_dag', 'merge_raw_files_task', 'scheduled__2006-01-01T00:00:00+00:00', '--local', '--subdir', 'DAGS_FOLDER/ingest_data_dag.py']
[2025-04-13T19:22:53.134-0400] {scheduler_job_runner.py:776} INFO - Received executor event with state success for task instance TaskInstanceKey(dag_id='data_ingestion_dag', task_id='upload_raw_to_gcs_task', run_id='scheduled__2006-01-01T00:00:00+00:00', try_number=1, map_index=-1)
[2025-04-13T19:22:53.139-0400] {scheduler_job_runner.py:813} INFO - TaskInstance Finished: dag_id=data_ingestion_dag, task_id=upload_raw_to_gcs_task, run_id=scheduled__2006-01-01T00:00:00+00:00, map_index=-1, run_start_date=2025-04-13 23:19:58.904760+00:00, run_end_date=2025-04-13 23:22:52.796290+00:00, run_duration=173.89153, state=success, executor=LocalExecutor(parallelism=32), executor_state=success, try_number=1, max_tries=1, job_id=62, pool=default_pool, queue=default, priority_weight=5, operator=BashOperator, queued_dttm=2025-04-13 23:19:58.658307+00:00, queued_by_job_id=1, pid=18594
[2025-04-13T19:22:53.156-0400] {dagbag.py:588} INFO - Filling up the DagBag from /home/aguan/ontario-sunshine-salary-dashboard/airflow/dags/ingest_data_dag.py
[2025-04-13T19:22:53.197-0400] {task_command.py:467} INFO - Running <TaskInstance: data_ingestion_dag.merge_raw_files_task scheduled__2006-01-01T00:00:00+00:00 [queued]> on host aguan-pc2.
[2025-04-13T19:24:20.707-0400] {scheduler_job_runner.py:1949} INFO - Adopting or resetting orphaned tasks for active dag runs
[2025-04-13T19:24:56.714-0400] {scheduler_job_runner.py:435} INFO - 1 tasks up for execution:
	<TaskInstance: data_ingestion_dag.clean_data_task manual__2025-04-13T22:52:56.092544+00:00 [scheduled]>
[2025-04-13T19:24:56.715-0400] {scheduler_job_runner.py:507} INFO - DAG data_ingestion_dag has 4/16 running and queued tasks
[2025-04-13T19:24:56.715-0400] {scheduler_job_runner.py:646} INFO - Setting the following tasks to queued state:
	<TaskInstance: data_ingestion_dag.clean_data_task manual__2025-04-13T22:52:56.092544+00:00 [scheduled]>
[2025-04-13T19:24:56.717-0400] {scheduler_job_runner.py:748} INFO - Trying to enqueue tasks: [<TaskInstance: data_ingestion_dag.clean_data_task manual__2025-04-13T22:52:56.092544+00:00 [scheduled]>] for executor: LocalExecutor(parallelism=32)
[2025-04-13T19:24:56.718-0400] {scheduler_job_runner.py:692} INFO - Sending TaskInstanceKey(dag_id='data_ingestion_dag', task_id='clean_data_task', run_id='manual__2025-04-13T22:52:56.092544+00:00', try_number=1, map_index=-1) to LocalExecutor with priority 2 and queue default
[2025-04-13T19:24:56.718-0400] {base_executor.py:169} INFO - Adding to queue: ['airflow', 'tasks', 'run', 'data_ingestion_dag', 'clean_data_task', 'manual__2025-04-13T22:52:56.092544+00:00', '--local', '--subdir', 'DAGS_FOLDER/ingest_data_dag.py']
[2025-04-13T19:24:56.721-0400] {scheduler_job_runner.py:776} INFO - Received executor event with state success for task instance TaskInstanceKey(dag_id='data_ingestion_dag', task_id='validate_merge_task', run_id='manual__2025-04-13T22:52:56.092544+00:00', try_number=1, map_index=-1)
[2025-04-13T19:24:56.721-0400] {local_executor.py:93} INFO - QueuedLocalWorker running ['airflow', 'tasks', 'run', 'data_ingestion_dag', 'clean_data_task', 'manual__2025-04-13T22:52:56.092544+00:00', '--local', '--subdir', 'DAGS_FOLDER/ingest_data_dag.py']
[2025-04-13T19:24:56.726-0400] {scheduler_job_runner.py:813} INFO - TaskInstance Finished: dag_id=data_ingestion_dag, task_id=validate_merge_task, run_id=manual__2025-04-13T22:52:56.092544+00:00, map_index=-1, run_start_date=2025-04-13 23:22:32.111163+00:00, run_end_date=2025-04-13 23:24:56.313065+00:00, run_duration=144.201902, state=success, executor=LocalExecutor(parallelism=32), executor_state=success, try_number=1, max_tries=1, job_id=65, pool=default_pool, queue=default, priority_weight=3, operator=BashOperator, queued_dttm=2025-04-13 23:22:31.891567+00:00, queued_by_job_id=1, pid=19151
[2025-04-13T19:24:56.746-0400] {dagbag.py:588} INFO - Filling up the DagBag from /home/aguan/ontario-sunshine-salary-dashboard/airflow/dags/ingest_data_dag.py
[2025-04-13T19:24:56.789-0400] {task_command.py:467} INFO - Running <TaskInstance: data_ingestion_dag.clean_data_task manual__2025-04-13T22:52:56.092544+00:00 [queued]> on host aguan-pc2.
[2025-04-13T19:27:12.344-0400] {scheduler_job_runner.py:435} INFO - 1 tasks up for execution:
	<TaskInstance: data_ingestion_dag.validate_merge_task manual__2025-04-13T22:59:01.601706+00:00 [scheduled]>
[2025-04-13T19:27:12.345-0400] {scheduler_job_runner.py:507} INFO - DAG data_ingestion_dag has 4/16 running and queued tasks
[2025-04-13T19:27:12.345-0400] {scheduler_job_runner.py:646} INFO - Setting the following tasks to queued state:
	<TaskInstance: data_ingestion_dag.validate_merge_task manual__2025-04-13T22:59:01.601706+00:00 [scheduled]>
[2025-04-13T19:27:12.347-0400] {scheduler_job_runner.py:748} INFO - Trying to enqueue tasks: [<TaskInstance: data_ingestion_dag.validate_merge_task manual__2025-04-13T22:59:01.601706+00:00 [scheduled]>] for executor: LocalExecutor(parallelism=32)
[2025-04-13T19:27:12.347-0400] {scheduler_job_runner.py:692} INFO - Sending TaskInstanceKey(dag_id='data_ingestion_dag', task_id='validate_merge_task', run_id='manual__2025-04-13T22:59:01.601706+00:00', try_number=1, map_index=-1) to LocalExecutor with priority 3 and queue default
[2025-04-13T19:27:12.347-0400] {base_executor.py:169} INFO - Adding to queue: ['airflow', 'tasks', 'run', 'data_ingestion_dag', 'validate_merge_task', 'manual__2025-04-13T22:59:01.601706+00:00', '--local', '--subdir', 'DAGS_FOLDER/ingest_data_dag.py']
[2025-04-13T19:27:12.351-0400] {scheduler_job_runner.py:776} INFO - Received executor event with state success for task instance TaskInstanceKey(dag_id='data_ingestion_dag', task_id='merge_raw_files_task', run_id='manual__2025-04-13T22:59:01.601706+00:00', try_number=1, map_index=-1)
[2025-04-13T19:27:12.351-0400] {local_executor.py:93} INFO - QueuedLocalWorker running ['airflow', 'tasks', 'run', 'data_ingestion_dag', 'validate_merge_task', 'manual__2025-04-13T22:59:01.601706+00:00', '--local', '--subdir', 'DAGS_FOLDER/ingest_data_dag.py']
[2025-04-13T19:27:12.355-0400] {scheduler_job_runner.py:813} INFO - TaskInstance Finished: dag_id=data_ingestion_dag, task_id=merge_raw_files_task, run_id=manual__2025-04-13T22:59:01.601706+00:00, map_index=-1, run_start_date=2025-04-13 23:21:28.600895+00:00, run_end_date=2025-04-13 23:27:11.934402+00:00, run_duration=343.333507, state=success, executor=LocalExecutor(parallelism=32), executor_state=success, try_number=1, max_tries=1, job_id=63, pool=default_pool, queue=default, priority_weight=4, operator=BashOperator, queued_dttm=2025-04-13 23:21:28.365692+00:00, queued_by_job_id=1, pid=18873
[2025-04-13T19:27:12.374-0400] {dagbag.py:588} INFO - Filling up the DagBag from /home/aguan/ontario-sunshine-salary-dashboard/airflow/dags/ingest_data_dag.py
[2025-04-13T19:27:12.417-0400] {task_command.py:467} INFO - Running <TaskInstance: data_ingestion_dag.validate_merge_task manual__2025-04-13T22:59:01.601706+00:00 [queued]> on host aguan-pc2.
[2025-04-13T19:27:53.643-0400] {scheduler_job_runner.py:435} INFO - 1 tasks up for execution:
	<TaskInstance: data_ingestion_dag.validate_merge_task scheduled__2004-01-01T00:00:00+00:00 [scheduled]>
[2025-04-13T19:27:53.643-0400] {scheduler_job_runner.py:507} INFO - DAG data_ingestion_dag has 4/16 running and queued tasks
[2025-04-13T19:27:53.644-0400] {scheduler_job_runner.py:646} INFO - Setting the following tasks to queued state:
	<TaskInstance: data_ingestion_dag.validate_merge_task scheduled__2004-01-01T00:00:00+00:00 [scheduled]>
[2025-04-13T19:27:53.645-0400] {scheduler_job_runner.py:748} INFO - Trying to enqueue tasks: [<TaskInstance: data_ingestion_dag.validate_merge_task scheduled__2004-01-01T00:00:00+00:00 [scheduled]>] for executor: LocalExecutor(parallelism=32)
[2025-04-13T19:27:53.645-0400] {scheduler_job_runner.py:692} INFO - Sending TaskInstanceKey(dag_id='data_ingestion_dag', task_id='validate_merge_task', run_id='scheduled__2004-01-01T00:00:00+00:00', try_number=1, map_index=-1) to LocalExecutor with priority 3 and queue default
[2025-04-13T19:27:53.646-0400] {base_executor.py:169} INFO - Adding to queue: ['airflow', 'tasks', 'run', 'data_ingestion_dag', 'validate_merge_task', 'scheduled__2004-01-01T00:00:00+00:00', '--local', '--subdir', 'DAGS_FOLDER/ingest_data_dag.py']
[2025-04-13T19:27:53.649-0400] {scheduler_job_runner.py:776} INFO - Received executor event with state success for task instance TaskInstanceKey(dag_id='data_ingestion_dag', task_id='merge_raw_files_task', run_id='scheduled__2004-01-01T00:00:00+00:00', try_number=1, map_index=-1)
[2025-04-13T19:27:53.649-0400] {local_executor.py:93} INFO - QueuedLocalWorker running ['airflow', 'tasks', 'run', 'data_ingestion_dag', 'validate_merge_task', 'scheduled__2004-01-01T00:00:00+00:00', '--local', '--subdir', 'DAGS_FOLDER/ingest_data_dag.py']
[2025-04-13T19:27:53.652-0400] {scheduler_job_runner.py:813} INFO - TaskInstance Finished: dag_id=data_ingestion_dag, task_id=merge_raw_files_task, run_id=scheduled__2004-01-01T00:00:00+00:00, map_index=-1, run_start_date=2025-04-13 23:22:21.169061+00:00, run_end_date=2025-04-13 23:27:52.939622+00:00, run_duration=331.770561, state=success, executor=LocalExecutor(parallelism=32), executor_state=success, try_number=1, max_tries=1, job_id=64, pool=default_pool, queue=default, priority_weight=4, operator=BashOperator, queued_dttm=2025-04-13 23:22:20.945590+00:00, queued_by_job_id=1, pid=19069
[2025-04-13T19:27:53.670-0400] {dagbag.py:588} INFO - Filling up the DagBag from /home/aguan/ontario-sunshine-salary-dashboard/airflow/dags/ingest_data_dag.py
[2025-04-13T19:27:53.714-0400] {task_command.py:467} INFO - Running <TaskInstance: data_ingestion_dag.validate_merge_task scheduled__2004-01-01T00:00:00+00:00 [queued]> on host aguan-pc2.
[2025-04-13T19:28:31.980-0400] {scheduler_job_runner.py:435} INFO - 1 tasks up for execution:
	<TaskInstance: data_ingestion_dag.validate_merge_task scheduled__2005-01-01T00:00:00+00:00 [scheduled]>
[2025-04-13T19:28:31.980-0400] {scheduler_job_runner.py:507} INFO - DAG data_ingestion_dag has 4/16 running and queued tasks
[2025-04-13T19:28:31.980-0400] {scheduler_job_runner.py:646} INFO - Setting the following tasks to queued state:
	<TaskInstance: data_ingestion_dag.validate_merge_task scheduled__2005-01-01T00:00:00+00:00 [scheduled]>
[2025-04-13T19:28:31.982-0400] {scheduler_job_runner.py:748} INFO - Trying to enqueue tasks: [<TaskInstance: data_ingestion_dag.validate_merge_task scheduled__2005-01-01T00:00:00+00:00 [scheduled]>] for executor: LocalExecutor(parallelism=32)
[2025-04-13T19:28:31.982-0400] {scheduler_job_runner.py:692} INFO - Sending TaskInstanceKey(dag_id='data_ingestion_dag', task_id='validate_merge_task', run_id='scheduled__2005-01-01T00:00:00+00:00', try_number=1, map_index=-1) to LocalExecutor with priority 3 and queue default
[2025-04-13T19:28:31.982-0400] {base_executor.py:169} INFO - Adding to queue: ['airflow', 'tasks', 'run', 'data_ingestion_dag', 'validate_merge_task', 'scheduled__2005-01-01T00:00:00+00:00', '--local', '--subdir', 'DAGS_FOLDER/ingest_data_dag.py']
[2025-04-13T19:28:31.985-0400] {scheduler_job_runner.py:776} INFO - Received executor event with state success for task instance TaskInstanceKey(dag_id='data_ingestion_dag', task_id='merge_raw_files_task', run_id='scheduled__2005-01-01T00:00:00+00:00', try_number=1, map_index=-1)
[2025-04-13T19:28:31.985-0400] {local_executor.py:93} INFO - QueuedLocalWorker running ['airflow', 'tasks', 'run', 'data_ingestion_dag', 'validate_merge_task', 'scheduled__2005-01-01T00:00:00+00:00', '--local', '--subdir', 'DAGS_FOLDER/ingest_data_dag.py']
[2025-04-13T19:28:31.989-0400] {scheduler_job_runner.py:813} INFO - TaskInstance Finished: dag_id=data_ingestion_dag, task_id=merge_raw_files_task, run_id=scheduled__2005-01-01T00:00:00+00:00, map_index=-1, run_start_date=2025-04-13 23:22:47.242097+00:00, run_end_date=2025-04-13 23:28:31.700877+00:00, run_duration=344.45878, state=success, executor=LocalExecutor(parallelism=32), executor_state=success, try_number=1, max_tries=1, job_id=66, pool=default_pool, queue=default, priority_weight=4, operator=BashOperator, queued_dttm=2025-04-13 23:22:47.084779+00:00, queued_by_job_id=1, pid=19213
[2025-04-13T19:28:32.007-0400] {dagbag.py:588} INFO - Filling up the DagBag from /home/aguan/ontario-sunshine-salary-dashboard/airflow/dags/ingest_data_dag.py
[2025-04-13T19:28:32.048-0400] {task_command.py:467} INFO - Running <TaskInstance: data_ingestion_dag.validate_merge_task scheduled__2005-01-01T00:00:00+00:00 [queued]> on host aguan-pc2.
[2025-04-13T19:28:34.159-0400] {scheduler_job_runner.py:435} INFO - 1 tasks up for execution:
	<TaskInstance: data_ingestion_dag.validate_clean_task manual__2025-04-13T22:52:56.092544+00:00 [scheduled]>
[2025-04-13T19:28:34.159-0400] {scheduler_job_runner.py:507} INFO - DAG data_ingestion_dag has 4/16 running and queued tasks
[2025-04-13T19:28:34.159-0400] {scheduler_job_runner.py:646} INFO - Setting the following tasks to queued state:
	<TaskInstance: data_ingestion_dag.validate_clean_task manual__2025-04-13T22:52:56.092544+00:00 [scheduled]>
[2025-04-13T19:28:34.161-0400] {scheduler_job_runner.py:748} INFO - Trying to enqueue tasks: [<TaskInstance: data_ingestion_dag.validate_clean_task manual__2025-04-13T22:52:56.092544+00:00 [scheduled]>] for executor: LocalExecutor(parallelism=32)
[2025-04-13T19:28:34.161-0400] {scheduler_job_runner.py:692} INFO - Sending TaskInstanceKey(dag_id='data_ingestion_dag', task_id='validate_clean_task', run_id='manual__2025-04-13T22:52:56.092544+00:00', try_number=1, map_index=-1) to LocalExecutor with priority 1 and queue default
[2025-04-13T19:28:34.161-0400] {base_executor.py:169} INFO - Adding to queue: ['airflow', 'tasks', 'run', 'data_ingestion_dag', 'validate_clean_task', 'manual__2025-04-13T22:52:56.092544+00:00', '--local', '--subdir', 'DAGS_FOLDER/ingest_data_dag.py']
[2025-04-13T19:28:34.164-0400] {scheduler_job_runner.py:776} INFO - Received executor event with state success for task instance TaskInstanceKey(dag_id='data_ingestion_dag', task_id='clean_data_task', run_id='manual__2025-04-13T22:52:56.092544+00:00', try_number=1, map_index=-1)
[2025-04-13T19:28:34.164-0400] {local_executor.py:93} INFO - QueuedLocalWorker running ['airflow', 'tasks', 'run', 'data_ingestion_dag', 'validate_clean_task', 'manual__2025-04-13T22:52:56.092544+00:00', '--local', '--subdir', 'DAGS_FOLDER/ingest_data_dag.py']
[2025-04-13T19:28:34.168-0400] {scheduler_job_runner.py:813} INFO - TaskInstance Finished: dag_id=data_ingestion_dag, task_id=clean_data_task, run_id=manual__2025-04-13T22:52:56.092544+00:00, map_index=-1, run_start_date=2025-04-13 23:24:56.993740+00:00, run_end_date=2025-04-13 23:28:33.717476+00:00, run_duration=216.723736, state=success, executor=LocalExecutor(parallelism=32), executor_state=success, try_number=1, max_tries=1, job_id=68, pool=default_pool, queue=default, priority_weight=2, operator=BashOperator, queued_dttm=2025-04-13 23:24:56.716008+00:00, queued_by_job_id=1, pid=19689
[2025-04-13T19:28:34.184-0400] {dagbag.py:588} INFO - Filling up the DagBag from /home/aguan/ontario-sunshine-salary-dashboard/airflow/dags/ingest_data_dag.py
[2025-04-13T19:28:34.222-0400] {task_command.py:467} INFO - Running <TaskInstance: data_ingestion_dag.validate_clean_task manual__2025-04-13T22:52:56.092544+00:00 [queued]> on host aguan-pc2.
[2025-04-13T19:28:35.280-0400] {scheduler_job_runner.py:435} INFO - 1 tasks up for execution:
	<TaskInstance: data_ingestion_dag.validate_merge_task scheduled__2006-01-01T00:00:00+00:00 [scheduled]>
[2025-04-13T19:28:35.280-0400] {scheduler_job_runner.py:507} INFO - DAG data_ingestion_dag has 4/16 running and queued tasks
[2025-04-13T19:28:35.281-0400] {scheduler_job_runner.py:646} INFO - Setting the following tasks to queued state:
	<TaskInstance: data_ingestion_dag.validate_merge_task scheduled__2006-01-01T00:00:00+00:00 [scheduled]>
[2025-04-13T19:28:35.282-0400] {scheduler_job_runner.py:748} INFO - Trying to enqueue tasks: [<TaskInstance: data_ingestion_dag.validate_merge_task scheduled__2006-01-01T00:00:00+00:00 [scheduled]>] for executor: LocalExecutor(parallelism=32)
[2025-04-13T19:28:35.282-0400] {scheduler_job_runner.py:692} INFO - Sending TaskInstanceKey(dag_id='data_ingestion_dag', task_id='validate_merge_task', run_id='scheduled__2006-01-01T00:00:00+00:00', try_number=1, map_index=-1) to LocalExecutor with priority 3 and queue default
[2025-04-13T19:28:35.282-0400] {base_executor.py:169} INFO - Adding to queue: ['airflow', 'tasks', 'run', 'data_ingestion_dag', 'validate_merge_task', 'scheduled__2006-01-01T00:00:00+00:00', '--local', '--subdir', 'DAGS_FOLDER/ingest_data_dag.py']
[2025-04-13T19:28:35.285-0400] {scheduler_job_runner.py:776} INFO - Received executor event with state success for task instance TaskInstanceKey(dag_id='data_ingestion_dag', task_id='merge_raw_files_task', run_id='scheduled__2006-01-01T00:00:00+00:00', try_number=1, map_index=-1)
[2025-04-13T19:28:35.285-0400] {local_executor.py:93} INFO - QueuedLocalWorker running ['airflow', 'tasks', 'run', 'data_ingestion_dag', 'validate_merge_task', 'scheduled__2006-01-01T00:00:00+00:00', '--local', '--subdir', 'DAGS_FOLDER/ingest_data_dag.py']
[2025-04-13T19:28:35.288-0400] {scheduler_job_runner.py:813} INFO - TaskInstance Finished: dag_id=data_ingestion_dag, task_id=merge_raw_files_task, run_id=scheduled__2006-01-01T00:00:00+00:00, map_index=-1, run_start_date=2025-04-13 23:22:53.366590+00:00, run_end_date=2025-04-13 23:28:34.367571+00:00, run_duration=341.000981, state=success, executor=LocalExecutor(parallelism=32), executor_state=success, try_number=1, max_tries=1, job_id=67, pool=default_pool, queue=default, priority_weight=4, operator=BashOperator, queued_dttm=2025-04-13 23:22:53.130515+00:00, queued_by_job_id=1, pid=19269
[2025-04-13T19:28:35.306-0400] {dagbag.py:588} INFO - Filling up the DagBag from /home/aguan/ontario-sunshine-salary-dashboard/airflow/dags/ingest_data_dag.py
[2025-04-13T19:28:35.343-0400] {task_command.py:467} INFO - Running <TaskInstance: data_ingestion_dag.validate_merge_task scheduled__2006-01-01T00:00:00+00:00 [queued]> on host aguan-pc2.
[2025-04-13T19:29:19.965-0400] {scheduler_job_runner.py:1949} INFO - Adopting or resetting orphaned tasks for active dag runs
[2025-04-13T19:29:38.681-0400] {scheduler_job_runner.py:435} INFO - 1 tasks up for execution:
	<TaskInstance: data_ingestion_dag.clean_data_task manual__2025-04-13T22:59:01.601706+00:00 [scheduled]>
[2025-04-13T19:29:38.682-0400] {scheduler_job_runner.py:507} INFO - DAG data_ingestion_dag has 4/16 running and queued tasks
[2025-04-13T19:29:38.682-0400] {scheduler_job_runner.py:646} INFO - Setting the following tasks to queued state:
	<TaskInstance: data_ingestion_dag.clean_data_task manual__2025-04-13T22:59:01.601706+00:00 [scheduled]>
[2025-04-13T19:29:38.683-0400] {scheduler_job_runner.py:748} INFO - Trying to enqueue tasks: [<TaskInstance: data_ingestion_dag.clean_data_task manual__2025-04-13T22:59:01.601706+00:00 [scheduled]>] for executor: LocalExecutor(parallelism=32)
[2025-04-13T19:29:38.683-0400] {scheduler_job_runner.py:692} INFO - Sending TaskInstanceKey(dag_id='data_ingestion_dag', task_id='clean_data_task', run_id='manual__2025-04-13T22:59:01.601706+00:00', try_number=1, map_index=-1) to LocalExecutor with priority 2 and queue default
[2025-04-13T19:29:38.683-0400] {base_executor.py:169} INFO - Adding to queue: ['airflow', 'tasks', 'run', 'data_ingestion_dag', 'clean_data_task', 'manual__2025-04-13T22:59:01.601706+00:00', '--local', '--subdir', 'DAGS_FOLDER/ingest_data_dag.py']
[2025-04-13T19:29:38.686-0400] {local_executor.py:93} INFO - QueuedLocalWorker running ['airflow', 'tasks', 'run', 'data_ingestion_dag', 'clean_data_task', 'manual__2025-04-13T22:59:01.601706+00:00', '--local', '--subdir', 'DAGS_FOLDER/ingest_data_dag.py']
[2025-04-13T19:29:38.686-0400] {scheduler_job_runner.py:776} INFO - Received executor event with state success for task instance TaskInstanceKey(dag_id='data_ingestion_dag', task_id='validate_merge_task', run_id='manual__2025-04-13T22:59:01.601706+00:00', try_number=1, map_index=-1)
[2025-04-13T19:29:38.690-0400] {scheduler_job_runner.py:813} INFO - TaskInstance Finished: dag_id=data_ingestion_dag, task_id=validate_merge_task, run_id=manual__2025-04-13T22:59:01.601706+00:00, map_index=-1, run_start_date=2025-04-13 23:27:12.624861+00:00, run_end_date=2025-04-13 23:29:38.225513+00:00, run_duration=145.600652, state=success, executor=LocalExecutor(parallelism=32), executor_state=success, try_number=1, max_tries=1, job_id=69, pool=default_pool, queue=default, priority_weight=3, operator=BashOperator, queued_dttm=2025-04-13 23:27:12.345907+00:00, queued_by_job_id=1, pid=20146
[2025-04-13T19:29:38.706-0400] {dagbag.py:588} INFO - Filling up the DagBag from /home/aguan/ontario-sunshine-salary-dashboard/airflow/dags/ingest_data_dag.py
[2025-04-13T19:29:38.742-0400] {task_command.py:467} INFO - Running <TaskInstance: data_ingestion_dag.clean_data_task manual__2025-04-13T22:59:01.601706+00:00 [queued]> on host aguan-pc2.
[2025-04-13T19:29:45.779-0400] {dagrun.py:854} INFO - Marking run <DagRun data_ingestion_dag @ 2025-04-13 22:52:56.092544+00:00: manual__2025-04-13T22:52:56.092544+00:00, state:running, queued_at: 2025-04-13 23:00:01.224884+00:00. externally triggered: True> successful
[2025-04-13T19:29:45.779-0400] {dagrun.py:905} INFO - DagRun Finished: dag_id=data_ingestion_dag, execution_date=2025-04-13 22:52:56.092544+00:00, run_id=manual__2025-04-13T22:52:56.092544+00:00, run_start_date=2025-04-13 23:13:41.991961+00:00, run_end_date=2025-04-13 23:29:45.779931+00:00, run_duration=963.78797, state=success, external_trigger=True, run_type=manual, data_interval_start=2024-01-01 00:00:00+00:00, data_interval_end=2025-01-01 00:00:00+00:00, dag_hash=bcef3e37f1accf53097d562d78be0b2d
[2025-04-13T19:29:45.812-0400] {scheduler_job_runner.py:776} INFO - Received executor event with state success for task instance TaskInstanceKey(dag_id='data_ingestion_dag', task_id='validate_clean_task', run_id='manual__2025-04-13T22:52:56.092544+00:00', try_number=1, map_index=-1)
[2025-04-13T19:29:45.815-0400] {scheduler_job_runner.py:813} INFO - TaskInstance Finished: dag_id=data_ingestion_dag, task_id=validate_clean_task, run_id=manual__2025-04-13T22:52:56.092544+00:00, map_index=-1, run_start_date=2025-04-13 23:28:34.401942+00:00, run_end_date=2025-04-13 23:29:45.523146+00:00, run_duration=71.121204, state=success, executor=LocalExecutor(parallelism=32), executor_state=success, try_number=1, max_tries=1, job_id=72, pool=default_pool, queue=default, priority_weight=1, operator=BashOperator, queued_dttm=2025-04-13 23:28:34.160264+00:00, queued_by_job_id=1, pid=20465
[2025-04-13T19:29:58.861-0400] {scheduler_job_runner.py:1526} INFO - DAG data_ingestion_dag is at (or above) max_active_runs (5 of 5), not creating any more runs
[2025-04-13T19:29:58.909-0400] {scheduler_job_runner.py:435} INFO - 1 tasks up for execution:
	<TaskInstance: data_ingestion_dag.ingest_data_task scheduled__2007-01-01T00:00:00+00:00 [scheduled]>
[2025-04-13T19:29:58.910-0400] {scheduler_job_runner.py:507} INFO - DAG data_ingestion_dag has 4/16 running and queued tasks
[2025-04-13T19:29:58.910-0400] {scheduler_job_runner.py:646} INFO - Setting the following tasks to queued state:
	<TaskInstance: data_ingestion_dag.ingest_data_task scheduled__2007-01-01T00:00:00+00:00 [scheduled]>
[2025-04-13T19:29:58.911-0400] {scheduler_job_runner.py:748} INFO - Trying to enqueue tasks: [<TaskInstance: data_ingestion_dag.ingest_data_task scheduled__2007-01-01T00:00:00+00:00 [scheduled]>] for executor: LocalExecutor(parallelism=32)
[2025-04-13T19:29:58.912-0400] {scheduler_job_runner.py:692} INFO - Sending TaskInstanceKey(dag_id='data_ingestion_dag', task_id='ingest_data_task', run_id='scheduled__2007-01-01T00:00:00+00:00', try_number=1, map_index=-1) to LocalExecutor with priority 6 and queue default
[2025-04-13T19:29:58.912-0400] {base_executor.py:169} INFO - Adding to queue: ['airflow', 'tasks', 'run', 'data_ingestion_dag', 'ingest_data_task', 'scheduled__2007-01-01T00:00:00+00:00', '--local', '--subdir', 'DAGS_FOLDER/ingest_data_dag.py']
[2025-04-13T19:29:58.915-0400] {local_executor.py:93} INFO - QueuedLocalWorker running ['airflow', 'tasks', 'run', 'data_ingestion_dag', 'ingest_data_task', 'scheduled__2007-01-01T00:00:00+00:00', '--local', '--subdir', 'DAGS_FOLDER/ingest_data_dag.py']
[2025-04-13T19:29:58.934-0400] {dagbag.py:588} INFO - Filling up the DagBag from /home/aguan/ontario-sunshine-salary-dashboard/airflow/dags/ingest_data_dag.py
[2025-04-13T19:29:58.970-0400] {task_command.py:467} INFO - Running <TaskInstance: data_ingestion_dag.ingest_data_task scheduled__2007-01-01T00:00:00+00:00 [queued]> on host aguan-pc2.
[2025-04-13T19:30:01.204-0400] {scheduler_job_runner.py:435} INFO - 1 tasks up for execution:
	<TaskInstance: data_ingestion_dag.upload_raw_to_gcs_task scheduled__2007-01-01T00:00:00+00:00 [scheduled]>
[2025-04-13T19:30:01.204-0400] {scheduler_job_runner.py:507} INFO - DAG data_ingestion_dag has 4/16 running and queued tasks
[2025-04-13T19:30:01.204-0400] {scheduler_job_runner.py:646} INFO - Setting the following tasks to queued state:
	<TaskInstance: data_ingestion_dag.upload_raw_to_gcs_task scheduled__2007-01-01T00:00:00+00:00 [scheduled]>
[2025-04-13T19:30:01.206-0400] {scheduler_job_runner.py:748} INFO - Trying to enqueue tasks: [<TaskInstance: data_ingestion_dag.upload_raw_to_gcs_task scheduled__2007-01-01T00:00:00+00:00 [scheduled]>] for executor: LocalExecutor(parallelism=32)
[2025-04-13T19:30:01.206-0400] {scheduler_job_runner.py:692} INFO - Sending TaskInstanceKey(dag_id='data_ingestion_dag', task_id='upload_raw_to_gcs_task', run_id='scheduled__2007-01-01T00:00:00+00:00', try_number=1, map_index=-1) to LocalExecutor with priority 5 and queue default
[2025-04-13T19:30:01.206-0400] {base_executor.py:169} INFO - Adding to queue: ['airflow', 'tasks', 'run', 'data_ingestion_dag', 'upload_raw_to_gcs_task', 'scheduled__2007-01-01T00:00:00+00:00', '--local', '--subdir', 'DAGS_FOLDER/ingest_data_dag.py']
[2025-04-13T19:30:01.209-0400] {local_executor.py:93} INFO - QueuedLocalWorker running ['airflow', 'tasks', 'run', 'data_ingestion_dag', 'upload_raw_to_gcs_task', 'scheduled__2007-01-01T00:00:00+00:00', '--local', '--subdir', 'DAGS_FOLDER/ingest_data_dag.py']
[2025-04-13T19:30:01.209-0400] {scheduler_job_runner.py:776} INFO - Received executor event with state success for task instance TaskInstanceKey(dag_id='data_ingestion_dag', task_id='ingest_data_task', run_id='scheduled__2007-01-01T00:00:00+00:00', try_number=1, map_index=-1)
[2025-04-13T19:30:01.212-0400] {scheduler_job_runner.py:813} INFO - TaskInstance Finished: dag_id=data_ingestion_dag, task_id=ingest_data_task, run_id=scheduled__2007-01-01T00:00:00+00:00, map_index=-1, run_start_date=2025-04-13 23:29:59.126663+00:00, run_end_date=2025-04-13 23:30:00.298096+00:00, run_duration=1.171433, state=success, executor=LocalExecutor(parallelism=32), executor_state=success, try_number=1, max_tries=1, job_id=75, pool=default_pool, queue=default, priority_weight=6, operator=BashOperator, queued_dttm=2025-04-13 23:29:58.910920+00:00, queued_by_job_id=1, pid=20802
[2025-04-13T19:30:01.227-0400] {dagbag.py:588} INFO - Filling up the DagBag from /home/aguan/ontario-sunshine-salary-dashboard/airflow/dags/ingest_data_dag.py
[2025-04-13T19:30:01.263-0400] {task_command.py:467} INFO - Running <TaskInstance: data_ingestion_dag.upload_raw_to_gcs_task scheduled__2007-01-01T00:00:00+00:00 [queued]> on host aguan-pc2.
[2025-04-13T19:30:21.970-0400] {scheduler_job_runner.py:435} INFO - 1 tasks up for execution:
	<TaskInstance: data_ingestion_dag.clean_data_task scheduled__2004-01-01T00:00:00+00:00 [scheduled]>
[2025-04-13T19:30:21.971-0400] {scheduler_job_runner.py:507} INFO - DAG data_ingestion_dag has 4/16 running and queued tasks
[2025-04-13T19:30:21.971-0400] {scheduler_job_runner.py:646} INFO - Setting the following tasks to queued state:
	<TaskInstance: data_ingestion_dag.clean_data_task scheduled__2004-01-01T00:00:00+00:00 [scheduled]>
[2025-04-13T19:30:21.972-0400] {scheduler_job_runner.py:748} INFO - Trying to enqueue tasks: [<TaskInstance: data_ingestion_dag.clean_data_task scheduled__2004-01-01T00:00:00+00:00 [scheduled]>] for executor: LocalExecutor(parallelism=32)
[2025-04-13T19:30:21.972-0400] {scheduler_job_runner.py:692} INFO - Sending TaskInstanceKey(dag_id='data_ingestion_dag', task_id='clean_data_task', run_id='scheduled__2004-01-01T00:00:00+00:00', try_number=1, map_index=-1) to LocalExecutor with priority 2 and queue default
[2025-04-13T19:30:21.972-0400] {base_executor.py:169} INFO - Adding to queue: ['airflow', 'tasks', 'run', 'data_ingestion_dag', 'clean_data_task', 'scheduled__2004-01-01T00:00:00+00:00', '--local', '--subdir', 'DAGS_FOLDER/ingest_data_dag.py']
[2025-04-13T19:30:21.975-0400] {scheduler_job_runner.py:776} INFO - Received executor event with state success for task instance TaskInstanceKey(dag_id='data_ingestion_dag', task_id='validate_merge_task', run_id='scheduled__2004-01-01T00:00:00+00:00', try_number=1, map_index=-1)
[2025-04-13T19:30:21.975-0400] {local_executor.py:93} INFO - QueuedLocalWorker running ['airflow', 'tasks', 'run', 'data_ingestion_dag', 'clean_data_task', 'scheduled__2004-01-01T00:00:00+00:00', '--local', '--subdir', 'DAGS_FOLDER/ingest_data_dag.py']
[2025-04-13T19:30:21.978-0400] {scheduler_job_runner.py:813} INFO - TaskInstance Finished: dag_id=data_ingestion_dag, task_id=validate_merge_task, run_id=scheduled__2004-01-01T00:00:00+00:00, map_index=-1, run_start_date=2025-04-13 23:27:53.908807+00:00, run_end_date=2025-04-13 23:30:21.678629+00:00, run_duration=147.769822, state=success, executor=LocalExecutor(parallelism=32), executor_state=success, try_number=1, max_tries=1, job_id=70, pool=default_pool, queue=default, priority_weight=3, operator=BashOperator, queued_dttm=2025-04-13 23:27:53.644415+00:00, queued_by_job_id=1, pid=20291
[2025-04-13T19:30:21.994-0400] {dagbag.py:588} INFO - Filling up the DagBag from /home/aguan/ontario-sunshine-salary-dashboard/airflow/dags/ingest_data_dag.py
[2025-04-13T19:30:22.030-0400] {task_command.py:467} INFO - Running <TaskInstance: data_ingestion_dag.clean_data_task scheduled__2004-01-01T00:00:00+00:00 [queued]> on host aguan-pc2.
[2025-04-13T19:31:00.153-0400] {scheduler_job_runner.py:435} INFO - 1 tasks up for execution:
	<TaskInstance: data_ingestion_dag.clean_data_task scheduled__2005-01-01T00:00:00+00:00 [scheduled]>
[2025-04-13T19:31:00.153-0400] {scheduler_job_runner.py:507} INFO - DAG data_ingestion_dag has 4/16 running and queued tasks
[2025-04-13T19:31:00.153-0400] {scheduler_job_runner.py:646} INFO - Setting the following tasks to queued state:
	<TaskInstance: data_ingestion_dag.clean_data_task scheduled__2005-01-01T00:00:00+00:00 [scheduled]>
[2025-04-13T19:31:00.154-0400] {scheduler_job_runner.py:748} INFO - Trying to enqueue tasks: [<TaskInstance: data_ingestion_dag.clean_data_task scheduled__2005-01-01T00:00:00+00:00 [scheduled]>] for executor: LocalExecutor(parallelism=32)
[2025-04-13T19:31:00.154-0400] {scheduler_job_runner.py:692} INFO - Sending TaskInstanceKey(dag_id='data_ingestion_dag', task_id='clean_data_task', run_id='scheduled__2005-01-01T00:00:00+00:00', try_number=1, map_index=-1) to LocalExecutor with priority 2 and queue default
[2025-04-13T19:31:00.155-0400] {base_executor.py:169} INFO - Adding to queue: ['airflow', 'tasks', 'run', 'data_ingestion_dag', 'clean_data_task', 'scheduled__2005-01-01T00:00:00+00:00', '--local', '--subdir', 'DAGS_FOLDER/ingest_data_dag.py']
[2025-04-13T19:31:00.157-0400] {scheduler_job_runner.py:776} INFO - Received executor event with state success for task instance TaskInstanceKey(dag_id='data_ingestion_dag', task_id='validate_merge_task', run_id='scheduled__2005-01-01T00:00:00+00:00', try_number=1, map_index=-1)
[2025-04-13T19:31:00.157-0400] {local_executor.py:93} INFO - QueuedLocalWorker running ['airflow', 'tasks', 'run', 'data_ingestion_dag', 'clean_data_task', 'scheduled__2005-01-01T00:00:00+00:00', '--local', '--subdir', 'DAGS_FOLDER/ingest_data_dag.py']
[2025-04-13T19:31:00.161-0400] {scheduler_job_runner.py:813} INFO - TaskInstance Finished: dag_id=data_ingestion_dag, task_id=validate_merge_task, run_id=scheduled__2005-01-01T00:00:00+00:00, map_index=-1, run_start_date=2025-04-13 23:28:32.227556+00:00, run_end_date=2025-04-13 23:30:59.760275+00:00, run_duration=147.532719, state=success, executor=LocalExecutor(parallelism=32), executor_state=success, try_number=1, max_tries=1, job_id=71, pool=default_pool, queue=default, priority_weight=3, operator=BashOperator, queued_dttm=2025-04-13 23:28:31.981001+00:00, queued_by_job_id=1, pid=20439
[2025-04-13T19:31:00.177-0400] {dagbag.py:588} INFO - Filling up the DagBag from /home/aguan/ontario-sunshine-salary-dashboard/airflow/dags/ingest_data_dag.py
[2025-04-13T19:31:00.214-0400] {task_command.py:467} INFO - Running <TaskInstance: data_ingestion_dag.clean_data_task scheduled__2005-01-01T00:00:00+00:00 [queued]> on host aguan-pc2.
[2025-04-13T19:31:02.346-0400] {scheduler_job_runner.py:435} INFO - 1 tasks up for execution:
	<TaskInstance: data_ingestion_dag.clean_data_task scheduled__2006-01-01T00:00:00+00:00 [scheduled]>
[2025-04-13T19:31:02.346-0400] {scheduler_job_runner.py:507} INFO - DAG data_ingestion_dag has 4/16 running and queued tasks
[2025-04-13T19:31:02.346-0400] {scheduler_job_runner.py:646} INFO - Setting the following tasks to queued state:
	<TaskInstance: data_ingestion_dag.clean_data_task scheduled__2006-01-01T00:00:00+00:00 [scheduled]>
[2025-04-13T19:31:02.348-0400] {scheduler_job_runner.py:748} INFO - Trying to enqueue tasks: [<TaskInstance: data_ingestion_dag.clean_data_task scheduled__2006-01-01T00:00:00+00:00 [scheduled]>] for executor: LocalExecutor(parallelism=32)
[2025-04-13T19:31:02.348-0400] {scheduler_job_runner.py:692} INFO - Sending TaskInstanceKey(dag_id='data_ingestion_dag', task_id='clean_data_task', run_id='scheduled__2006-01-01T00:00:00+00:00', try_number=1, map_index=-1) to LocalExecutor with priority 2 and queue default
[2025-04-13T19:31:02.348-0400] {base_executor.py:169} INFO - Adding to queue: ['airflow', 'tasks', 'run', 'data_ingestion_dag', 'clean_data_task', 'scheduled__2006-01-01T00:00:00+00:00', '--local', '--subdir', 'DAGS_FOLDER/ingest_data_dag.py']
[2025-04-13T19:31:02.351-0400] {scheduler_job_runner.py:776} INFO - Received executor event with state success for task instance TaskInstanceKey(dag_id='data_ingestion_dag', task_id='validate_merge_task', run_id='scheduled__2006-01-01T00:00:00+00:00', try_number=1, map_index=-1)
[2025-04-13T19:31:02.351-0400] {local_executor.py:93} INFO - QueuedLocalWorker running ['airflow', 'tasks', 'run', 'data_ingestion_dag', 'clean_data_task', 'scheduled__2006-01-01T00:00:00+00:00', '--local', '--subdir', 'DAGS_FOLDER/ingest_data_dag.py']
[2025-04-13T19:31:02.354-0400] {scheduler_job_runner.py:813} INFO - TaskInstance Finished: dag_id=data_ingestion_dag, task_id=validate_merge_task, run_id=scheduled__2006-01-01T00:00:00+00:00, map_index=-1, run_start_date=2025-04-13 23:28:35.507239+00:00, run_end_date=2025-04-13 23:31:01.963825+00:00, run_duration=146.456586, state=success, executor=LocalExecutor(parallelism=32), executor_state=success, try_number=1, max_tries=1, job_id=73, pool=default_pool, queue=default, priority_weight=3, operator=BashOperator, queued_dttm=2025-04-13 23:28:35.281311+00:00, queued_by_job_id=1, pid=20485
[2025-04-13T19:31:02.373-0400] {dagbag.py:588} INFO - Filling up the DagBag from /home/aguan/ontario-sunshine-salary-dashboard/airflow/dags/ingest_data_dag.py
[2025-04-13T19:31:02.414-0400] {task_command.py:467} INFO - Running <TaskInstance: data_ingestion_dag.clean_data_task scheduled__2006-01-01T00:00:00+00:00 [queued]> on host aguan-pc2.
[2025-04-13T19:31:57.285-0400] {scheduler_job_runner.py:435} INFO - 1 tasks up for execution:
	<TaskInstance: data_ingestion_dag.merge_raw_files_task scheduled__2007-01-01T00:00:00+00:00 [scheduled]>
[2025-04-13T19:31:57.285-0400] {scheduler_job_runner.py:507} INFO - DAG data_ingestion_dag has 4/16 running and queued tasks
[2025-04-13T19:31:57.286-0400] {scheduler_job_runner.py:646} INFO - Setting the following tasks to queued state:
	<TaskInstance: data_ingestion_dag.merge_raw_files_task scheduled__2007-01-01T00:00:00+00:00 [scheduled]>
[2025-04-13T19:31:57.287-0400] {scheduler_job_runner.py:748} INFO - Trying to enqueue tasks: [<TaskInstance: data_ingestion_dag.merge_raw_files_task scheduled__2007-01-01T00:00:00+00:00 [scheduled]>] for executor: LocalExecutor(parallelism=32)
[2025-04-13T19:31:57.287-0400] {scheduler_job_runner.py:692} INFO - Sending TaskInstanceKey(dag_id='data_ingestion_dag', task_id='merge_raw_files_task', run_id='scheduled__2007-01-01T00:00:00+00:00', try_number=1, map_index=-1) to LocalExecutor with priority 4 and queue default
[2025-04-13T19:31:57.287-0400] {base_executor.py:169} INFO - Adding to queue: ['airflow', 'tasks', 'run', 'data_ingestion_dag', 'merge_raw_files_task', 'scheduled__2007-01-01T00:00:00+00:00', '--local', '--subdir', 'DAGS_FOLDER/ingest_data_dag.py']
[2025-04-13T19:31:57.290-0400] {scheduler_job_runner.py:776} INFO - Received executor event with state success for task instance TaskInstanceKey(dag_id='data_ingestion_dag', task_id='upload_raw_to_gcs_task', run_id='scheduled__2007-01-01T00:00:00+00:00', try_number=1, map_index=-1)
[2025-04-13T19:31:57.290-0400] {local_executor.py:93} INFO - QueuedLocalWorker running ['airflow', 'tasks', 'run', 'data_ingestion_dag', 'merge_raw_files_task', 'scheduled__2007-01-01T00:00:00+00:00', '--local', '--subdir', 'DAGS_FOLDER/ingest_data_dag.py']
[2025-04-13T19:31:57.293-0400] {scheduler_job_runner.py:813} INFO - TaskInstance Finished: dag_id=data_ingestion_dag, task_id=upload_raw_to_gcs_task, run_id=scheduled__2007-01-01T00:00:00+00:00, map_index=-1, run_start_date=2025-04-13 23:30:01.420800+00:00, run_end_date=2025-04-13 23:31:56.883357+00:00, run_duration=115.462557, state=success, executor=LocalExecutor(parallelism=32), executor_state=success, try_number=1, max_tries=1, job_id=76, pool=default_pool, queue=default, priority_weight=5, operator=BashOperator, queued_dttm=2025-04-13 23:30:01.205267+00:00, queued_by_job_id=1, pid=20812
[2025-04-13T19:31:57.310-0400] {dagbag.py:588} INFO - Filling up the DagBag from /home/aguan/ontario-sunshine-salary-dashboard/airflow/dags/ingest_data_dag.py
[2025-04-13T19:31:57.344-0400] {task_command.py:467} INFO - Running <TaskInstance: data_ingestion_dag.merge_raw_files_task scheduled__2007-01-01T00:00:00+00:00 [queued]> on host aguan-pc2.
[2025-04-13T19:34:15.475-0400] {scheduler_job_runner.py:435} INFO - 1 tasks up for execution:
	<TaskInstance: data_ingestion_dag.validate_clean_task manual__2025-04-13T22:59:01.601706+00:00 [scheduled]>
[2025-04-13T19:34:15.475-0400] {scheduler_job_runner.py:507} INFO - DAG data_ingestion_dag has 4/16 running and queued tasks
[2025-04-13T19:34:15.475-0400] {scheduler_job_runner.py:646} INFO - Setting the following tasks to queued state:
	<TaskInstance: data_ingestion_dag.validate_clean_task manual__2025-04-13T22:59:01.601706+00:00 [scheduled]>
[2025-04-13T19:34:15.477-0400] {scheduler_job_runner.py:748} INFO - Trying to enqueue tasks: [<TaskInstance: data_ingestion_dag.validate_clean_task manual__2025-04-13T22:59:01.601706+00:00 [scheduled]>] for executor: LocalExecutor(parallelism=32)
[2025-04-13T19:34:15.477-0400] {scheduler_job_runner.py:692} INFO - Sending TaskInstanceKey(dag_id='data_ingestion_dag', task_id='validate_clean_task', run_id='manual__2025-04-13T22:59:01.601706+00:00', try_number=1, map_index=-1) to LocalExecutor with priority 1 and queue default
[2025-04-13T19:34:15.478-0400] {base_executor.py:169} INFO - Adding to queue: ['airflow', 'tasks', 'run', 'data_ingestion_dag', 'validate_clean_task', 'manual__2025-04-13T22:59:01.601706+00:00', '--local', '--subdir', 'DAGS_FOLDER/ingest_data_dag.py']
[2025-04-13T19:34:15.480-0400] {scheduler_job_runner.py:776} INFO - Received executor event with state success for task instance TaskInstanceKey(dag_id='data_ingestion_dag', task_id='clean_data_task', run_id='manual__2025-04-13T22:59:01.601706+00:00', try_number=1, map_index=-1)
[2025-04-13T19:34:15.480-0400] {local_executor.py:93} INFO - QueuedLocalWorker running ['airflow', 'tasks', 'run', 'data_ingestion_dag', 'validate_clean_task', 'manual__2025-04-13T22:59:01.601706+00:00', '--local', '--subdir', 'DAGS_FOLDER/ingest_data_dag.py']
[2025-04-13T19:34:15.484-0400] {scheduler_job_runner.py:813} INFO - TaskInstance Finished: dag_id=data_ingestion_dag, task_id=clean_data_task, run_id=manual__2025-04-13T22:59:01.601706+00:00, map_index=-1, run_start_date=2025-04-13 23:29:38.907648+00:00, run_end_date=2025-04-13 23:34:14.513950+00:00, run_duration=275.606302, state=success, executor=LocalExecutor(parallelism=32), executor_state=success, try_number=1, max_tries=1, job_id=74, pool=default_pool, queue=default, priority_weight=2, operator=BashOperator, queued_dttm=2025-04-13 23:29:38.682633+00:00, queued_by_job_id=1, pid=20703
[2025-04-13T19:34:15.501-0400] {dagbag.py:588} INFO - Filling up the DagBag from /home/aguan/ontario-sunshine-salary-dashboard/airflow/dags/ingest_data_dag.py
[2025-04-13T19:34:15.539-0400] {task_command.py:467} INFO - Running <TaskInstance: data_ingestion_dag.validate_clean_task manual__2025-04-13T22:59:01.601706+00:00 [queued]> on host aguan-pc2.
[2025-04-13T19:34:19.303-0400] {scheduler_job_runner.py:1949} INFO - Adopting or resetting orphaned tasks for active dag runs
[2025-04-13T19:34:51.830-0400] {scheduler_job_runner.py:435} INFO - 1 tasks up for execution:
	<TaskInstance: data_ingestion_dag.validate_clean_task scheduled__2004-01-01T00:00:00+00:00 [scheduled]>
[2025-04-13T19:34:51.831-0400] {scheduler_job_runner.py:507} INFO - DAG data_ingestion_dag has 4/16 running and queued tasks
[2025-04-13T19:34:51.831-0400] {scheduler_job_runner.py:646} INFO - Setting the following tasks to queued state:
	<TaskInstance: data_ingestion_dag.validate_clean_task scheduled__2004-01-01T00:00:00+00:00 [scheduled]>
[2025-04-13T19:34:51.833-0400] {scheduler_job_runner.py:748} INFO - Trying to enqueue tasks: [<TaskInstance: data_ingestion_dag.validate_clean_task scheduled__2004-01-01T00:00:00+00:00 [scheduled]>] for executor: LocalExecutor(parallelism=32)
[2025-04-13T19:34:51.833-0400] {scheduler_job_runner.py:692} INFO - Sending TaskInstanceKey(dag_id='data_ingestion_dag', task_id='validate_clean_task', run_id='scheduled__2004-01-01T00:00:00+00:00', try_number=1, map_index=-1) to LocalExecutor with priority 1 and queue default
[2025-04-13T19:34:51.834-0400] {base_executor.py:169} INFO - Adding to queue: ['airflow', 'tasks', 'run', 'data_ingestion_dag', 'validate_clean_task', 'scheduled__2004-01-01T00:00:00+00:00', '--local', '--subdir', 'DAGS_FOLDER/ingest_data_dag.py']
[2025-04-13T19:34:51.837-0400] {local_executor.py:93} INFO - QueuedLocalWorker running ['airflow', 'tasks', 'run', 'data_ingestion_dag', 'validate_clean_task', 'scheduled__2004-01-01T00:00:00+00:00', '--local', '--subdir', 'DAGS_FOLDER/ingest_data_dag.py']
[2025-04-13T19:34:51.837-0400] {scheduler_job_runner.py:776} INFO - Received executor event with state success for task instance TaskInstanceKey(dag_id='data_ingestion_dag', task_id='clean_data_task', run_id='scheduled__2004-01-01T00:00:00+00:00', try_number=1, map_index=-1)
[2025-04-13T19:34:51.841-0400] {scheduler_job_runner.py:813} INFO - TaskInstance Finished: dag_id=data_ingestion_dag, task_id=clean_data_task, run_id=scheduled__2004-01-01T00:00:00+00:00, map_index=-1, run_start_date=2025-04-13 23:30:22.193879+00:00, run_end_date=2025-04-13 23:34:51.359586+00:00, run_duration=269.165707, state=success, executor=LocalExecutor(parallelism=32), executor_state=success, try_number=1, max_tries=1, job_id=77, pool=default_pool, queue=default, priority_weight=2, operator=BashOperator, queued_dttm=2025-04-13 23:30:21.971681+00:00, queued_by_job_id=1, pid=20877
[2025-04-13T19:34:51.859-0400] {dagbag.py:588} INFO - Filling up the DagBag from /home/aguan/ontario-sunshine-salary-dashboard/airflow/dags/ingest_data_dag.py
[2025-04-13T19:34:51.903-0400] {task_command.py:467} INFO - Running <TaskInstance: data_ingestion_dag.validate_clean_task scheduled__2004-01-01T00:00:00+00:00 [queued]> on host aguan-pc2.
[2025-04-13T19:35:33.821-0400] {dagrun.py:854} INFO - Marking run <DagRun data_ingestion_dag @ 2025-04-13 22:59:01.601706+00:00: manual__2025-04-13T22:59:01.601706+00:00, state:running, queued_at: 2025-04-13 22:59:01.614466+00:00. externally triggered: True> successful
[2025-04-13T19:35:33.822-0400] {dagrun.py:905} INFO - DagRun Finished: dag_id=data_ingestion_dag, execution_date=2025-04-13 22:59:01.601706+00:00, run_id=manual__2025-04-13T22:59:01.601706+00:00, run_start_date=2025-04-13 23:19:02.923104+00:00, run_end_date=2025-04-13 23:35:33.822343+00:00, run_duration=990.899239, state=success, external_trigger=True, run_type=manual, data_interval_start=2024-01-01 00:00:00+00:00, data_interval_end=2025-01-01 00:00:00+00:00, dag_hash=bcef3e37f1accf53097d562d78be0b2d
[2025-04-13T19:35:33.853-0400] {scheduler_job_runner.py:776} INFO - Received executor event with state success for task instance TaskInstanceKey(dag_id='data_ingestion_dag', task_id='validate_clean_task', run_id='manual__2025-04-13T22:59:01.601706+00:00', try_number=1, map_index=-1)
[2025-04-13T19:35:33.857-0400] {scheduler_job_runner.py:813} INFO - TaskInstance Finished: dag_id=data_ingestion_dag, task_id=validate_clean_task, run_id=manual__2025-04-13T22:59:01.601706+00:00, map_index=-1, run_start_date=2025-04-13 23:34:15.644033+00:00, run_end_date=2025-04-13 23:35:33.758814+00:00, run_duration=78.114781, state=success, executor=LocalExecutor(parallelism=32), executor_state=success, try_number=1, max_tries=1, job_id=81, pool=default_pool, queue=default, priority_weight=1, operator=BashOperator, queued_dttm=2025-04-13 23:34:15.476406+00:00, queued_by_job_id=1, pid=21753
[2025-04-13T19:35:36.267-0400] {scheduler_job_runner.py:435} INFO - 1 tasks up for execution:
	<TaskInstance: data_ingestion_dag.validate_clean_task scheduled__2006-01-01T00:00:00+00:00 [scheduled]>
[2025-04-13T19:35:36.267-0400] {scheduler_job_runner.py:507} INFO - DAG data_ingestion_dag has 3/16 running and queued tasks
[2025-04-13T19:35:36.267-0400] {scheduler_job_runner.py:646} INFO - Setting the following tasks to queued state:
	<TaskInstance: data_ingestion_dag.validate_clean_task scheduled__2006-01-01T00:00:00+00:00 [scheduled]>
[2025-04-13T19:35:36.268-0400] {scheduler_job_runner.py:748} INFO - Trying to enqueue tasks: [<TaskInstance: data_ingestion_dag.validate_clean_task scheduled__2006-01-01T00:00:00+00:00 [scheduled]>] for executor: LocalExecutor(parallelism=32)
[2025-04-13T19:35:36.269-0400] {scheduler_job_runner.py:692} INFO - Sending TaskInstanceKey(dag_id='data_ingestion_dag', task_id='validate_clean_task', run_id='scheduled__2006-01-01T00:00:00+00:00', try_number=1, map_index=-1) to LocalExecutor with priority 1 and queue default
[2025-04-13T19:35:36.269-0400] {base_executor.py:169} INFO - Adding to queue: ['airflow', 'tasks', 'run', 'data_ingestion_dag', 'validate_clean_task', 'scheduled__2006-01-01T00:00:00+00:00', '--local', '--subdir', 'DAGS_FOLDER/ingest_data_dag.py']
[2025-04-13T19:35:36.272-0400] {scheduler_job_runner.py:776} INFO - Received executor event with state success for task instance TaskInstanceKey(dag_id='data_ingestion_dag', task_id='clean_data_task', run_id='scheduled__2006-01-01T00:00:00+00:00', try_number=1, map_index=-1)
[2025-04-13T19:35:36.272-0400] {local_executor.py:93} INFO - QueuedLocalWorker running ['airflow', 'tasks', 'run', 'data_ingestion_dag', 'validate_clean_task', 'scheduled__2006-01-01T00:00:00+00:00', '--local', '--subdir', 'DAGS_FOLDER/ingest_data_dag.py']
[2025-04-13T19:35:36.275-0400] {scheduler_job_runner.py:813} INFO - TaskInstance Finished: dag_id=data_ingestion_dag, task_id=clean_data_task, run_id=scheduled__2006-01-01T00:00:00+00:00, map_index=-1, run_start_date=2025-04-13 23:31:02.588273+00:00, run_end_date=2025-04-13 23:35:35.825534+00:00, run_duration=273.237261, state=success, executor=LocalExecutor(parallelism=32), executor_state=success, try_number=1, max_tries=1, job_id=79, pool=default_pool, queue=default, priority_weight=2, operator=BashOperator, queued_dttm=2025-04-13 23:31:02.346977+00:00, queued_by_job_id=1, pid=21079
[2025-04-13T19:35:36.293-0400] {dagbag.py:588} INFO - Filling up the DagBag from /home/aguan/ontario-sunshine-salary-dashboard/airflow/dags/ingest_data_dag.py
[2025-04-13T19:35:36.328-0400] {task_command.py:467} INFO - Running <TaskInstance: data_ingestion_dag.validate_clean_task scheduled__2006-01-01T00:00:00+00:00 [queued]> on host aguan-pc2.
[2025-04-13T19:35:37.070-0400] {scheduler_job_runner.py:435} INFO - 1 tasks up for execution:
	<TaskInstance: data_ingestion_dag.validate_clean_task scheduled__2005-01-01T00:00:00+00:00 [scheduled]>
[2025-04-13T19:35:37.070-0400] {scheduler_job_runner.py:507} INFO - DAG data_ingestion_dag has 3/16 running and queued tasks
[2025-04-13T19:35:37.070-0400] {scheduler_job_runner.py:646} INFO - Setting the following tasks to queued state:
	<TaskInstance: data_ingestion_dag.validate_clean_task scheduled__2005-01-01T00:00:00+00:00 [scheduled]>
[2025-04-13T19:35:37.072-0400] {scheduler_job_runner.py:748} INFO - Trying to enqueue tasks: [<TaskInstance: data_ingestion_dag.validate_clean_task scheduled__2005-01-01T00:00:00+00:00 [scheduled]>] for executor: LocalExecutor(parallelism=32)
[2025-04-13T19:35:37.072-0400] {scheduler_job_runner.py:692} INFO - Sending TaskInstanceKey(dag_id='data_ingestion_dag', task_id='validate_clean_task', run_id='scheduled__2005-01-01T00:00:00+00:00', try_number=1, map_index=-1) to LocalExecutor with priority 1 and queue default
[2025-04-13T19:35:37.072-0400] {base_executor.py:169} INFO - Adding to queue: ['airflow', 'tasks', 'run', 'data_ingestion_dag', 'validate_clean_task', 'scheduled__2005-01-01T00:00:00+00:00', '--local', '--subdir', 'DAGS_FOLDER/ingest_data_dag.py']
[2025-04-13T19:35:37.075-0400] {scheduler_job_runner.py:776} INFO - Received executor event with state success for task instance TaskInstanceKey(dag_id='data_ingestion_dag', task_id='clean_data_task', run_id='scheduled__2005-01-01T00:00:00+00:00', try_number=1, map_index=-1)
[2025-04-13T19:35:37.075-0400] {local_executor.py:93} INFO - QueuedLocalWorker running ['airflow', 'tasks', 'run', 'data_ingestion_dag', 'validate_clean_task', 'scheduled__2005-01-01T00:00:00+00:00', '--local', '--subdir', 'DAGS_FOLDER/ingest_data_dag.py']
[2025-04-13T19:35:37.078-0400] {scheduler_job_runner.py:813} INFO - TaskInstance Finished: dag_id=data_ingestion_dag, task_id=clean_data_task, run_id=scheduled__2005-01-01T00:00:00+00:00, map_index=-1, run_start_date=2025-04-13 23:31:00.380577+00:00, run_end_date=2025-04-13 23:35:36.778403+00:00, run_duration=276.397826, state=success, executor=LocalExecutor(parallelism=32), executor_state=success, try_number=1, max_tries=1, job_id=78, pool=default_pool, queue=default, priority_weight=2, operator=BashOperator, queued_dttm=2025-04-13 23:31:00.153985+00:00, queued_by_job_id=1, pid=21039
[2025-04-13T19:35:37.095-0400] {dagbag.py:588} INFO - Filling up the DagBag from /home/aguan/ontario-sunshine-salary-dashboard/airflow/dags/ingest_data_dag.py
[2025-04-13T19:35:37.131-0400] {task_command.py:467} INFO - Running <TaskInstance: data_ingestion_dag.validate_clean_task scheduled__2005-01-01T00:00:00+00:00 [queued]> on host aguan-pc2.
[2025-04-13T19:36:00.277-0400] {scheduler_job_runner.py:1526} INFO - DAG data_ingestion_dag is at (or above) max_active_runs (5 of 5), not creating any more runs
[2025-04-13T19:36:00.334-0400] {scheduler_job_runner.py:435} INFO - 1 tasks up for execution:
	<TaskInstance: data_ingestion_dag.ingest_data_task scheduled__2008-01-01T00:00:00+00:00 [scheduled]>
[2025-04-13T19:36:00.334-0400] {scheduler_job_runner.py:507} INFO - DAG data_ingestion_dag has 4/16 running and queued tasks
[2025-04-13T19:36:00.335-0400] {scheduler_job_runner.py:646} INFO - Setting the following tasks to queued state:
	<TaskInstance: data_ingestion_dag.ingest_data_task scheduled__2008-01-01T00:00:00+00:00 [scheduled]>
[2025-04-13T19:36:00.336-0400] {scheduler_job_runner.py:748} INFO - Trying to enqueue tasks: [<TaskInstance: data_ingestion_dag.ingest_data_task scheduled__2008-01-01T00:00:00+00:00 [scheduled]>] for executor: LocalExecutor(parallelism=32)
[2025-04-13T19:36:00.336-0400] {scheduler_job_runner.py:692} INFO - Sending TaskInstanceKey(dag_id='data_ingestion_dag', task_id='ingest_data_task', run_id='scheduled__2008-01-01T00:00:00+00:00', try_number=1, map_index=-1) to LocalExecutor with priority 6 and queue default
[2025-04-13T19:36:00.337-0400] {base_executor.py:169} INFO - Adding to queue: ['airflow', 'tasks', 'run', 'data_ingestion_dag', 'ingest_data_task', 'scheduled__2008-01-01T00:00:00+00:00', '--local', '--subdir', 'DAGS_FOLDER/ingest_data_dag.py']
[2025-04-13T19:36:00.340-0400] {local_executor.py:93} INFO - QueuedLocalWorker running ['airflow', 'tasks', 'run', 'data_ingestion_dag', 'ingest_data_task', 'scheduled__2008-01-01T00:00:00+00:00', '--local', '--subdir', 'DAGS_FOLDER/ingest_data_dag.py']
[2025-04-13T19:36:00.361-0400] {dagbag.py:588} INFO - Filling up the DagBag from /home/aguan/ontario-sunshine-salary-dashboard/airflow/dags/ingest_data_dag.py
[2025-04-13T19:36:00.408-0400] {task_command.py:467} INFO - Running <TaskInstance: data_ingestion_dag.ingest_data_task scheduled__2008-01-01T00:00:00+00:00 [queued]> on host aguan-pc2.
[2025-04-13T19:36:01.833-0400] {scheduler_job_runner.py:435} INFO - 1 tasks up for execution:
	<TaskInstance: data_ingestion_dag.upload_raw_to_gcs_task scheduled__2008-01-01T00:00:00+00:00 [scheduled]>
[2025-04-13T19:36:01.833-0400] {scheduler_job_runner.py:507} INFO - DAG data_ingestion_dag has 4/16 running and queued tasks
[2025-04-13T19:36:01.834-0400] {scheduler_job_runner.py:646} INFO - Setting the following tasks to queued state:
	<TaskInstance: data_ingestion_dag.upload_raw_to_gcs_task scheduled__2008-01-01T00:00:00+00:00 [scheduled]>
[2025-04-13T19:36:01.835-0400] {scheduler_job_runner.py:748} INFO - Trying to enqueue tasks: [<TaskInstance: data_ingestion_dag.upload_raw_to_gcs_task scheduled__2008-01-01T00:00:00+00:00 [scheduled]>] for executor: LocalExecutor(parallelism=32)
[2025-04-13T19:36:01.836-0400] {scheduler_job_runner.py:692} INFO - Sending TaskInstanceKey(dag_id='data_ingestion_dag', task_id='upload_raw_to_gcs_task', run_id='scheduled__2008-01-01T00:00:00+00:00', try_number=1, map_index=-1) to LocalExecutor with priority 5 and queue default
[2025-04-13T19:36:01.836-0400] {base_executor.py:169} INFO - Adding to queue: ['airflow', 'tasks', 'run', 'data_ingestion_dag', 'upload_raw_to_gcs_task', 'scheduled__2008-01-01T00:00:00+00:00', '--local', '--subdir', 'DAGS_FOLDER/ingest_data_dag.py']
[2025-04-13T19:36:01.839-0400] {local_executor.py:93} INFO - QueuedLocalWorker running ['airflow', 'tasks', 'run', 'data_ingestion_dag', 'upload_raw_to_gcs_task', 'scheduled__2008-01-01T00:00:00+00:00', '--local', '--subdir', 'DAGS_FOLDER/ingest_data_dag.py']
[2025-04-13T19:36:01.859-0400] {dagbag.py:588} INFO - Filling up the DagBag from /home/aguan/ontario-sunshine-salary-dashboard/airflow/dags/ingest_data_dag.py
[2025-04-13T19:36:01.899-0400] {task_command.py:467} INFO - Running <TaskInstance: data_ingestion_dag.upload_raw_to_gcs_task scheduled__2008-01-01T00:00:00+00:00 [queued]> on host aguan-pc2.
[2025-04-13T19:36:01.902-0400] {scheduler_job_runner.py:776} INFO - Received executor event with state success for task instance TaskInstanceKey(dag_id='data_ingestion_dag', task_id='ingest_data_task', run_id='scheduled__2008-01-01T00:00:00+00:00', try_number=1, map_index=-1)
[2025-04-13T19:36:01.906-0400] {scheduler_job_runner.py:813} INFO - TaskInstance Finished: dag_id=data_ingestion_dag, task_id=ingest_data_task, run_id=scheduled__2008-01-01T00:00:00+00:00, map_index=-1, run_start_date=2025-04-13 23:36:00.599599+00:00, run_end_date=2025-04-13 23:36:01.756448+00:00, run_duration=1.156849, state=success, executor=LocalExecutor(parallelism=32), executor_state=success, try_number=1, max_tries=1, job_id=85, pool=default_pool, queue=default, priority_weight=6, operator=BashOperator, queued_dttm=2025-04-13 23:36:00.335364+00:00, queued_by_job_id=1, pid=22154
[2025-04-13T19:36:11.679-0400] {dagrun.py:854} INFO - Marking run <DagRun data_ingestion_dag @ 2004-01-01 00:00:00+00:00: scheduled__2004-01-01T00:00:00+00:00, state:running, queued_at: 2025-04-13 23:19:26.055992+00:00. externally triggered: False> successful
[2025-04-13T19:36:11.679-0400] {dagrun.py:905} INFO - DagRun Finished: dag_id=data_ingestion_dag, execution_date=2004-01-01 00:00:00+00:00, run_id=scheduled__2004-01-01T00:00:00+00:00, run_start_date=2025-04-13 23:19:26.069990+00:00, run_end_date=2025-04-13 23:36:11.679698+00:00, run_duration=1005.609708, state=success, external_trigger=False, run_type=scheduled, data_interval_start=2004-01-01 00:00:00+00:00, data_interval_end=2005-01-01 00:00:00+00:00, dag_hash=bcef3e37f1accf53097d562d78be0b2d
[2025-04-13T19:36:11.682-0400] {dag.py:4180} INFO - Setting next_dagrun for data_ingestion_dag to 2005-01-01 00:00:00+00:00, run_after=2006-01-01 00:00:00+00:00
[2025-04-13T19:36:11.711-0400] {scheduler_job_runner.py:776} INFO - Received executor event with state success for task instance TaskInstanceKey(dag_id='data_ingestion_dag', task_id='validate_clean_task', run_id='scheduled__2004-01-01T00:00:00+00:00', try_number=1, map_index=-1)
[2025-04-13T19:36:11.714-0400] {scheduler_job_runner.py:813} INFO - TaskInstance Finished: dag_id=data_ingestion_dag, task_id=validate_clean_task, run_id=scheduled__2004-01-01T00:00:00+00:00, map_index=-1, run_start_date=2025-04-13 23:34:52.097700+00:00, run_end_date=2025-04-13 23:36:10.853143+00:00, run_duration=78.755443, state=success, executor=LocalExecutor(parallelism=32), executor_state=success, try_number=1, max_tries=1, job_id=82, pool=default_pool, queue=default, priority_weight=1, operator=BashOperator, queued_dttm=2025-04-13 23:34:51.831843+00:00, queued_by_job_id=1, pid=21880
[2025-04-13T19:36:12.733-0400] {dag.py:4180} INFO - Setting next_dagrun for data_ingestion_dag to 2006-01-01 00:00:00+00:00, run_after=2007-01-01 00:00:00+00:00
[2025-04-13T19:36:13.786-0400] {dag.py:4180} INFO - Setting next_dagrun for data_ingestion_dag to 2007-01-01 00:00:00+00:00, run_after=2008-01-01 00:00:00+00:00
[2025-04-13T19:36:14.840-0400] {dag.py:4180} INFO - Setting next_dagrun for data_ingestion_dag to 2008-01-01 00:00:00+00:00, run_after=2009-01-01 00:00:00+00:00
[2025-04-13T19:36:15.629-0400] {dag.py:4180} INFO - Setting next_dagrun for data_ingestion_dag to 2009-01-01 00:00:00+00:00, run_after=2010-01-01 00:00:00+00:00
[2025-04-13T19:36:15.754-0400] {scheduler_job_runner.py:1526} INFO - DAG data_ingestion_dag is at (or above) max_active_runs (5 of 5), not creating any more runs
[2025-04-13T19:36:15.800-0400] {scheduler_job_runner.py:435} INFO - 1 tasks up for execution:
	<TaskInstance: data_ingestion_dag.ingest_data_task scheduled__2009-01-01T00:00:00+00:00 [scheduled]>
[2025-04-13T19:36:15.801-0400] {scheduler_job_runner.py:507} INFO - DAG data_ingestion_dag has 4/16 running and queued tasks
[2025-04-13T19:36:15.801-0400] {scheduler_job_runner.py:646} INFO - Setting the following tasks to queued state:
	<TaskInstance: data_ingestion_dag.ingest_data_task scheduled__2009-01-01T00:00:00+00:00 [scheduled]>
[2025-04-13T19:36:15.802-0400] {scheduler_job_runner.py:748} INFO - Trying to enqueue tasks: [<TaskInstance: data_ingestion_dag.ingest_data_task scheduled__2009-01-01T00:00:00+00:00 [scheduled]>] for executor: LocalExecutor(parallelism=32)
[2025-04-13T19:36:15.802-0400] {scheduler_job_runner.py:692} INFO - Sending TaskInstanceKey(dag_id='data_ingestion_dag', task_id='ingest_data_task', run_id='scheduled__2009-01-01T00:00:00+00:00', try_number=1, map_index=-1) to LocalExecutor with priority 6 and queue default
[2025-04-13T19:36:15.803-0400] {base_executor.py:169} INFO - Adding to queue: ['airflow', 'tasks', 'run', 'data_ingestion_dag', 'ingest_data_task', 'scheduled__2009-01-01T00:00:00+00:00', '--local', '--subdir', 'DAGS_FOLDER/ingest_data_dag.py']
[2025-04-13T19:36:15.805-0400] {local_executor.py:93} INFO - QueuedLocalWorker running ['airflow', 'tasks', 'run', 'data_ingestion_dag', 'ingest_data_task', 'scheduled__2009-01-01T00:00:00+00:00', '--local', '--subdir', 'DAGS_FOLDER/ingest_data_dag.py']
[2025-04-13T19:36:15.824-0400] {dagbag.py:588} INFO - Filling up the DagBag from /home/aguan/ontario-sunshine-salary-dashboard/airflow/dags/ingest_data_dag.py
[2025-04-13T19:36:15.858-0400] {task_command.py:467} INFO - Running <TaskInstance: data_ingestion_dag.ingest_data_task scheduled__2009-01-01T00:00:00+00:00 [queued]> on host aguan-pc2.
[2025-04-13T19:36:18.277-0400] {scheduler_job_runner.py:435} INFO - 1 tasks up for execution:
	<TaskInstance: data_ingestion_dag.upload_raw_to_gcs_task scheduled__2009-01-01T00:00:00+00:00 [scheduled]>
[2025-04-13T19:36:18.277-0400] {scheduler_job_runner.py:507} INFO - DAG data_ingestion_dag has 4/16 running and queued tasks
[2025-04-13T19:36:18.277-0400] {scheduler_job_runner.py:646} INFO - Setting the following tasks to queued state:
	<TaskInstance: data_ingestion_dag.upload_raw_to_gcs_task scheduled__2009-01-01T00:00:00+00:00 [scheduled]>
[2025-04-13T19:36:18.278-0400] {scheduler_job_runner.py:748} INFO - Trying to enqueue tasks: [<TaskInstance: data_ingestion_dag.upload_raw_to_gcs_task scheduled__2009-01-01T00:00:00+00:00 [scheduled]>] for executor: LocalExecutor(parallelism=32)
[2025-04-13T19:36:18.279-0400] {scheduler_job_runner.py:692} INFO - Sending TaskInstanceKey(dag_id='data_ingestion_dag', task_id='upload_raw_to_gcs_task', run_id='scheduled__2009-01-01T00:00:00+00:00', try_number=1, map_index=-1) to LocalExecutor with priority 5 and queue default
[2025-04-13T19:36:18.279-0400] {base_executor.py:169} INFO - Adding to queue: ['airflow', 'tasks', 'run', 'data_ingestion_dag', 'upload_raw_to_gcs_task', 'scheduled__2009-01-01T00:00:00+00:00', '--local', '--subdir', 'DAGS_FOLDER/ingest_data_dag.py']
[2025-04-13T19:36:18.282-0400] {scheduler_job_runner.py:776} INFO - Received executor event with state success for task instance TaskInstanceKey(dag_id='data_ingestion_dag', task_id='ingest_data_task', run_id='scheduled__2009-01-01T00:00:00+00:00', try_number=1, map_index=-1)
[2025-04-13T19:36:18.281-0400] {local_executor.py:93} INFO - QueuedLocalWorker running ['airflow', 'tasks', 'run', 'data_ingestion_dag', 'upload_raw_to_gcs_task', 'scheduled__2009-01-01T00:00:00+00:00', '--local', '--subdir', 'DAGS_FOLDER/ingest_data_dag.py']
[2025-04-13T19:36:18.284-0400] {scheduler_job_runner.py:813} INFO - TaskInstance Finished: dag_id=data_ingestion_dag, task_id=ingest_data_task, run_id=scheduled__2009-01-01T00:00:00+00:00, map_index=-1, run_start_date=2025-04-13 23:36:16.022317+00:00, run_end_date=2025-04-13 23:36:17.259915+00:00, run_duration=1.237598, state=success, executor=LocalExecutor(parallelism=32), executor_state=success, try_number=1, max_tries=1, job_id=87, pool=default_pool, queue=default, priority_weight=6, operator=BashOperator, queued_dttm=2025-04-13 23:36:15.801489+00:00, queued_by_job_id=1, pid=22204
[2025-04-13T19:36:18.300-0400] {dagbag.py:588} INFO - Filling up the DagBag from /home/aguan/ontario-sunshine-salary-dashboard/airflow/dags/ingest_data_dag.py
[2025-04-13T19:36:18.335-0400] {task_command.py:467} INFO - Running <TaskInstance: data_ingestion_dag.upload_raw_to_gcs_task scheduled__2009-01-01T00:00:00+00:00 [queued]> on host aguan-pc2.
[2025-04-13T19:36:54.210-0400] {dagrun.py:854} INFO - Marking run <DagRun data_ingestion_dag @ 2006-01-01 00:00:00+00:00: scheduled__2006-01-01T00:00:00+00:00, state:running, queued_at: 2025-04-13 23:19:56.410400+00:00. externally triggered: False> successful
[2025-04-13T19:36:54.210-0400] {dagrun.py:905} INFO - DagRun Finished: dag_id=data_ingestion_dag, execution_date=2006-01-01 00:00:00+00:00, run_id=scheduled__2006-01-01T00:00:00+00:00, run_start_date=2025-04-13 23:19:56.422602+00:00, run_end_date=2025-04-13 23:36:54.210511+00:00, run_duration=1017.787909, state=success, external_trigger=False, run_type=scheduled, data_interval_start=2006-01-01 00:00:00+00:00, data_interval_end=2007-01-01 00:00:00+00:00, dag_hash=bcef3e37f1accf53097d562d78be0b2d
[2025-04-13T19:36:54.213-0400] {dag.py:4180} INFO - Setting next_dagrun for data_ingestion_dag to 2007-01-01 00:00:00+00:00, run_after=2008-01-01 00:00:00+00:00
[2025-04-13T19:36:54.216-0400] {dagrun.py:854} INFO - Marking run <DagRun data_ingestion_dag @ 2005-01-01 00:00:00+00:00: scheduled__2005-01-01T00:00:00+00:00, state:running, queued_at: 2025-04-13 23:19:56.330740+00:00. externally triggered: False> successful
[2025-04-13T19:36:54.216-0400] {dagrun.py:905} INFO - DagRun Finished: dag_id=data_ingestion_dag, execution_date=2005-01-01 00:00:00+00:00, run_id=scheduled__2005-01-01T00:00:00+00:00, run_start_date=2025-04-13 23:19:56.344871+00:00, run_end_date=2025-04-13 23:36:54.216793+00:00, run_duration=1017.871922, state=success, external_trigger=False, run_type=scheduled, data_interval_start=2005-01-01 00:00:00+00:00, data_interval_end=2006-01-01 00:00:00+00:00, dag_hash=bcef3e37f1accf53097d562d78be0b2d
[2025-04-13T19:36:54.219-0400] {dag.py:4180} INFO - Setting next_dagrun for data_ingestion_dag to 2006-01-01 00:00:00+00:00, run_after=2007-01-01 00:00:00+00:00
[2025-04-13T19:36:54.246-0400] {scheduler_job_runner.py:776} INFO - Received executor event with state success for task instance TaskInstanceKey(dag_id='data_ingestion_dag', task_id='validate_clean_task', run_id='scheduled__2006-01-01T00:00:00+00:00', try_number=1, map_index=-1)
[2025-04-13T19:36:54.249-0400] {scheduler_job_runner.py:813} INFO - TaskInstance Finished: dag_id=data_ingestion_dag, task_id=validate_clean_task, run_id=scheduled__2006-01-01T00:00:00+00:00, map_index=-1, run_start_date=2025-04-13 23:35:36.497178+00:00, run_end_date=2025-04-13 23:36:53.370757+00:00, run_duration=76.873579, state=success, executor=LocalExecutor(parallelism=32), executor_state=success, try_number=1, max_tries=1, job_id=83, pool=default_pool, queue=default, priority_weight=1, operator=BashOperator, queued_dttm=2025-04-13 23:35:36.267859+00:00, queued_by_job_id=1, pid=22036
[2025-04-13T19:36:55.268-0400] {dag.py:4180} INFO - Setting next_dagrun for data_ingestion_dag to 2007-01-01 00:00:00+00:00, run_after=2008-01-01 00:00:00+00:00
[2025-04-13T19:36:55.304-0400] {scheduler_job_runner.py:776} INFO - Received executor event with state success for task instance TaskInstanceKey(dag_id='data_ingestion_dag', task_id='validate_clean_task', run_id='scheduled__2005-01-01T00:00:00+00:00', try_number=1, map_index=-1)
[2025-04-13T19:36:55.307-0400] {scheduler_job_runner.py:813} INFO - TaskInstance Finished: dag_id=data_ingestion_dag, task_id=validate_clean_task, run_id=scheduled__2005-01-01T00:00:00+00:00, map_index=-1, run_start_date=2025-04-13 23:35:37.301961+00:00, run_end_date=2025-04-13 23:36:54.180465+00:00, run_duration=76.878504, state=success, executor=LocalExecutor(parallelism=32), executor_state=success, try_number=1, max_tries=1, job_id=84, pool=default_pool, queue=default, priority_weight=1, operator=BashOperator, queued_dttm=2025-04-13 23:35:37.071237+00:00, queued_by_job_id=1, pid=22062
[2025-04-13T19:36:56.084-0400] {dag.py:4180} INFO - Setting next_dagrun for data_ingestion_dag to 2008-01-01 00:00:00+00:00, run_after=2009-01-01 00:00:00+00:00
[2025-04-13T19:36:57.137-0400] {dag.py:4180} INFO - Setting next_dagrun for data_ingestion_dag to 2009-01-01 00:00:00+00:00, run_after=2010-01-01 00:00:00+00:00
[2025-04-13T19:36:57.355-0400] {dag.py:4180} INFO - Setting next_dagrun for data_ingestion_dag to 2010-01-01 00:00:00+00:00, run_after=2011-01-01 00:00:00+00:00
[2025-04-13T19:36:58.421-0400] {dag.py:4180} INFO - Setting next_dagrun for data_ingestion_dag to 2011-01-01 00:00:00+00:00, run_after=2012-01-01 00:00:00+00:00
[2025-04-13T19:36:58.468-0400] {scheduler_job_runner.py:435} INFO - 1 tasks up for execution:
	<TaskInstance: data_ingestion_dag.ingest_data_task scheduled__2010-01-01T00:00:00+00:00 [scheduled]>
[2025-04-13T19:36:58.468-0400] {scheduler_job_runner.py:507} INFO - DAG data_ingestion_dag has 3/16 running and queued tasks
[2025-04-13T19:36:58.469-0400] {scheduler_job_runner.py:646} INFO - Setting the following tasks to queued state:
	<TaskInstance: data_ingestion_dag.ingest_data_task scheduled__2010-01-01T00:00:00+00:00 [scheduled]>
[2025-04-13T19:36:58.470-0400] {scheduler_job_runner.py:748} INFO - Trying to enqueue tasks: [<TaskInstance: data_ingestion_dag.ingest_data_task scheduled__2010-01-01T00:00:00+00:00 [scheduled]>] for executor: LocalExecutor(parallelism=32)
[2025-04-13T19:36:58.470-0400] {scheduler_job_runner.py:692} INFO - Sending TaskInstanceKey(dag_id='data_ingestion_dag', task_id='ingest_data_task', run_id='scheduled__2010-01-01T00:00:00+00:00', try_number=1, map_index=-1) to LocalExecutor with priority 6 and queue default
[2025-04-13T19:36:58.471-0400] {base_executor.py:169} INFO - Adding to queue: ['airflow', 'tasks', 'run', 'data_ingestion_dag', 'ingest_data_task', 'scheduled__2010-01-01T00:00:00+00:00', '--local', '--subdir', 'DAGS_FOLDER/ingest_data_dag.py']
[2025-04-13T19:36:58.474-0400] {local_executor.py:93} INFO - QueuedLocalWorker running ['airflow', 'tasks', 'run', 'data_ingestion_dag', 'ingest_data_task', 'scheduled__2010-01-01T00:00:00+00:00', '--local', '--subdir', 'DAGS_FOLDER/ingest_data_dag.py']
[2025-04-13T19:36:58.494-0400] {scheduler_job_runner.py:1526} INFO - DAG data_ingestion_dag is at (or above) max_active_runs (5 of 5), not creating any more runs
[2025-04-13T19:36:58.495-0400] {dagbag.py:588} INFO - Filling up the DagBag from /home/aguan/ontario-sunshine-salary-dashboard/airflow/dags/ingest_data_dag.py
[2025-04-13T19:36:58.535-0400] {task_command.py:467} INFO - Running <TaskInstance: data_ingestion_dag.ingest_data_task scheduled__2010-01-01T00:00:00+00:00 [queued]> on host aguan-pc2.
[2025-04-13T19:36:58.546-0400] {scheduler_job_runner.py:435} INFO - 1 tasks up for execution:
	<TaskInstance: data_ingestion_dag.ingest_data_task scheduled__2011-01-01T00:00:00+00:00 [scheduled]>
[2025-04-13T19:36:58.546-0400] {scheduler_job_runner.py:507} INFO - DAG data_ingestion_dag has 4/16 running and queued tasks
[2025-04-13T19:36:58.547-0400] {scheduler_job_runner.py:646} INFO - Setting the following tasks to queued state:
	<TaskInstance: data_ingestion_dag.ingest_data_task scheduled__2011-01-01T00:00:00+00:00 [scheduled]>
[2025-04-13T19:36:58.548-0400] {scheduler_job_runner.py:748} INFO - Trying to enqueue tasks: [<TaskInstance: data_ingestion_dag.ingest_data_task scheduled__2011-01-01T00:00:00+00:00 [scheduled]>] for executor: LocalExecutor(parallelism=32)
[2025-04-13T19:36:58.548-0400] {scheduler_job_runner.py:692} INFO - Sending TaskInstanceKey(dag_id='data_ingestion_dag', task_id='ingest_data_task', run_id='scheduled__2011-01-01T00:00:00+00:00', try_number=1, map_index=-1) to LocalExecutor with priority 6 and queue default
[2025-04-13T19:36:58.548-0400] {base_executor.py:169} INFO - Adding to queue: ['airflow', 'tasks', 'run', 'data_ingestion_dag', 'ingest_data_task', 'scheduled__2011-01-01T00:00:00+00:00', '--local', '--subdir', 'DAGS_FOLDER/ingest_data_dag.py']
[2025-04-13T19:36:58.551-0400] {local_executor.py:93} INFO - QueuedLocalWorker running ['airflow', 'tasks', 'run', 'data_ingestion_dag', 'ingest_data_task', 'scheduled__2011-01-01T00:00:00+00:00', '--local', '--subdir', 'DAGS_FOLDER/ingest_data_dag.py']
[2025-04-13T19:36:58.573-0400] {dagbag.py:588} INFO - Filling up the DagBag from /home/aguan/ontario-sunshine-salary-dashboard/airflow/dags/ingest_data_dag.py
[2025-04-13T19:36:58.612-0400] {task_command.py:467} INFO - Running <TaskInstance: data_ingestion_dag.ingest_data_task scheduled__2011-01-01T00:00:00+00:00 [queued]> on host aguan-pc2.
[2025-04-13T19:37:00.731-0400] {scheduler_job_runner.py:435} INFO - 2 tasks up for execution:
	<TaskInstance: data_ingestion_dag.upload_raw_to_gcs_task scheduled__2010-01-01T00:00:00+00:00 [scheduled]>
	<TaskInstance: data_ingestion_dag.upload_raw_to_gcs_task scheduled__2011-01-01T00:00:00+00:00 [scheduled]>
[2025-04-13T19:37:00.731-0400] {scheduler_job_runner.py:507} INFO - DAG data_ingestion_dag has 3/16 running and queued tasks
[2025-04-13T19:37:00.731-0400] {scheduler_job_runner.py:507} INFO - DAG data_ingestion_dag has 4/16 running and queued tasks
[2025-04-13T19:37:00.731-0400] {scheduler_job_runner.py:646} INFO - Setting the following tasks to queued state:
	<TaskInstance: data_ingestion_dag.upload_raw_to_gcs_task scheduled__2010-01-01T00:00:00+00:00 [scheduled]>
	<TaskInstance: data_ingestion_dag.upload_raw_to_gcs_task scheduled__2011-01-01T00:00:00+00:00 [scheduled]>
[2025-04-13T19:37:00.732-0400] {scheduler_job_runner.py:748} INFO - Trying to enqueue tasks: [<TaskInstance: data_ingestion_dag.upload_raw_to_gcs_task scheduled__2010-01-01T00:00:00+00:00 [scheduled]>, <TaskInstance: data_ingestion_dag.upload_raw_to_gcs_task scheduled__2011-01-01T00:00:00+00:00 [scheduled]>] for executor: LocalExecutor(parallelism=32)
[2025-04-13T19:37:00.733-0400] {scheduler_job_runner.py:692} INFO - Sending TaskInstanceKey(dag_id='data_ingestion_dag', task_id='upload_raw_to_gcs_task', run_id='scheduled__2010-01-01T00:00:00+00:00', try_number=1, map_index=-1) to LocalExecutor with priority 5 and queue default
[2025-04-13T19:37:00.733-0400] {base_executor.py:169} INFO - Adding to queue: ['airflow', 'tasks', 'run', 'data_ingestion_dag', 'upload_raw_to_gcs_task', 'scheduled__2010-01-01T00:00:00+00:00', '--local', '--subdir', 'DAGS_FOLDER/ingest_data_dag.py']
[2025-04-13T19:37:00.733-0400] {scheduler_job_runner.py:692} INFO - Sending TaskInstanceKey(dag_id='data_ingestion_dag', task_id='upload_raw_to_gcs_task', run_id='scheduled__2011-01-01T00:00:00+00:00', try_number=1, map_index=-1) to LocalExecutor with priority 5 and queue default
[2025-04-13T19:37:00.733-0400] {base_executor.py:169} INFO - Adding to queue: ['airflow', 'tasks', 'run', 'data_ingestion_dag', 'upload_raw_to_gcs_task', 'scheduled__2011-01-01T00:00:00+00:00', '--local', '--subdir', 'DAGS_FOLDER/ingest_data_dag.py']
[2025-04-13T19:37:00.736-0400] {local_executor.py:93} INFO - QueuedLocalWorker running ['airflow', 'tasks', 'run', 'data_ingestion_dag', 'upload_raw_to_gcs_task', 'scheduled__2011-01-01T00:00:00+00:00', '--local', '--subdir', 'DAGS_FOLDER/ingest_data_dag.py']
[2025-04-13T19:37:00.736-0400] {local_executor.py:93} INFO - QueuedLocalWorker running ['airflow', 'tasks', 'run', 'data_ingestion_dag', 'upload_raw_to_gcs_task', 'scheduled__2010-01-01T00:00:00+00:00', '--local', '--subdir', 'DAGS_FOLDER/ingest_data_dag.py']
[2025-04-13T19:37:00.737-0400] {scheduler_job_runner.py:776} INFO - Received executor event with state success for task instance TaskInstanceKey(dag_id='data_ingestion_dag', task_id='ingest_data_task', run_id='scheduled__2010-01-01T00:00:00+00:00', try_number=1, map_index=-1)
[2025-04-13T19:37:00.737-0400] {scheduler_job_runner.py:776} INFO - Received executor event with state success for task instance TaskInstanceKey(dag_id='data_ingestion_dag', task_id='ingest_data_task', run_id='scheduled__2011-01-01T00:00:00+00:00', try_number=1, map_index=-1)
[2025-04-13T19:37:00.740-0400] {scheduler_job_runner.py:813} INFO - TaskInstance Finished: dag_id=data_ingestion_dag, task_id=ingest_data_task, run_id=scheduled__2011-01-01T00:00:00+00:00, map_index=-1, run_start_date=2025-04-13 23:36:58.785088+00:00, run_end_date=2025-04-13 23:36:59.942431+00:00, run_duration=1.157343, state=success, executor=LocalExecutor(parallelism=32), executor_state=success, try_number=1, max_tries=1, job_id=90, pool=default_pool, queue=default, priority_weight=6, operator=BashOperator, queued_dttm=2025-04-13 23:36:58.547451+00:00, queued_by_job_id=1, pid=22351
[2025-04-13T19:37:00.740-0400] {scheduler_job_runner.py:813} INFO - TaskInstance Finished: dag_id=data_ingestion_dag, task_id=ingest_data_task, run_id=scheduled__2010-01-01T00:00:00+00:00, map_index=-1, run_start_date=2025-04-13 23:36:58.713553+00:00, run_end_date=2025-04-13 23:36:59.860815+00:00, run_duration=1.147262, state=success, executor=LocalExecutor(parallelism=32), executor_state=success, try_number=1, max_tries=1, job_id=89, pool=default_pool, queue=default, priority_weight=6, operator=BashOperator, queued_dttm=2025-04-13 23:36:58.469470+00:00, queued_by_job_id=1, pid=22349
[2025-04-13T19:37:00.756-0400] {dagbag.py:588} INFO - Filling up the DagBag from /home/aguan/ontario-sunshine-salary-dashboard/airflow/dags/ingest_data_dag.py
[2025-04-13T19:37:00.757-0400] {dagbag.py:588} INFO - Filling up the DagBag from /home/aguan/ontario-sunshine-salary-dashboard/airflow/dags/ingest_data_dag.py
[2025-04-13T19:37:00.791-0400] {task_command.py:467} INFO - Running <TaskInstance: data_ingestion_dag.upload_raw_to_gcs_task scheduled__2010-01-01T00:00:00+00:00 [queued]> on host aguan-pc2.
[2025-04-13T19:37:00.791-0400] {task_command.py:467} INFO - Running <TaskInstance: data_ingestion_dag.upload_raw_to_gcs_task scheduled__2011-01-01T00:00:00+00:00 [queued]> on host aguan-pc2.
[2025-04-13T19:38:00.841-0400] {scheduler_job_runner.py:435} INFO - 1 tasks up for execution:
	<TaskInstance: data_ingestion_dag.validate_merge_task scheduled__2007-01-01T00:00:00+00:00 [scheduled]>
[2025-04-13T19:38:00.841-0400] {scheduler_job_runner.py:507} INFO - DAG data_ingestion_dag has 4/16 running and queued tasks
[2025-04-13T19:38:00.842-0400] {scheduler_job_runner.py:646} INFO - Setting the following tasks to queued state:
	<TaskInstance: data_ingestion_dag.validate_merge_task scheduled__2007-01-01T00:00:00+00:00 [scheduled]>
[2025-04-13T19:38:00.843-0400] {scheduler_job_runner.py:748} INFO - Trying to enqueue tasks: [<TaskInstance: data_ingestion_dag.validate_merge_task scheduled__2007-01-01T00:00:00+00:00 [scheduled]>] for executor: LocalExecutor(parallelism=32)
[2025-04-13T19:38:00.844-0400] {scheduler_job_runner.py:692} INFO - Sending TaskInstanceKey(dag_id='data_ingestion_dag', task_id='validate_merge_task', run_id='scheduled__2007-01-01T00:00:00+00:00', try_number=1, map_index=-1) to LocalExecutor with priority 3 and queue default
[2025-04-13T19:38:00.844-0400] {base_executor.py:169} INFO - Adding to queue: ['airflow', 'tasks', 'run', 'data_ingestion_dag', 'validate_merge_task', 'scheduled__2007-01-01T00:00:00+00:00', '--local', '--subdir', 'DAGS_FOLDER/ingest_data_dag.py']
[2025-04-13T19:38:00.847-0400] {scheduler_job_runner.py:776} INFO - Received executor event with state success for task instance TaskInstanceKey(dag_id='data_ingestion_dag', task_id='merge_raw_files_task', run_id='scheduled__2007-01-01T00:00:00+00:00', try_number=1, map_index=-1)
[2025-04-13T19:38:00.847-0400] {local_executor.py:93} INFO - QueuedLocalWorker running ['airflow', 'tasks', 'run', 'data_ingestion_dag', 'validate_merge_task', 'scheduled__2007-01-01T00:00:00+00:00', '--local', '--subdir', 'DAGS_FOLDER/ingest_data_dag.py']
[2025-04-13T19:38:00.851-0400] {scheduler_job_runner.py:813} INFO - TaskInstance Finished: dag_id=data_ingestion_dag, task_id=merge_raw_files_task, run_id=scheduled__2007-01-01T00:00:00+00:00, map_index=-1, run_start_date=2025-04-13 23:31:57.504915+00:00, run_end_date=2025-04-13 23:37:59.917655+00:00, run_duration=362.41274, state=success, executor=LocalExecutor(parallelism=32), executor_state=success, try_number=1, max_tries=1, job_id=80, pool=default_pool, queue=default, priority_weight=4, operator=BashOperator, queued_dttm=2025-04-13 23:31:57.286475+00:00, queued_by_job_id=1, pid=21286
[2025-04-13T19:38:00.868-0400] {dagbag.py:588} INFO - Filling up the DagBag from /home/aguan/ontario-sunshine-salary-dashboard/airflow/dags/ingest_data_dag.py
[2025-04-13T19:38:00.909-0400] {task_command.py:467} INFO - Running <TaskInstance: data_ingestion_dag.validate_merge_task scheduled__2007-01-01T00:00:00+00:00 [queued]> on host aguan-pc2.
[2025-04-13T19:38:41.058-0400] {scheduler_job_runner.py:435} INFO - 1 tasks up for execution:
	<TaskInstance: data_ingestion_dag.merge_raw_files_task scheduled__2008-01-01T00:00:00+00:00 [scheduled]>
[2025-04-13T19:38:41.059-0400] {scheduler_job_runner.py:507} INFO - DAG data_ingestion_dag has 4/16 running and queued tasks
[2025-04-13T19:38:41.059-0400] {scheduler_job_runner.py:646} INFO - Setting the following tasks to queued state:
	<TaskInstance: data_ingestion_dag.merge_raw_files_task scheduled__2008-01-01T00:00:00+00:00 [scheduled]>
[2025-04-13T19:38:41.060-0400] {scheduler_job_runner.py:748} INFO - Trying to enqueue tasks: [<TaskInstance: data_ingestion_dag.merge_raw_files_task scheduled__2008-01-01T00:00:00+00:00 [scheduled]>] for executor: LocalExecutor(parallelism=32)
[2025-04-13T19:38:41.060-0400] {scheduler_job_runner.py:692} INFO - Sending TaskInstanceKey(dag_id='data_ingestion_dag', task_id='merge_raw_files_task', run_id='scheduled__2008-01-01T00:00:00+00:00', try_number=1, map_index=-1) to LocalExecutor with priority 4 and queue default
[2025-04-13T19:38:41.061-0400] {base_executor.py:169} INFO - Adding to queue: ['airflow', 'tasks', 'run', 'data_ingestion_dag', 'merge_raw_files_task', 'scheduled__2008-01-01T00:00:00+00:00', '--local', '--subdir', 'DAGS_FOLDER/ingest_data_dag.py']
[2025-04-13T19:38:41.064-0400] {scheduler_job_runner.py:776} INFO - Received executor event with state success for task instance TaskInstanceKey(dag_id='data_ingestion_dag', task_id='upload_raw_to_gcs_task', run_id='scheduled__2008-01-01T00:00:00+00:00', try_number=1, map_index=-1)
[2025-04-13T19:38:41.064-0400] {local_executor.py:93} INFO - QueuedLocalWorker running ['airflow', 'tasks', 'run', 'data_ingestion_dag', 'merge_raw_files_task', 'scheduled__2008-01-01T00:00:00+00:00', '--local', '--subdir', 'DAGS_FOLDER/ingest_data_dag.py']
[2025-04-13T19:38:41.067-0400] {scheduler_job_runner.py:813} INFO - TaskInstance Finished: dag_id=data_ingestion_dag, task_id=upload_raw_to_gcs_task, run_id=scheduled__2008-01-01T00:00:00+00:00, map_index=-1, run_start_date=2025-04-13 23:36:02.091891+00:00, run_end_date=2025-04-13 23:38:40.896682+00:00, run_duration=158.804791, state=success, executor=LocalExecutor(parallelism=32), executor_state=success, try_number=1, max_tries=1, job_id=86, pool=default_pool, queue=default, priority_weight=5, operator=BashOperator, queued_dttm=2025-04-13 23:36:01.834687+00:00, queued_by_job_id=1, pid=22164
[2025-04-13T19:38:41.084-0400] {dagbag.py:588} INFO - Filling up the DagBag from /home/aguan/ontario-sunshine-salary-dashboard/airflow/dags/ingest_data_dag.py
[2025-04-13T19:38:41.124-0400] {task_command.py:467} INFO - Running <TaskInstance: data_ingestion_dag.merge_raw_files_task scheduled__2008-01-01T00:00:00+00:00 [queued]> on host aguan-pc2.
[2025-04-13T19:38:57.962-0400] {scheduler_job_runner.py:435} INFO - 1 tasks up for execution:
	<TaskInstance: data_ingestion_dag.merge_raw_files_task scheduled__2009-01-01T00:00:00+00:00 [scheduled]>
[2025-04-13T19:38:57.962-0400] {scheduler_job_runner.py:507} INFO - DAG data_ingestion_dag has 4/16 running and queued tasks
[2025-04-13T19:38:57.963-0400] {scheduler_job_runner.py:646} INFO - Setting the following tasks to queued state:
	<TaskInstance: data_ingestion_dag.merge_raw_files_task scheduled__2009-01-01T00:00:00+00:00 [scheduled]>
[2025-04-13T19:38:57.964-0400] {scheduler_job_runner.py:748} INFO - Trying to enqueue tasks: [<TaskInstance: data_ingestion_dag.merge_raw_files_task scheduled__2009-01-01T00:00:00+00:00 [scheduled]>] for executor: LocalExecutor(parallelism=32)
[2025-04-13T19:38:57.964-0400] {scheduler_job_runner.py:692} INFO - Sending TaskInstanceKey(dag_id='data_ingestion_dag', task_id='merge_raw_files_task', run_id='scheduled__2009-01-01T00:00:00+00:00', try_number=1, map_index=-1) to LocalExecutor with priority 4 and queue default
[2025-04-13T19:38:57.964-0400] {base_executor.py:169} INFO - Adding to queue: ['airflow', 'tasks', 'run', 'data_ingestion_dag', 'merge_raw_files_task', 'scheduled__2009-01-01T00:00:00+00:00', '--local', '--subdir', 'DAGS_FOLDER/ingest_data_dag.py']
[2025-04-13T19:38:57.967-0400] {scheduler_job_runner.py:776} INFO - Received executor event with state success for task instance TaskInstanceKey(dag_id='data_ingestion_dag', task_id='upload_raw_to_gcs_task', run_id='scheduled__2009-01-01T00:00:00+00:00', try_number=1, map_index=-1)
[2025-04-13T19:38:57.967-0400] {local_executor.py:93} INFO - QueuedLocalWorker running ['airflow', 'tasks', 'run', 'data_ingestion_dag', 'merge_raw_files_task', 'scheduled__2009-01-01T00:00:00+00:00', '--local', '--subdir', 'DAGS_FOLDER/ingest_data_dag.py']
[2025-04-13T19:38:57.970-0400] {scheduler_job_runner.py:813} INFO - TaskInstance Finished: dag_id=data_ingestion_dag, task_id=upload_raw_to_gcs_task, run_id=scheduled__2009-01-01T00:00:00+00:00, map_index=-1, run_start_date=2025-04-13 23:36:18.492513+00:00, run_end_date=2025-04-13 23:38:57.761196+00:00, run_duration=159.268683, state=success, executor=LocalExecutor(parallelism=32), executor_state=success, try_number=1, max_tries=1, job_id=88, pool=default_pool, queue=default, priority_weight=5, operator=BashOperator, queued_dttm=2025-04-13 23:36:18.278067+00:00, queued_by_job_id=1, pid=22220
[2025-04-13T19:38:57.990-0400] {dagbag.py:588} INFO - Filling up the DagBag from /home/aguan/ontario-sunshine-salary-dashboard/airflow/dags/ingest_data_dag.py
[2025-04-13T19:38:58.028-0400] {task_command.py:467} INFO - Running <TaskInstance: data_ingestion_dag.merge_raw_files_task scheduled__2009-01-01T00:00:00+00:00 [queued]> on host aguan-pc2.
[2025-04-13T19:39:18.873-0400] {scheduler_job_runner.py:1949} INFO - Adopting or resetting orphaned tasks for active dag runs
[2025-04-13T19:39:36.038-0400] {scheduler_job_runner.py:435} INFO - 1 tasks up for execution:
	<TaskInstance: data_ingestion_dag.merge_raw_files_task scheduled__2011-01-01T00:00:00+00:00 [scheduled]>
[2025-04-13T19:39:36.038-0400] {scheduler_job_runner.py:507} INFO - DAG data_ingestion_dag has 4/16 running and queued tasks
[2025-04-13T19:39:36.039-0400] {scheduler_job_runner.py:646} INFO - Setting the following tasks to queued state:
	<TaskInstance: data_ingestion_dag.merge_raw_files_task scheduled__2011-01-01T00:00:00+00:00 [scheduled]>
[2025-04-13T19:39:36.040-0400] {scheduler_job_runner.py:748} INFO - Trying to enqueue tasks: [<TaskInstance: data_ingestion_dag.merge_raw_files_task scheduled__2011-01-01T00:00:00+00:00 [scheduled]>] for executor: LocalExecutor(parallelism=32)
[2025-04-13T19:39:36.040-0400] {scheduler_job_runner.py:692} INFO - Sending TaskInstanceKey(dag_id='data_ingestion_dag', task_id='merge_raw_files_task', run_id='scheduled__2011-01-01T00:00:00+00:00', try_number=1, map_index=-1) to LocalExecutor with priority 4 and queue default
[2025-04-13T19:39:36.040-0400] {base_executor.py:169} INFO - Adding to queue: ['airflow', 'tasks', 'run', 'data_ingestion_dag', 'merge_raw_files_task', 'scheduled__2011-01-01T00:00:00+00:00', '--local', '--subdir', 'DAGS_FOLDER/ingest_data_dag.py']
[2025-04-13T19:39:36.043-0400] {scheduler_job_runner.py:776} INFO - Received executor event with state success for task instance TaskInstanceKey(dag_id='data_ingestion_dag', task_id='upload_raw_to_gcs_task', run_id='scheduled__2011-01-01T00:00:00+00:00', try_number=1, map_index=-1)
[2025-04-13T19:39:36.043-0400] {local_executor.py:93} INFO - QueuedLocalWorker running ['airflow', 'tasks', 'run', 'data_ingestion_dag', 'merge_raw_files_task', 'scheduled__2011-01-01T00:00:00+00:00', '--local', '--subdir', 'DAGS_FOLDER/ingest_data_dag.py']
[2025-04-13T19:39:36.046-0400] {scheduler_job_runner.py:813} INFO - TaskInstance Finished: dag_id=data_ingestion_dag, task_id=upload_raw_to_gcs_task, run_id=scheduled__2011-01-01T00:00:00+00:00, map_index=-1, run_start_date=2025-04-13 23:37:00.961047+00:00, run_end_date=2025-04-13 23:39:35.860792+00:00, run_duration=154.899745, state=success, executor=LocalExecutor(parallelism=32), executor_state=success, try_number=1, max_tries=1, job_id=92, pool=default_pool, queue=default, priority_weight=5, operator=BashOperator, queued_dttm=2025-04-13 23:37:00.732120+00:00, queued_by_job_id=1, pid=22368
[2025-04-13T19:39:36.064-0400] {dagbag.py:588} INFO - Filling up the DagBag from /home/aguan/ontario-sunshine-salary-dashboard/airflow/dags/ingest_data_dag.py
[2025-04-13T19:39:36.100-0400] {task_command.py:467} INFO - Running <TaskInstance: data_ingestion_dag.merge_raw_files_task scheduled__2011-01-01T00:00:00+00:00 [queued]> on host aguan-pc2.
[2025-04-13T19:39:46.140-0400] {scheduler_job_runner.py:435} INFO - 1 tasks up for execution:
	<TaskInstance: data_ingestion_dag.merge_raw_files_task scheduled__2010-01-01T00:00:00+00:00 [scheduled]>
[2025-04-13T19:39:46.141-0400] {scheduler_job_runner.py:507} INFO - DAG data_ingestion_dag has 4/16 running and queued tasks
[2025-04-13T19:39:46.141-0400] {scheduler_job_runner.py:646} INFO - Setting the following tasks to queued state:
	<TaskInstance: data_ingestion_dag.merge_raw_files_task scheduled__2010-01-01T00:00:00+00:00 [scheduled]>
[2025-04-13T19:39:46.142-0400] {scheduler_job_runner.py:748} INFO - Trying to enqueue tasks: [<TaskInstance: data_ingestion_dag.merge_raw_files_task scheduled__2010-01-01T00:00:00+00:00 [scheduled]>] for executor: LocalExecutor(parallelism=32)
[2025-04-13T19:39:46.143-0400] {scheduler_job_runner.py:692} INFO - Sending TaskInstanceKey(dag_id='data_ingestion_dag', task_id='merge_raw_files_task', run_id='scheduled__2010-01-01T00:00:00+00:00', try_number=1, map_index=-1) to LocalExecutor with priority 4 and queue default
[2025-04-13T19:39:46.143-0400] {base_executor.py:169} INFO - Adding to queue: ['airflow', 'tasks', 'run', 'data_ingestion_dag', 'merge_raw_files_task', 'scheduled__2010-01-01T00:00:00+00:00', '--local', '--subdir', 'DAGS_FOLDER/ingest_data_dag.py']
[2025-04-13T19:39:46.146-0400] {scheduler_job_runner.py:776} INFO - Received executor event with state success for task instance TaskInstanceKey(dag_id='data_ingestion_dag', task_id='upload_raw_to_gcs_task', run_id='scheduled__2010-01-01T00:00:00+00:00', try_number=1, map_index=-1)
[2025-04-13T19:39:46.146-0400] {local_executor.py:93} INFO - QueuedLocalWorker running ['airflow', 'tasks', 'run', 'data_ingestion_dag', 'merge_raw_files_task', 'scheduled__2010-01-01T00:00:00+00:00', '--local', '--subdir', 'DAGS_FOLDER/ingest_data_dag.py']
[2025-04-13T19:39:46.149-0400] {scheduler_job_runner.py:813} INFO - TaskInstance Finished: dag_id=data_ingestion_dag, task_id=upload_raw_to_gcs_task, run_id=scheduled__2010-01-01T00:00:00+00:00, map_index=-1, run_start_date=2025-04-13 23:37:00.961204+00:00, run_end_date=2025-04-13 23:39:46.030992+00:00, run_duration=165.069788, state=success, executor=LocalExecutor(parallelism=32), executor_state=success, try_number=1, max_tries=1, job_id=91, pool=default_pool, queue=default, priority_weight=5, operator=BashOperator, queued_dttm=2025-04-13 23:37:00.732120+00:00, queued_by_job_id=1, pid=22369
[2025-04-13T19:39:46.168-0400] {dagbag.py:588} INFO - Filling up the DagBag from /home/aguan/ontario-sunshine-salary-dashboard/airflow/dags/ingest_data_dag.py
[2025-04-13T19:39:46.210-0400] {task_command.py:467} INFO - Running <TaskInstance: data_ingestion_dag.merge_raw_files_task scheduled__2010-01-01T00:00:00+00:00 [queued]> on host aguan-pc2.
[2025-04-13T19:40:19.476-0400] {scheduler_job_runner.py:435} INFO - 1 tasks up for execution:
	<TaskInstance: data_ingestion_dag.clean_data_task scheduled__2007-01-01T00:00:00+00:00 [scheduled]>
[2025-04-13T19:40:19.477-0400] {scheduler_job_runner.py:507} INFO - DAG data_ingestion_dag has 4/16 running and queued tasks
[2025-04-13T19:40:19.477-0400] {scheduler_job_runner.py:646} INFO - Setting the following tasks to queued state:
	<TaskInstance: data_ingestion_dag.clean_data_task scheduled__2007-01-01T00:00:00+00:00 [scheduled]>
[2025-04-13T19:40:19.478-0400] {scheduler_job_runner.py:748} INFO - Trying to enqueue tasks: [<TaskInstance: data_ingestion_dag.clean_data_task scheduled__2007-01-01T00:00:00+00:00 [scheduled]>] for executor: LocalExecutor(parallelism=32)
[2025-04-13T19:40:19.479-0400] {scheduler_job_runner.py:692} INFO - Sending TaskInstanceKey(dag_id='data_ingestion_dag', task_id='clean_data_task', run_id='scheduled__2007-01-01T00:00:00+00:00', try_number=1, map_index=-1) to LocalExecutor with priority 2 and queue default
[2025-04-13T19:40:19.479-0400] {base_executor.py:169} INFO - Adding to queue: ['airflow', 'tasks', 'run', 'data_ingestion_dag', 'clean_data_task', 'scheduled__2007-01-01T00:00:00+00:00', '--local', '--subdir', 'DAGS_FOLDER/ingest_data_dag.py']
[2025-04-13T19:40:19.482-0400] {scheduler_job_runner.py:776} INFO - Received executor event with state success for task instance TaskInstanceKey(dag_id='data_ingestion_dag', task_id='validate_merge_task', run_id='scheduled__2007-01-01T00:00:00+00:00', try_number=1, map_index=-1)
[2025-04-13T19:40:19.482-0400] {local_executor.py:93} INFO - QueuedLocalWorker running ['airflow', 'tasks', 'run', 'data_ingestion_dag', 'clean_data_task', 'scheduled__2007-01-01T00:00:00+00:00', '--local', '--subdir', 'DAGS_FOLDER/ingest_data_dag.py']
[2025-04-13T19:40:19.485-0400] {scheduler_job_runner.py:813} INFO - TaskInstance Finished: dag_id=data_ingestion_dag, task_id=validate_merge_task, run_id=scheduled__2007-01-01T00:00:00+00:00, map_index=-1, run_start_date=2025-04-13 23:38:01.085642+00:00, run_end_date=2025-04-13 23:40:18.397454+00:00, run_duration=137.311812, state=success, executor=LocalExecutor(parallelism=32), executor_state=success, try_number=1, max_tries=1, job_id=93, pool=default_pool, queue=default, priority_weight=3, operator=BashOperator, queued_dttm=2025-04-13 23:38:00.842609+00:00, queued_by_job_id=1, pid=22561
[2025-04-13T19:40:19.502-0400] {dagbag.py:588} INFO - Filling up the DagBag from /home/aguan/ontario-sunshine-salary-dashboard/airflow/dags/ingest_data_dag.py
[2025-04-13T19:40:19.545-0400] {task_command.py:467} INFO - Running <TaskInstance: data_ingestion_dag.clean_data_task scheduled__2007-01-01T00:00:00+00:00 [queued]> on host aguan-pc2.
[2025-04-13T19:44:04.565-0400] {scheduler_job_runner.py:435} INFO - 1 tasks up for execution:
	<TaskInstance: data_ingestion_dag.validate_clean_task scheduled__2007-01-01T00:00:00+00:00 [scheduled]>
[2025-04-13T19:44:04.566-0400] {scheduler_job_runner.py:507} INFO - DAG data_ingestion_dag has 4/16 running and queued tasks
[2025-04-13T19:44:04.566-0400] {scheduler_job_runner.py:646} INFO - Setting the following tasks to queued state:
	<TaskInstance: data_ingestion_dag.validate_clean_task scheduled__2007-01-01T00:00:00+00:00 [scheduled]>
[2025-04-13T19:44:04.567-0400] {scheduler_job_runner.py:748} INFO - Trying to enqueue tasks: [<TaskInstance: data_ingestion_dag.validate_clean_task scheduled__2007-01-01T00:00:00+00:00 [scheduled]>] for executor: LocalExecutor(parallelism=32)
[2025-04-13T19:44:04.568-0400] {scheduler_job_runner.py:692} INFO - Sending TaskInstanceKey(dag_id='data_ingestion_dag', task_id='validate_clean_task', run_id='scheduled__2007-01-01T00:00:00+00:00', try_number=1, map_index=-1) to LocalExecutor with priority 1 and queue default
[2025-04-13T19:44:04.568-0400] {base_executor.py:169} INFO - Adding to queue: ['airflow', 'tasks', 'run', 'data_ingestion_dag', 'validate_clean_task', 'scheduled__2007-01-01T00:00:00+00:00', '--local', '--subdir', 'DAGS_FOLDER/ingest_data_dag.py']
[2025-04-13T19:44:04.571-0400] {scheduler_job_runner.py:776} INFO - Received executor event with state success for task instance TaskInstanceKey(dag_id='data_ingestion_dag', task_id='clean_data_task', run_id='scheduled__2007-01-01T00:00:00+00:00', try_number=1, map_index=-1)
[2025-04-13T19:44:04.571-0400] {local_executor.py:93} INFO - QueuedLocalWorker running ['airflow', 'tasks', 'run', 'data_ingestion_dag', 'validate_clean_task', 'scheduled__2007-01-01T00:00:00+00:00', '--local', '--subdir', 'DAGS_FOLDER/ingest_data_dag.py']
[2025-04-13T19:44:04.574-0400] {scheduler_job_runner.py:813} INFO - TaskInstance Finished: dag_id=data_ingestion_dag, task_id=clean_data_task, run_id=scheduled__2007-01-01T00:00:00+00:00, map_index=-1, run_start_date=2025-04-13 23:40:19.722538+00:00, run_end_date=2025-04-13 23:44:04.019445+00:00, run_duration=224.296907, state=success, executor=LocalExecutor(parallelism=32), executor_state=success, try_number=1, max_tries=1, job_id=98, pool=default_pool, queue=default, priority_weight=2, operator=BashOperator, queued_dttm=2025-04-13 23:40:19.477777+00:00, queued_by_job_id=1, pid=23154
[2025-04-13T19:44:04.599-0400] {dagbag.py:588} INFO - Filling up the DagBag from /home/aguan/ontario-sunshine-salary-dashboard/airflow/dags/ingest_data_dag.py
[2025-04-13T19:44:04.647-0400] {task_command.py:467} INFO - Running <TaskInstance: data_ingestion_dag.validate_clean_task scheduled__2007-01-01T00:00:00+00:00 [queued]> on host aguan-pc2.
[2025-04-13T19:44:15.148-0400] {scheduler_job_runner.py:435} INFO - 1 tasks up for execution:
	<TaskInstance: data_ingestion_dag.validate_merge_task scheduled__2008-01-01T00:00:00+00:00 [scheduled]>
[2025-04-13T19:44:15.148-0400] {scheduler_job_runner.py:507} INFO - DAG data_ingestion_dag has 4/16 running and queued tasks
[2025-04-13T19:44:15.149-0400] {scheduler_job_runner.py:646} INFO - Setting the following tasks to queued state:
	<TaskInstance: data_ingestion_dag.validate_merge_task scheduled__2008-01-01T00:00:00+00:00 [scheduled]>
[2025-04-13T19:44:15.150-0400] {scheduler_job_runner.py:748} INFO - Trying to enqueue tasks: [<TaskInstance: data_ingestion_dag.validate_merge_task scheduled__2008-01-01T00:00:00+00:00 [scheduled]>] for executor: LocalExecutor(parallelism=32)
[2025-04-13T19:44:15.150-0400] {scheduler_job_runner.py:692} INFO - Sending TaskInstanceKey(dag_id='data_ingestion_dag', task_id='validate_merge_task', run_id='scheduled__2008-01-01T00:00:00+00:00', try_number=1, map_index=-1) to LocalExecutor with priority 3 and queue default
[2025-04-13T19:44:15.151-0400] {base_executor.py:169} INFO - Adding to queue: ['airflow', 'tasks', 'run', 'data_ingestion_dag', 'validate_merge_task', 'scheduled__2008-01-01T00:00:00+00:00', '--local', '--subdir', 'DAGS_FOLDER/ingest_data_dag.py']
[2025-04-13T19:44:15.154-0400] {scheduler_job_runner.py:776} INFO - Received executor event with state success for task instance TaskInstanceKey(dag_id='data_ingestion_dag', task_id='merge_raw_files_task', run_id='scheduled__2008-01-01T00:00:00+00:00', try_number=1, map_index=-1)
[2025-04-13T19:44:15.154-0400] {local_executor.py:93} INFO - QueuedLocalWorker running ['airflow', 'tasks', 'run', 'data_ingestion_dag', 'validate_merge_task', 'scheduled__2008-01-01T00:00:00+00:00', '--local', '--subdir', 'DAGS_FOLDER/ingest_data_dag.py']
[2025-04-13T19:44:15.158-0400] {scheduler_job_runner.py:813} INFO - TaskInstance Finished: dag_id=data_ingestion_dag, task_id=merge_raw_files_task, run_id=scheduled__2008-01-01T00:00:00+00:00, map_index=-1, run_start_date=2025-04-13 23:38:41.279476+00:00, run_end_date=2025-04-13 23:44:15.007608+00:00, run_duration=333.728132, state=success, executor=LocalExecutor(parallelism=32), executor_state=success, try_number=1, max_tries=1, job_id=94, pool=default_pool, queue=default, priority_weight=4, operator=BashOperator, queued_dttm=2025-04-13 23:38:41.059842+00:00, queued_by_job_id=1, pid=22701
[2025-04-13T19:44:15.176-0400] {dagbag.py:588} INFO - Filling up the DagBag from /home/aguan/ontario-sunshine-salary-dashboard/airflow/dags/ingest_data_dag.py
[2025-04-13T19:44:15.219-0400] {task_command.py:467} INFO - Running <TaskInstance: data_ingestion_dag.validate_merge_task scheduled__2008-01-01T00:00:00+00:00 [queued]> on host aguan-pc2.
[2025-04-13T19:44:18.632-0400] {scheduler_job_runner.py:1949} INFO - Adopting or resetting orphaned tasks for active dag runs
[2025-04-13T19:44:33.601-0400] {scheduler_job_runner.py:435} INFO - 1 tasks up for execution:
	<TaskInstance: data_ingestion_dag.validate_merge_task scheduled__2009-01-01T00:00:00+00:00 [scheduled]>
[2025-04-13T19:44:33.602-0400] {scheduler_job_runner.py:507} INFO - DAG data_ingestion_dag has 4/16 running and queued tasks
[2025-04-13T19:44:33.602-0400] {scheduler_job_runner.py:646} INFO - Setting the following tasks to queued state:
	<TaskInstance: data_ingestion_dag.validate_merge_task scheduled__2009-01-01T00:00:00+00:00 [scheduled]>
[2025-04-13T19:44:33.603-0400] {scheduler_job_runner.py:748} INFO - Trying to enqueue tasks: [<TaskInstance: data_ingestion_dag.validate_merge_task scheduled__2009-01-01T00:00:00+00:00 [scheduled]>] for executor: LocalExecutor(parallelism=32)
[2025-04-13T19:44:33.603-0400] {scheduler_job_runner.py:692} INFO - Sending TaskInstanceKey(dag_id='data_ingestion_dag', task_id='validate_merge_task', run_id='scheduled__2009-01-01T00:00:00+00:00', try_number=1, map_index=-1) to LocalExecutor with priority 3 and queue default
[2025-04-13T19:44:33.603-0400] {base_executor.py:169} INFO - Adding to queue: ['airflow', 'tasks', 'run', 'data_ingestion_dag', 'validate_merge_task', 'scheduled__2009-01-01T00:00:00+00:00', '--local', '--subdir', 'DAGS_FOLDER/ingest_data_dag.py']
[2025-04-13T19:44:33.606-0400] {local_executor.py:93} INFO - QueuedLocalWorker running ['airflow', 'tasks', 'run', 'data_ingestion_dag', 'validate_merge_task', 'scheduled__2009-01-01T00:00:00+00:00', '--local', '--subdir', 'DAGS_FOLDER/ingest_data_dag.py']
[2025-04-13T19:44:33.606-0400] {scheduler_job_runner.py:776} INFO - Received executor event with state success for task instance TaskInstanceKey(dag_id='data_ingestion_dag', task_id='merge_raw_files_task', run_id='scheduled__2009-01-01T00:00:00+00:00', try_number=1, map_index=-1)
[2025-04-13T19:44:33.610-0400] {scheduler_job_runner.py:813} INFO - TaskInstance Finished: dag_id=data_ingestion_dag, task_id=merge_raw_files_task, run_id=scheduled__2009-01-01T00:00:00+00:00, map_index=-1, run_start_date=2025-04-13 23:38:58.191723+00:00, run_end_date=2025-04-13 23:44:32.754725+00:00, run_duration=334.563002, state=success, executor=LocalExecutor(parallelism=32), executor_state=success, try_number=1, max_tries=1, job_id=95, pool=default_pool, queue=default, priority_weight=4, operator=BashOperator, queued_dttm=2025-04-13 23:38:57.963563+00:00, queued_by_job_id=1, pid=22788
[2025-04-13T19:44:33.627-0400] {dagbag.py:588} INFO - Filling up the DagBag from /home/aguan/ontario-sunshine-salary-dashboard/airflow/dags/ingest_data_dag.py
[2025-04-13T19:44:33.665-0400] {task_command.py:467} INFO - Running <TaskInstance: data_ingestion_dag.validate_merge_task scheduled__2009-01-01T00:00:00+00:00 [queued]> on host aguan-pc2.
[2025-04-13T19:45:15.889-0400] {dagrun.py:854} INFO - Marking run <DagRun data_ingestion_dag @ 2007-01-01 00:00:00+00:00: scheduled__2007-01-01T00:00:00+00:00, state:running, queued_at: 2025-04-13 23:29:58.857604+00:00. externally triggered: False> successful
[2025-04-13T19:45:15.889-0400] {dagrun.py:905} INFO - DagRun Finished: dag_id=data_ingestion_dag, execution_date=2007-01-01 00:00:00+00:00, run_id=scheduled__2007-01-01T00:00:00+00:00, run_start_date=2025-04-13 23:29:58.868582+00:00, run_end_date=2025-04-13 23:45:15.889446+00:00, run_duration=917.020864, state=success, external_trigger=False, run_type=scheduled, data_interval_start=2007-01-01 00:00:00+00:00, data_interval_end=2008-01-01 00:00:00+00:00, dag_hash=bcef3e37f1accf53097d562d78be0b2d
[2025-04-13T19:45:15.892-0400] {dag.py:4180} INFO - Setting next_dagrun for data_ingestion_dag to 2008-01-01 00:00:00+00:00, run_after=2009-01-01 00:00:00+00:00
[2025-04-13T19:45:15.921-0400] {scheduler_job_runner.py:776} INFO - Received executor event with state success for task instance TaskInstanceKey(dag_id='data_ingestion_dag', task_id='validate_clean_task', run_id='scheduled__2007-01-01T00:00:00+00:00', try_number=1, map_index=-1)
[2025-04-13T19:45:15.925-0400] {scheduler_job_runner.py:813} INFO - TaskInstance Finished: dag_id=data_ingestion_dag, task_id=validate_clean_task, run_id=scheduled__2007-01-01T00:00:00+00:00, map_index=-1, run_start_date=2025-04-13 23:44:04.846696+00:00, run_end_date=2025-04-13 23:45:15.095663+00:00, run_duration=70.248967, state=success, executor=LocalExecutor(parallelism=32), executor_state=success, try_number=1, max_tries=1, job_id=99, pool=default_pool, queue=default, priority_weight=1, operator=BashOperator, queued_dttm=2025-04-13 23:44:04.567033+00:00, queued_by_job_id=1, pid=23889
[2025-04-13T19:45:16.945-0400] {dag.py:4180} INFO - Setting next_dagrun for data_ingestion_dag to 2009-01-01 00:00:00+00:00, run_after=2010-01-01 00:00:00+00:00
[2025-04-13T19:45:17.616-0400] {dag.py:4180} INFO - Setting next_dagrun for data_ingestion_dag to 2010-01-01 00:00:00+00:00, run_after=2011-01-01 00:00:00+00:00
[2025-04-13T19:45:17.758-0400] {dag.py:4180} INFO - Setting next_dagrun for data_ingestion_dag to 2011-01-01 00:00:00+00:00, run_after=2012-01-01 00:00:00+00:00
[2025-04-13T19:45:18.831-0400] {dag.py:4180} INFO - Setting next_dagrun for data_ingestion_dag to 2012-01-01 00:00:00+00:00, run_after=2013-01-01 00:00:00+00:00
[2025-04-13T19:45:19.895-0400] {scheduler_job_runner.py:1526} INFO - DAG data_ingestion_dag is at (or above) max_active_runs (5 of 5), not creating any more runs
[2025-04-13T19:45:19.950-0400] {scheduler_job_runner.py:435} INFO - 1 tasks up for execution:
	<TaskInstance: data_ingestion_dag.ingest_data_task scheduled__2012-01-01T00:00:00+00:00 [scheduled]>
[2025-04-13T19:45:19.950-0400] {scheduler_job_runner.py:507} INFO - DAG data_ingestion_dag has 4/16 running and queued tasks
[2025-04-13T19:45:19.950-0400] {scheduler_job_runner.py:646} INFO - Setting the following tasks to queued state:
	<TaskInstance: data_ingestion_dag.ingest_data_task scheduled__2012-01-01T00:00:00+00:00 [scheduled]>
[2025-04-13T19:45:19.952-0400] {scheduler_job_runner.py:748} INFO - Trying to enqueue tasks: [<TaskInstance: data_ingestion_dag.ingest_data_task scheduled__2012-01-01T00:00:00+00:00 [scheduled]>] for executor: LocalExecutor(parallelism=32)
[2025-04-13T19:45:19.952-0400] {scheduler_job_runner.py:692} INFO - Sending TaskInstanceKey(dag_id='data_ingestion_dag', task_id='ingest_data_task', run_id='scheduled__2012-01-01T00:00:00+00:00', try_number=1, map_index=-1) to LocalExecutor with priority 6 and queue default
[2025-04-13T19:45:19.953-0400] {base_executor.py:169} INFO - Adding to queue: ['airflow', 'tasks', 'run', 'data_ingestion_dag', 'ingest_data_task', 'scheduled__2012-01-01T00:00:00+00:00', '--local', '--subdir', 'DAGS_FOLDER/ingest_data_dag.py']
[2025-04-13T19:45:19.956-0400] {local_executor.py:93} INFO - QueuedLocalWorker running ['airflow', 'tasks', 'run', 'data_ingestion_dag', 'ingest_data_task', 'scheduled__2012-01-01T00:00:00+00:00', '--local', '--subdir', 'DAGS_FOLDER/ingest_data_dag.py']
[2025-04-13T19:45:19.977-0400] {dagbag.py:588} INFO - Filling up the DagBag from /home/aguan/ontario-sunshine-salary-dashboard/airflow/dags/ingest_data_dag.py
[2025-04-13T19:45:20.018-0400] {task_command.py:467} INFO - Running <TaskInstance: data_ingestion_dag.ingest_data_task scheduled__2012-01-01T00:00:00+00:00 [queued]> on host aguan-pc2.
[2025-04-13T19:45:22.620-0400] {scheduler_job_runner.py:435} INFO - 1 tasks up for execution:
	<TaskInstance: data_ingestion_dag.upload_raw_to_gcs_task scheduled__2012-01-01T00:00:00+00:00 [scheduled]>
[2025-04-13T19:45:22.621-0400] {scheduler_job_runner.py:507} INFO - DAG data_ingestion_dag has 4/16 running and queued tasks
[2025-04-13T19:45:22.621-0400] {scheduler_job_runner.py:646} INFO - Setting the following tasks to queued state:
	<TaskInstance: data_ingestion_dag.upload_raw_to_gcs_task scheduled__2012-01-01T00:00:00+00:00 [scheduled]>
[2025-04-13T19:45:22.623-0400] {scheduler_job_runner.py:748} INFO - Trying to enqueue tasks: [<TaskInstance: data_ingestion_dag.upload_raw_to_gcs_task scheduled__2012-01-01T00:00:00+00:00 [scheduled]>] for executor: LocalExecutor(parallelism=32)
[2025-04-13T19:45:22.623-0400] {scheduler_job_runner.py:692} INFO - Sending TaskInstanceKey(dag_id='data_ingestion_dag', task_id='upload_raw_to_gcs_task', run_id='scheduled__2012-01-01T00:00:00+00:00', try_number=1, map_index=-1) to LocalExecutor with priority 5 and queue default
[2025-04-13T19:45:22.624-0400] {base_executor.py:169} INFO - Adding to queue: ['airflow', 'tasks', 'run', 'data_ingestion_dag', 'upload_raw_to_gcs_task', 'scheduled__2012-01-01T00:00:00+00:00', '--local', '--subdir', 'DAGS_FOLDER/ingest_data_dag.py']
[2025-04-13T19:45:22.627-0400] {scheduler_job_runner.py:776} INFO - Received executor event with state success for task instance TaskInstanceKey(dag_id='data_ingestion_dag', task_id='ingest_data_task', run_id='scheduled__2012-01-01T00:00:00+00:00', try_number=1, map_index=-1)
[2025-04-13T19:45:22.627-0400] {local_executor.py:93} INFO - QueuedLocalWorker running ['airflow', 'tasks', 'run', 'data_ingestion_dag', 'upload_raw_to_gcs_task', 'scheduled__2012-01-01T00:00:00+00:00', '--local', '--subdir', 'DAGS_FOLDER/ingest_data_dag.py']
[2025-04-13T19:45:22.631-0400] {scheduler_job_runner.py:813} INFO - TaskInstance Finished: dag_id=data_ingestion_dag, task_id=ingest_data_task, run_id=scheduled__2012-01-01T00:00:00+00:00, map_index=-1, run_start_date=2025-04-13 23:45:20.197378+00:00, run_end_date=2025-04-13 23:45:21.585794+00:00, run_duration=1.388416, state=success, executor=LocalExecutor(parallelism=32), executor_state=success, try_number=1, max_tries=1, job_id=102, pool=default_pool, queue=default, priority_weight=6, operator=BashOperator, queued_dttm=2025-04-13 23:45:19.951208+00:00, queued_by_job_id=1, pid=24176
[2025-04-13T19:45:22.647-0400] {dagbag.py:588} INFO - Filling up the DagBag from /home/aguan/ontario-sunshine-salary-dashboard/airflow/dags/ingest_data_dag.py
[2025-04-13T19:45:22.687-0400] {task_command.py:467} INFO - Running <TaskInstance: data_ingestion_dag.upload_raw_to_gcs_task scheduled__2012-01-01T00:00:00+00:00 [queued]> on host aguan-pc2.
[2025-04-13T19:45:22.698-0400] {scheduler_job_runner.py:435} INFO - 1 tasks up for execution:
	<TaskInstance: data_ingestion_dag.validate_merge_task scheduled__2011-01-01T00:00:00+00:00 [scheduled]>
[2025-04-13T19:45:22.699-0400] {scheduler_job_runner.py:507} INFO - DAG data_ingestion_dag has 4/16 running and queued tasks
[2025-04-13T19:45:22.699-0400] {scheduler_job_runner.py:646} INFO - Setting the following tasks to queued state:
	<TaskInstance: data_ingestion_dag.validate_merge_task scheduled__2011-01-01T00:00:00+00:00 [scheduled]>
[2025-04-13T19:45:22.700-0400] {scheduler_job_runner.py:748} INFO - Trying to enqueue tasks: [<TaskInstance: data_ingestion_dag.validate_merge_task scheduled__2011-01-01T00:00:00+00:00 [scheduled]>] for executor: LocalExecutor(parallelism=32)
[2025-04-13T19:45:22.701-0400] {scheduler_job_runner.py:692} INFO - Sending TaskInstanceKey(dag_id='data_ingestion_dag', task_id='validate_merge_task', run_id='scheduled__2011-01-01T00:00:00+00:00', try_number=1, map_index=-1) to LocalExecutor with priority 3 and queue default
[2025-04-13T19:45:22.701-0400] {base_executor.py:169} INFO - Adding to queue: ['airflow', 'tasks', 'run', 'data_ingestion_dag', 'validate_merge_task', 'scheduled__2011-01-01T00:00:00+00:00', '--local', '--subdir', 'DAGS_FOLDER/ingest_data_dag.py']
[2025-04-13T19:45:22.704-0400] {scheduler_job_runner.py:776} INFO - Received executor event with state success for task instance TaskInstanceKey(dag_id='data_ingestion_dag', task_id='merge_raw_files_task', run_id='scheduled__2011-01-01T00:00:00+00:00', try_number=1, map_index=-1)
[2025-04-13T19:45:22.704-0400] {local_executor.py:93} INFO - QueuedLocalWorker running ['airflow', 'tasks', 'run', 'data_ingestion_dag', 'validate_merge_task', 'scheduled__2011-01-01T00:00:00+00:00', '--local', '--subdir', 'DAGS_FOLDER/ingest_data_dag.py']
[2025-04-13T19:45:22.708-0400] {scheduler_job_runner.py:813} INFO - TaskInstance Finished: dag_id=data_ingestion_dag, task_id=merge_raw_files_task, run_id=scheduled__2011-01-01T00:00:00+00:00, map_index=-1, run_start_date=2025-04-13 23:39:36.274192+00:00, run_end_date=2025-04-13 23:45:22.591844+00:00, run_duration=346.317652, state=success, executor=LocalExecutor(parallelism=32), executor_state=success, try_number=1, max_tries=1, job_id=96, pool=default_pool, queue=default, priority_weight=4, operator=BashOperator, queued_dttm=2025-04-13 23:39:36.039302+00:00, queued_by_job_id=1, pid=22944
[2025-04-13T19:45:22.725-0400] {dagbag.py:588} INFO - Filling up the DagBag from /home/aguan/ontario-sunshine-salary-dashboard/airflow/dags/ingest_data_dag.py
[2025-04-13T19:45:22.765-0400] {task_command.py:467} INFO - Running <TaskInstance: data_ingestion_dag.validate_merge_task scheduled__2011-01-01T00:00:00+00:00 [queued]> on host aguan-pc2.
[2025-04-13T19:45:30.063-0400] {scheduler_job_runner.py:435} INFO - 1 tasks up for execution:
	<TaskInstance: data_ingestion_dag.validate_merge_task scheduled__2010-01-01T00:00:00+00:00 [scheduled]>
[2025-04-13T19:45:30.063-0400] {scheduler_job_runner.py:507} INFO - DAG data_ingestion_dag has 4/16 running and queued tasks
[2025-04-13T19:45:30.064-0400] {scheduler_job_runner.py:646} INFO - Setting the following tasks to queued state:
	<TaskInstance: data_ingestion_dag.validate_merge_task scheduled__2010-01-01T00:00:00+00:00 [scheduled]>
[2025-04-13T19:45:30.065-0400] {scheduler_job_runner.py:748} INFO - Trying to enqueue tasks: [<TaskInstance: data_ingestion_dag.validate_merge_task scheduled__2010-01-01T00:00:00+00:00 [scheduled]>] for executor: LocalExecutor(parallelism=32)
[2025-04-13T19:45:30.065-0400] {scheduler_job_runner.py:692} INFO - Sending TaskInstanceKey(dag_id='data_ingestion_dag', task_id='validate_merge_task', run_id='scheduled__2010-01-01T00:00:00+00:00', try_number=1, map_index=-1) to LocalExecutor with priority 3 and queue default
[2025-04-13T19:45:30.065-0400] {base_executor.py:169} INFO - Adding to queue: ['airflow', 'tasks', 'run', 'data_ingestion_dag', 'validate_merge_task', 'scheduled__2010-01-01T00:00:00+00:00', '--local', '--subdir', 'DAGS_FOLDER/ingest_data_dag.py']
[2025-04-13T19:45:30.068-0400] {scheduler_job_runner.py:776} INFO - Received executor event with state success for task instance TaskInstanceKey(dag_id='data_ingestion_dag', task_id='merge_raw_files_task', run_id='scheduled__2010-01-01T00:00:00+00:00', try_number=1, map_index=-1)
[2025-04-13T19:45:30.068-0400] {local_executor.py:93} INFO - QueuedLocalWorker running ['airflow', 'tasks', 'run', 'data_ingestion_dag', 'validate_merge_task', 'scheduled__2010-01-01T00:00:00+00:00', '--local', '--subdir', 'DAGS_FOLDER/ingest_data_dag.py']
[2025-04-13T19:45:30.070-0400] {scheduler_job_runner.py:813} INFO - TaskInstance Finished: dag_id=data_ingestion_dag, task_id=merge_raw_files_task, run_id=scheduled__2010-01-01T00:00:00+00:00, map_index=-1, run_start_date=2025-04-13 23:39:46.391750+00:00, run_end_date=2025-04-13 23:45:29.278526+00:00, run_duration=342.886776, state=success, executor=LocalExecutor(parallelism=32), executor_state=success, try_number=1, max_tries=1, job_id=97, pool=default_pool, queue=default, priority_weight=4, operator=BashOperator, queued_dttm=2025-04-13 23:39:46.141829+00:00, queued_by_job_id=1, pid=23012
[2025-04-13T19:45:30.089-0400] {dagbag.py:588} INFO - Filling up the DagBag from /home/aguan/ontario-sunshine-salary-dashboard/airflow/dags/ingest_data_dag.py
[2025-04-13T19:45:30.126-0400] {task_command.py:467} INFO - Running <TaskInstance: data_ingestion_dag.validate_merge_task scheduled__2010-01-01T00:00:00+00:00 [queued]> on host aguan-pc2.
[2025-04-13T19:46:41.747-0400] {scheduler_job_runner.py:435} INFO - 1 tasks up for execution:
	<TaskInstance: data_ingestion_dag.clean_data_task scheduled__2008-01-01T00:00:00+00:00 [scheduled]>
[2025-04-13T19:46:41.747-0400] {scheduler_job_runner.py:507} INFO - DAG data_ingestion_dag has 4/16 running and queued tasks
[2025-04-13T19:46:41.748-0400] {scheduler_job_runner.py:646} INFO - Setting the following tasks to queued state:
	<TaskInstance: data_ingestion_dag.clean_data_task scheduled__2008-01-01T00:00:00+00:00 [scheduled]>
[2025-04-13T19:46:41.749-0400] {scheduler_job_runner.py:748} INFO - Trying to enqueue tasks: [<TaskInstance: data_ingestion_dag.clean_data_task scheduled__2008-01-01T00:00:00+00:00 [scheduled]>] for executor: LocalExecutor(parallelism=32)
[2025-04-13T19:46:41.749-0400] {scheduler_job_runner.py:692} INFO - Sending TaskInstanceKey(dag_id='data_ingestion_dag', task_id='clean_data_task', run_id='scheduled__2008-01-01T00:00:00+00:00', try_number=1, map_index=-1) to LocalExecutor with priority 2 and queue default
[2025-04-13T19:46:41.749-0400] {base_executor.py:169} INFO - Adding to queue: ['airflow', 'tasks', 'run', 'data_ingestion_dag', 'clean_data_task', 'scheduled__2008-01-01T00:00:00+00:00', '--local', '--subdir', 'DAGS_FOLDER/ingest_data_dag.py']
[2025-04-13T19:46:41.752-0400] {local_executor.py:93} INFO - QueuedLocalWorker running ['airflow', 'tasks', 'run', 'data_ingestion_dag', 'clean_data_task', 'scheduled__2008-01-01T00:00:00+00:00', '--local', '--subdir', 'DAGS_FOLDER/ingest_data_dag.py']
[2025-04-13T19:46:41.752-0400] {scheduler_job_runner.py:776} INFO - Received executor event with state success for task instance TaskInstanceKey(dag_id='data_ingestion_dag', task_id='validate_merge_task', run_id='scheduled__2008-01-01T00:00:00+00:00', try_number=1, map_index=-1)
[2025-04-13T19:46:41.756-0400] {scheduler_job_runner.py:813} INFO - TaskInstance Finished: dag_id=data_ingestion_dag, task_id=validate_merge_task, run_id=scheduled__2008-01-01T00:00:00+00:00, map_index=-1, run_start_date=2025-04-13 23:44:15.411398+00:00, run_end_date=2025-04-13 23:46:41.187217+00:00, run_duration=145.775819, state=success, executor=LocalExecutor(parallelism=32), executor_state=success, try_number=1, max_tries=1, job_id=100, pool=default_pool, queue=default, priority_weight=3, operator=BashOperator, queued_dttm=2025-04-13 23:44:15.149520+00:00, queued_by_job_id=1, pid=23939
[2025-04-13T19:46:41.790-0400] {dagbag.py:588} INFO - Filling up the DagBag from /home/aguan/ontario-sunshine-salary-dashboard/airflow/dags/ingest_data_dag.py
[2025-04-13T19:46:41.879-0400] {task_command.py:467} INFO - Running <TaskInstance: data_ingestion_dag.clean_data_task scheduled__2008-01-01T00:00:00+00:00 [queued]> on host aguan-pc2.
[2025-04-13T19:46:45.908-0400] {scheduler_job_runner.py:435} INFO - 1 tasks up for execution:
	<TaskInstance: data_ingestion_dag.merge_raw_files_task scheduled__2012-01-01T00:00:00+00:00 [scheduled]>
[2025-04-13T19:46:45.908-0400] {scheduler_job_runner.py:507} INFO - DAG data_ingestion_dag has 4/16 running and queued tasks
[2025-04-13T19:46:45.908-0400] {scheduler_job_runner.py:646} INFO - Setting the following tasks to queued state:
	<TaskInstance: data_ingestion_dag.merge_raw_files_task scheduled__2012-01-01T00:00:00+00:00 [scheduled]>
[2025-04-13T19:46:45.909-0400] {scheduler_job_runner.py:748} INFO - Trying to enqueue tasks: [<TaskInstance: data_ingestion_dag.merge_raw_files_task scheduled__2012-01-01T00:00:00+00:00 [scheduled]>] for executor: LocalExecutor(parallelism=32)
[2025-04-13T19:46:45.910-0400] {scheduler_job_runner.py:692} INFO - Sending TaskInstanceKey(dag_id='data_ingestion_dag', task_id='merge_raw_files_task', run_id='scheduled__2012-01-01T00:00:00+00:00', try_number=1, map_index=-1) to LocalExecutor with priority 4 and queue default
[2025-04-13T19:46:45.910-0400] {base_executor.py:169} INFO - Adding to queue: ['airflow', 'tasks', 'run', 'data_ingestion_dag', 'merge_raw_files_task', 'scheduled__2012-01-01T00:00:00+00:00', '--local', '--subdir', 'DAGS_FOLDER/ingest_data_dag.py']
[2025-04-13T19:46:45.913-0400] {scheduler_job_runner.py:776} INFO - Received executor event with state success for task instance TaskInstanceKey(dag_id='data_ingestion_dag', task_id='upload_raw_to_gcs_task', run_id='scheduled__2012-01-01T00:00:00+00:00', try_number=1, map_index=-1)
[2025-04-13T19:46:45.912-0400] {local_executor.py:93} INFO - QueuedLocalWorker running ['airflow', 'tasks', 'run', 'data_ingestion_dag', 'merge_raw_files_task', 'scheduled__2012-01-01T00:00:00+00:00', '--local', '--subdir', 'DAGS_FOLDER/ingest_data_dag.py']
[2025-04-13T19:46:45.915-0400] {scheduler_job_runner.py:813} INFO - TaskInstance Finished: dag_id=data_ingestion_dag, task_id=upload_raw_to_gcs_task, run_id=scheduled__2012-01-01T00:00:00+00:00, map_index=-1, run_start_date=2025-04-13 23:45:22.867158+00:00, run_end_date=2025-04-13 23:46:45.403479+00:00, run_duration=82.536321, state=success, executor=LocalExecutor(parallelism=32), executor_state=success, try_number=1, max_tries=1, job_id=103, pool=default_pool, queue=default, priority_weight=5, operator=BashOperator, queued_dttm=2025-04-13 23:45:22.622144+00:00, queued_by_job_id=1, pid=24189
[2025-04-13T19:46:45.933-0400] {dagbag.py:588} INFO - Filling up the DagBag from /home/aguan/ontario-sunshine-salary-dashboard/airflow/dags/ingest_data_dag.py
[2025-04-13T19:46:45.969-0400] {task_command.py:467} INFO - Running <TaskInstance: data_ingestion_dag.merge_raw_files_task scheduled__2012-01-01T00:00:00+00:00 [queued]> on host aguan-pc2.
[2025-04-13T19:47:02.885-0400] {scheduler_job_runner.py:435} INFO - 1 tasks up for execution:
	<TaskInstance: data_ingestion_dag.clean_data_task scheduled__2009-01-01T00:00:00+00:00 [scheduled]>
[2025-04-13T19:47:02.886-0400] {scheduler_job_runner.py:507} INFO - DAG data_ingestion_dag has 4/16 running and queued tasks
[2025-04-13T19:47:02.886-0400] {scheduler_job_runner.py:646} INFO - Setting the following tasks to queued state:
	<TaskInstance: data_ingestion_dag.clean_data_task scheduled__2009-01-01T00:00:00+00:00 [scheduled]>
[2025-04-13T19:47:02.887-0400] {scheduler_job_runner.py:748} INFO - Trying to enqueue tasks: [<TaskInstance: data_ingestion_dag.clean_data_task scheduled__2009-01-01T00:00:00+00:00 [scheduled]>] for executor: LocalExecutor(parallelism=32)
[2025-04-13T19:47:02.887-0400] {scheduler_job_runner.py:692} INFO - Sending TaskInstanceKey(dag_id='data_ingestion_dag', task_id='clean_data_task', run_id='scheduled__2009-01-01T00:00:00+00:00', try_number=1, map_index=-1) to LocalExecutor with priority 2 and queue default
[2025-04-13T19:47:02.887-0400] {base_executor.py:169} INFO - Adding to queue: ['airflow', 'tasks', 'run', 'data_ingestion_dag', 'clean_data_task', 'scheduled__2009-01-01T00:00:00+00:00', '--local', '--subdir', 'DAGS_FOLDER/ingest_data_dag.py']
[2025-04-13T19:47:02.890-0400] {scheduler_job_runner.py:776} INFO - Received executor event with state success for task instance TaskInstanceKey(dag_id='data_ingestion_dag', task_id='validate_merge_task', run_id='scheduled__2009-01-01T00:00:00+00:00', try_number=1, map_index=-1)
[2025-04-13T19:47:02.890-0400] {local_executor.py:93} INFO - QueuedLocalWorker running ['airflow', 'tasks', 'run', 'data_ingestion_dag', 'clean_data_task', 'scheduled__2009-01-01T00:00:00+00:00', '--local', '--subdir', 'DAGS_FOLDER/ingest_data_dag.py']
[2025-04-13T19:47:02.893-0400] {scheduler_job_runner.py:813} INFO - TaskInstance Finished: dag_id=data_ingestion_dag, task_id=validate_merge_task, run_id=scheduled__2009-01-01T00:00:00+00:00, map_index=-1, run_start_date=2025-04-13 23:44:33.862332+00:00, run_end_date=2025-04-13 23:47:02.617180+00:00, run_duration=148.754848, state=success, executor=LocalExecutor(parallelism=32), executor_state=success, try_number=1, max_tries=1, job_id=101, pool=default_pool, queue=default, priority_weight=3, operator=BashOperator, queued_dttm=2025-04-13 23:44:33.602605+00:00, queued_by_job_id=1, pid=24019
[2025-04-13T19:47:02.914-0400] {dagbag.py:588} INFO - Filling up the DagBag from /home/aguan/ontario-sunshine-salary-dashboard/airflow/dags/ingest_data_dag.py
[2025-04-13T19:47:02.956-0400] {task_command.py:467} INFO - Running <TaskInstance: data_ingestion_dag.clean_data_task scheduled__2009-01-01T00:00:00+00:00 [queued]> on host aguan-pc2.
[2025-04-13T19:47:49.139-0400] {scheduler_job_runner.py:435} INFO - 1 tasks up for execution:
	<TaskInstance: data_ingestion_dag.clean_data_task scheduled__2011-01-01T00:00:00+00:00 [scheduled]>
[2025-04-13T19:47:49.140-0400] {scheduler_job_runner.py:507} INFO - DAG data_ingestion_dag has 4/16 running and queued tasks
[2025-04-13T19:47:49.140-0400] {scheduler_job_runner.py:646} INFO - Setting the following tasks to queued state:
	<TaskInstance: data_ingestion_dag.clean_data_task scheduled__2011-01-01T00:00:00+00:00 [scheduled]>
[2025-04-13T19:47:49.141-0400] {scheduler_job_runner.py:748} INFO - Trying to enqueue tasks: [<TaskInstance: data_ingestion_dag.clean_data_task scheduled__2011-01-01T00:00:00+00:00 [scheduled]>] for executor: LocalExecutor(parallelism=32)
[2025-04-13T19:47:49.142-0400] {scheduler_job_runner.py:692} INFO - Sending TaskInstanceKey(dag_id='data_ingestion_dag', task_id='clean_data_task', run_id='scheduled__2011-01-01T00:00:00+00:00', try_number=1, map_index=-1) to LocalExecutor with priority 2 and queue default
[2025-04-13T19:47:49.142-0400] {base_executor.py:169} INFO - Adding to queue: ['airflow', 'tasks', 'run', 'data_ingestion_dag', 'clean_data_task', 'scheduled__2011-01-01T00:00:00+00:00', '--local', '--subdir', 'DAGS_FOLDER/ingest_data_dag.py']
[2025-04-13T19:47:49.145-0400] {scheduler_job_runner.py:776} INFO - Received executor event with state success for task instance TaskInstanceKey(dag_id='data_ingestion_dag', task_id='validate_merge_task', run_id='scheduled__2011-01-01T00:00:00+00:00', try_number=1, map_index=-1)
[2025-04-13T19:47:49.145-0400] {local_executor.py:93} INFO - QueuedLocalWorker running ['airflow', 'tasks', 'run', 'data_ingestion_dag', 'clean_data_task', 'scheduled__2011-01-01T00:00:00+00:00', '--local', '--subdir', 'DAGS_FOLDER/ingest_data_dag.py']
[2025-04-13T19:47:49.148-0400] {scheduler_job_runner.py:813} INFO - TaskInstance Finished: dag_id=data_ingestion_dag, task_id=validate_merge_task, run_id=scheduled__2011-01-01T00:00:00+00:00, map_index=-1, run_start_date=2025-04-13 23:45:22.949130+00:00, run_end_date=2025-04-13 23:47:48.553451+00:00, run_duration=145.604321, state=success, executor=LocalExecutor(parallelism=32), executor_state=success, try_number=1, max_tries=1, job_id=104, pool=default_pool, queue=default, priority_weight=3, operator=BashOperator, queued_dttm=2025-04-13 23:45:22.700052+00:00, queued_by_job_id=1, pid=24191
[2025-04-13T19:47:49.166-0400] {dagbag.py:588} INFO - Filling up the DagBag from /home/aguan/ontario-sunshine-salary-dashboard/airflow/dags/ingest_data_dag.py
[2025-04-13T19:47:49.209-0400] {task_command.py:467} INFO - Running <TaskInstance: data_ingestion_dag.clean_data_task scheduled__2011-01-01T00:00:00+00:00 [queued]> on host aguan-pc2.
[2025-04-13T19:47:56.700-0400] {scheduler_job_runner.py:435} INFO - 1 tasks up for execution:
	<TaskInstance: data_ingestion_dag.clean_data_task scheduled__2010-01-01T00:00:00+00:00 [scheduled]>
[2025-04-13T19:47:56.701-0400] {scheduler_job_runner.py:507} INFO - DAG data_ingestion_dag has 4/16 running and queued tasks
[2025-04-13T19:47:56.701-0400] {scheduler_job_runner.py:646} INFO - Setting the following tasks to queued state:
	<TaskInstance: data_ingestion_dag.clean_data_task scheduled__2010-01-01T00:00:00+00:00 [scheduled]>
[2025-04-13T19:47:56.702-0400] {scheduler_job_runner.py:748} INFO - Trying to enqueue tasks: [<TaskInstance: data_ingestion_dag.clean_data_task scheduled__2010-01-01T00:00:00+00:00 [scheduled]>] for executor: LocalExecutor(parallelism=32)
[2025-04-13T19:47:56.702-0400] {scheduler_job_runner.py:692} INFO - Sending TaskInstanceKey(dag_id='data_ingestion_dag', task_id='clean_data_task', run_id='scheduled__2010-01-01T00:00:00+00:00', try_number=1, map_index=-1) to LocalExecutor with priority 2 and queue default
[2025-04-13T19:47:56.702-0400] {base_executor.py:169} INFO - Adding to queue: ['airflow', 'tasks', 'run', 'data_ingestion_dag', 'clean_data_task', 'scheduled__2010-01-01T00:00:00+00:00', '--local', '--subdir', 'DAGS_FOLDER/ingest_data_dag.py']
[2025-04-13T19:47:56.705-0400] {scheduler_job_runner.py:776} INFO - Received executor event with state success for task instance TaskInstanceKey(dag_id='data_ingestion_dag', task_id='validate_merge_task', run_id='scheduled__2010-01-01T00:00:00+00:00', try_number=1, map_index=-1)
[2025-04-13T19:47:56.705-0400] {local_executor.py:93} INFO - QueuedLocalWorker running ['airflow', 'tasks', 'run', 'data_ingestion_dag', 'clean_data_task', 'scheduled__2010-01-01T00:00:00+00:00', '--local', '--subdir', 'DAGS_FOLDER/ingest_data_dag.py']
[2025-04-13T19:47:56.708-0400] {scheduler_job_runner.py:813} INFO - TaskInstance Finished: dag_id=data_ingestion_dag, task_id=validate_merge_task, run_id=scheduled__2010-01-01T00:00:00+00:00, map_index=-1, run_start_date=2025-04-13 23:45:30.294830+00:00, run_end_date=2025-04-13 23:47:56.225638+00:00, run_duration=145.930808, state=success, executor=LocalExecutor(parallelism=32), executor_state=success, try_number=1, max_tries=1, job_id=105, pool=default_pool, queue=default, priority_weight=3, operator=BashOperator, queued_dttm=2025-04-13 23:45:30.064502+00:00, queued_by_job_id=1, pid=24236
[2025-04-13T19:47:56.725-0400] {dagbag.py:588} INFO - Filling up the DagBag from /home/aguan/ontario-sunshine-salary-dashboard/airflow/dags/ingest_data_dag.py
[2025-04-13T19:47:56.767-0400] {task_command.py:467} INFO - Running <TaskInstance: data_ingestion_dag.clean_data_task scheduled__2010-01-01T00:00:00+00:00 [queued]> on host aguan-pc2.
[2025-04-13T19:49:18.329-0400] {scheduler_job_runner.py:1949} INFO - Adopting or resetting orphaned tasks for active dag runs
[2025-04-13T19:50:57.986-0400] {scheduler_job_runner.py:435} INFO - 1 tasks up for execution:
	<TaskInstance: data_ingestion_dag.validate_clean_task scheduled__2008-01-01T00:00:00+00:00 [scheduled]>
[2025-04-13T19:50:57.986-0400] {scheduler_job_runner.py:507} INFO - DAG data_ingestion_dag has 4/16 running and queued tasks
[2025-04-13T19:50:57.986-0400] {scheduler_job_runner.py:646} INFO - Setting the following tasks to queued state:
	<TaskInstance: data_ingestion_dag.validate_clean_task scheduled__2008-01-01T00:00:00+00:00 [scheduled]>
[2025-04-13T19:50:57.987-0400] {scheduler_job_runner.py:748} INFO - Trying to enqueue tasks: [<TaskInstance: data_ingestion_dag.validate_clean_task scheduled__2008-01-01T00:00:00+00:00 [scheduled]>] for executor: LocalExecutor(parallelism=32)
[2025-04-13T19:50:57.988-0400] {scheduler_job_runner.py:692} INFO - Sending TaskInstanceKey(dag_id='data_ingestion_dag', task_id='validate_clean_task', run_id='scheduled__2008-01-01T00:00:00+00:00', try_number=1, map_index=-1) to LocalExecutor with priority 1 and queue default
[2025-04-13T19:50:57.988-0400] {base_executor.py:169} INFO - Adding to queue: ['airflow', 'tasks', 'run', 'data_ingestion_dag', 'validate_clean_task', 'scheduled__2008-01-01T00:00:00+00:00', '--local', '--subdir', 'DAGS_FOLDER/ingest_data_dag.py']
[2025-04-13T19:50:57.991-0400] {scheduler_job_runner.py:776} INFO - Received executor event with state success for task instance TaskInstanceKey(dag_id='data_ingestion_dag', task_id='clean_data_task', run_id='scheduled__2008-01-01T00:00:00+00:00', try_number=1, map_index=-1)
[2025-04-13T19:50:57.991-0400] {local_executor.py:93} INFO - QueuedLocalWorker running ['airflow', 'tasks', 'run', 'data_ingestion_dag', 'validate_clean_task', 'scheduled__2008-01-01T00:00:00+00:00', '--local', '--subdir', 'DAGS_FOLDER/ingest_data_dag.py']
[2025-04-13T19:50:57.994-0400] {scheduler_job_runner.py:813} INFO - TaskInstance Finished: dag_id=data_ingestion_dag, task_id=clean_data_task, run_id=scheduled__2008-01-01T00:00:00+00:00, map_index=-1, run_start_date=2025-04-13 23:46:42.122984+00:00, run_end_date=2025-04-13 23:50:57.420499+00:00, run_duration=255.297515, state=success, executor=LocalExecutor(parallelism=32), executor_state=success, try_number=1, max_tries=1, job_id=106, pool=default_pool, queue=default, priority_weight=2, operator=BashOperator, queued_dttm=2025-04-13 23:46:41.748565+00:00, queued_by_job_id=1, pid=24476
[2025-04-13T19:50:58.026-0400] {dagbag.py:588} INFO - Filling up the DagBag from /home/aguan/ontario-sunshine-salary-dashboard/airflow/dags/ingest_data_dag.py
[2025-04-13T19:50:58.083-0400] {task_command.py:467} INFO - Running <TaskInstance: data_ingestion_dag.validate_clean_task scheduled__2008-01-01T00:00:00+00:00 [queued]> on host aguan-pc2.
[2025-04-13T19:51:32.161-0400] {scheduler_job_runner.py:435} INFO - 1 tasks up for execution:
	<TaskInstance: data_ingestion_dag.validate_clean_task scheduled__2009-01-01T00:00:00+00:00 [scheduled]>
[2025-04-13T19:51:32.162-0400] {scheduler_job_runner.py:507} INFO - DAG data_ingestion_dag has 4/16 running and queued tasks
[2025-04-13T19:51:32.162-0400] {scheduler_job_runner.py:646} INFO - Setting the following tasks to queued state:
	<TaskInstance: data_ingestion_dag.validate_clean_task scheduled__2009-01-01T00:00:00+00:00 [scheduled]>
[2025-04-13T19:51:32.164-0400] {scheduler_job_runner.py:748} INFO - Trying to enqueue tasks: [<TaskInstance: data_ingestion_dag.validate_clean_task scheduled__2009-01-01T00:00:00+00:00 [scheduled]>] for executor: LocalExecutor(parallelism=32)
[2025-04-13T19:51:32.164-0400] {scheduler_job_runner.py:692} INFO - Sending TaskInstanceKey(dag_id='data_ingestion_dag', task_id='validate_clean_task', run_id='scheduled__2009-01-01T00:00:00+00:00', try_number=1, map_index=-1) to LocalExecutor with priority 1 and queue default
[2025-04-13T19:51:32.165-0400] {base_executor.py:169} INFO - Adding to queue: ['airflow', 'tasks', 'run', 'data_ingestion_dag', 'validate_clean_task', 'scheduled__2009-01-01T00:00:00+00:00', '--local', '--subdir', 'DAGS_FOLDER/ingest_data_dag.py']
[2025-04-13T19:51:32.167-0400] {scheduler_job_runner.py:776} INFO - Received executor event with state success for task instance TaskInstanceKey(dag_id='data_ingestion_dag', task_id='clean_data_task', run_id='scheduled__2009-01-01T00:00:00+00:00', try_number=1, map_index=-1)
[2025-04-13T19:51:32.167-0400] {local_executor.py:93} INFO - QueuedLocalWorker running ['airflow', 'tasks', 'run', 'data_ingestion_dag', 'validate_clean_task', 'scheduled__2009-01-01T00:00:00+00:00', '--local', '--subdir', 'DAGS_FOLDER/ingest_data_dag.py']
[2025-04-13T19:51:32.171-0400] {scheduler_job_runner.py:813} INFO - TaskInstance Finished: dag_id=data_ingestion_dag, task_id=clean_data_task, run_id=scheduled__2009-01-01T00:00:00+00:00, map_index=-1, run_start_date=2025-04-13 23:47:03.152989+00:00, run_end_date=2025-04-13 23:51:31.993420+00:00, run_duration=268.840431, state=success, executor=LocalExecutor(parallelism=32), executor_state=success, try_number=1, max_tries=1, job_id=108, pool=default_pool, queue=default, priority_weight=2, operator=BashOperator, queued_dttm=2025-04-13 23:47:02.886450+00:00, queued_by_job_id=1, pid=24612
[2025-04-13T19:51:32.194-0400] {dagbag.py:588} INFO - Filling up the DagBag from /home/aguan/ontario-sunshine-salary-dashboard/airflow/dags/ingest_data_dag.py
[2025-04-13T19:51:32.238-0400] {task_command.py:467} INFO - Running <TaskInstance: data_ingestion_dag.validate_clean_task scheduled__2009-01-01T00:00:00+00:00 [queued]> on host aguan-pc2.
[2025-04-13T19:52:10.959-0400] {dagrun.py:854} INFO - Marking run <DagRun data_ingestion_dag @ 2008-01-01 00:00:00+00:00: scheduled__2008-01-01T00:00:00+00:00, state:running, queued_at: 2025-04-13 23:36:00.271579+00:00. externally triggered: False> successful
[2025-04-13T19:52:10.960-0400] {dagrun.py:905} INFO - DagRun Finished: dag_id=data_ingestion_dag, execution_date=2008-01-01 00:00:00+00:00, run_id=scheduled__2008-01-01T00:00:00+00:00, run_start_date=2025-04-13 23:36:00.286310+00:00, run_end_date=2025-04-13 23:52:10.960320+00:00, run_duration=970.67401, state=success, external_trigger=False, run_type=scheduled, data_interval_start=2008-01-01 00:00:00+00:00, data_interval_end=2009-01-01 00:00:00+00:00, dag_hash=bcef3e37f1accf53097d562d78be0b2d
[2025-04-13T19:52:10.962-0400] {dag.py:4180} INFO - Setting next_dagrun for data_ingestion_dag to 2009-01-01 00:00:00+00:00, run_after=2010-01-01 00:00:00+00:00
[2025-04-13T19:52:11.001-0400] {scheduler_job_runner.py:776} INFO - Received executor event with state success for task instance TaskInstanceKey(dag_id='data_ingestion_dag', task_id='validate_clean_task', run_id='scheduled__2008-01-01T00:00:00+00:00', try_number=1, map_index=-1)
[2025-04-13T19:52:11.005-0400] {scheduler_job_runner.py:813} INFO - TaskInstance Finished: dag_id=data_ingestion_dag, task_id=validate_clean_task, run_id=scheduled__2008-01-01T00:00:00+00:00, map_index=-1, run_start_date=2025-04-13 23:50:58.359053+00:00, run_end_date=2025-04-13 23:52:10.372406+00:00, run_duration=72.013353, state=success, executor=LocalExecutor(parallelism=32), executor_state=success, try_number=1, max_tries=1, job_id=111, pool=default_pool, queue=default, priority_weight=1, operator=BashOperator, queued_dttm=2025-04-13 23:50:57.987019+00:00, queued_by_job_id=1, pid=25447
[2025-04-13T19:52:12.025-0400] {dag.py:4180} INFO - Setting next_dagrun for data_ingestion_dag to 2010-01-01 00:00:00+00:00, run_after=2011-01-01 00:00:00+00:00
[2025-04-13T19:52:12.359-0400] {dag.py:4180} INFO - Setting next_dagrun for data_ingestion_dag to 2011-01-01 00:00:00+00:00, run_after=2012-01-01 00:00:00+00:00
[2025-04-13T19:52:12.835-0400] {dag.py:4180} INFO - Setting next_dagrun for data_ingestion_dag to 2012-01-01 00:00:00+00:00, run_after=2013-01-01 00:00:00+00:00
[2025-04-13T19:52:12.874-0400] {scheduler_job_runner.py:435} INFO - 1 tasks up for execution:
	<TaskInstance: data_ingestion_dag.validate_clean_task scheduled__2011-01-01T00:00:00+00:00 [scheduled]>
[2025-04-13T19:52:12.874-0400] {scheduler_job_runner.py:507} INFO - DAG data_ingestion_dag has 3/16 running and queued tasks
[2025-04-13T19:52:12.874-0400] {scheduler_job_runner.py:646} INFO - Setting the following tasks to queued state:
	<TaskInstance: data_ingestion_dag.validate_clean_task scheduled__2011-01-01T00:00:00+00:00 [scheduled]>
[2025-04-13T19:52:12.875-0400] {scheduler_job_runner.py:748} INFO - Trying to enqueue tasks: [<TaskInstance: data_ingestion_dag.validate_clean_task scheduled__2011-01-01T00:00:00+00:00 [scheduled]>] for executor: LocalExecutor(parallelism=32)
[2025-04-13T19:52:12.876-0400] {scheduler_job_runner.py:692} INFO - Sending TaskInstanceKey(dag_id='data_ingestion_dag', task_id='validate_clean_task', run_id='scheduled__2011-01-01T00:00:00+00:00', try_number=1, map_index=-1) to LocalExecutor with priority 1 and queue default
[2025-04-13T19:52:12.876-0400] {base_executor.py:169} INFO - Adding to queue: ['airflow', 'tasks', 'run', 'data_ingestion_dag', 'validate_clean_task', 'scheduled__2011-01-01T00:00:00+00:00', '--local', '--subdir', 'DAGS_FOLDER/ingest_data_dag.py']
[2025-04-13T19:52:12.879-0400] {scheduler_job_runner.py:776} INFO - Received executor event with state success for task instance TaskInstanceKey(dag_id='data_ingestion_dag', task_id='clean_data_task', run_id='scheduled__2011-01-01T00:00:00+00:00', try_number=1, map_index=-1)
[2025-04-13T19:52:12.879-0400] {local_executor.py:93} INFO - QueuedLocalWorker running ['airflow', 'tasks', 'run', 'data_ingestion_dag', 'validate_clean_task', 'scheduled__2011-01-01T00:00:00+00:00', '--local', '--subdir', 'DAGS_FOLDER/ingest_data_dag.py']
[2025-04-13T19:52:12.882-0400] {scheduler_job_runner.py:813} INFO - TaskInstance Finished: dag_id=data_ingestion_dag, task_id=clean_data_task, run_id=scheduled__2011-01-01T00:00:00+00:00, map_index=-1, run_start_date=2025-04-13 23:47:49.395648+00:00, run_end_date=2025-04-13 23:52:12.688469+00:00, run_duration=263.292821, state=success, executor=LocalExecutor(parallelism=32), executor_state=success, try_number=1, max_tries=1, job_id=109, pool=default_pool, queue=default, priority_weight=2, operator=BashOperator, queued_dttm=2025-04-13 23:47:49.140728+00:00, queued_by_job_id=1, pid=24798
[2025-04-13T19:52:12.900-0400] {dagbag.py:588} INFO - Filling up the DagBag from /home/aguan/ontario-sunshine-salary-dashboard/airflow/dags/ingest_data_dag.py
[2025-04-13T19:52:12.909-0400] {dag.py:4180} INFO - Setting next_dagrun for data_ingestion_dag to 2013-01-01 00:00:00+00:00, run_after=2014-01-01 00:00:00+00:00
[2025-04-13T19:52:12.939-0400] {task_command.py:467} INFO - Running <TaskInstance: data_ingestion_dag.validate_clean_task scheduled__2011-01-01T00:00:00+00:00 [queued]> on host aguan-pc2.
[2025-04-13T19:52:13.968-0400] {scheduler_job_runner.py:1526} INFO - DAG data_ingestion_dag is at (or above) max_active_runs (5 of 5), not creating any more runs
[2025-04-13T19:52:14.018-0400] {scheduler_job_runner.py:435} INFO - 1 tasks up for execution:
	<TaskInstance: data_ingestion_dag.ingest_data_task scheduled__2013-01-01T00:00:00+00:00 [scheduled]>
[2025-04-13T19:52:14.019-0400] {scheduler_job_runner.py:507} INFO - DAG data_ingestion_dag has 4/16 running and queued tasks
[2025-04-13T19:52:14.019-0400] {scheduler_job_runner.py:646} INFO - Setting the following tasks to queued state:
	<TaskInstance: data_ingestion_dag.ingest_data_task scheduled__2013-01-01T00:00:00+00:00 [scheduled]>
[2025-04-13T19:52:14.021-0400] {scheduler_job_runner.py:748} INFO - Trying to enqueue tasks: [<TaskInstance: data_ingestion_dag.ingest_data_task scheduled__2013-01-01T00:00:00+00:00 [scheduled]>] for executor: LocalExecutor(parallelism=32)
[2025-04-13T19:52:14.021-0400] {scheduler_job_runner.py:692} INFO - Sending TaskInstanceKey(dag_id='data_ingestion_dag', task_id='ingest_data_task', run_id='scheduled__2013-01-01T00:00:00+00:00', try_number=1, map_index=-1) to LocalExecutor with priority 6 and queue default
[2025-04-13T19:52:14.021-0400] {base_executor.py:169} INFO - Adding to queue: ['airflow', 'tasks', 'run', 'data_ingestion_dag', 'ingest_data_task', 'scheduled__2013-01-01T00:00:00+00:00', '--local', '--subdir', 'DAGS_FOLDER/ingest_data_dag.py']
[2025-04-13T19:52:14.024-0400] {local_executor.py:93} INFO - QueuedLocalWorker running ['airflow', 'tasks', 'run', 'data_ingestion_dag', 'ingest_data_task', 'scheduled__2013-01-01T00:00:00+00:00', '--local', '--subdir', 'DAGS_FOLDER/ingest_data_dag.py']
[2025-04-13T19:52:14.046-0400] {dagbag.py:588} INFO - Filling up the DagBag from /home/aguan/ontario-sunshine-salary-dashboard/airflow/dags/ingest_data_dag.py
[2025-04-13T19:52:14.085-0400] {task_command.py:467} INFO - Running <TaskInstance: data_ingestion_dag.ingest_data_task scheduled__2013-01-01T00:00:00+00:00 [queued]> on host aguan-pc2.
[2025-04-13T19:52:16.187-0400] {scheduler_job_runner.py:435} INFO - 1 tasks up for execution:
	<TaskInstance: data_ingestion_dag.upload_raw_to_gcs_task scheduled__2013-01-01T00:00:00+00:00 [scheduled]>
[2025-04-13T19:52:16.187-0400] {scheduler_job_runner.py:507} INFO - DAG data_ingestion_dag has 4/16 running and queued tasks
[2025-04-13T19:52:16.187-0400] {scheduler_job_runner.py:646} INFO - Setting the following tasks to queued state:
	<TaskInstance: data_ingestion_dag.upload_raw_to_gcs_task scheduled__2013-01-01T00:00:00+00:00 [scheduled]>
[2025-04-13T19:52:16.189-0400] {scheduler_job_runner.py:748} INFO - Trying to enqueue tasks: [<TaskInstance: data_ingestion_dag.upload_raw_to_gcs_task scheduled__2013-01-01T00:00:00+00:00 [scheduled]>] for executor: LocalExecutor(parallelism=32)
[2025-04-13T19:52:16.189-0400] {scheduler_job_runner.py:692} INFO - Sending TaskInstanceKey(dag_id='data_ingestion_dag', task_id='upload_raw_to_gcs_task', run_id='scheduled__2013-01-01T00:00:00+00:00', try_number=1, map_index=-1) to LocalExecutor with priority 5 and queue default
[2025-04-13T19:52:16.189-0400] {base_executor.py:169} INFO - Adding to queue: ['airflow', 'tasks', 'run', 'data_ingestion_dag', 'upload_raw_to_gcs_task', 'scheduled__2013-01-01T00:00:00+00:00', '--local', '--subdir', 'DAGS_FOLDER/ingest_data_dag.py']
[2025-04-13T19:52:16.192-0400] {local_executor.py:93} INFO - QueuedLocalWorker running ['airflow', 'tasks', 'run', 'data_ingestion_dag', 'upload_raw_to_gcs_task', 'scheduled__2013-01-01T00:00:00+00:00', '--local', '--subdir', 'DAGS_FOLDER/ingest_data_dag.py']
[2025-04-13T19:52:16.193-0400] {scheduler_job_runner.py:776} INFO - Received executor event with state success for task instance TaskInstanceKey(dag_id='data_ingestion_dag', task_id='ingest_data_task', run_id='scheduled__2013-01-01T00:00:00+00:00', try_number=1, map_index=-1)
[2025-04-13T19:52:16.196-0400] {scheduler_job_runner.py:813} INFO - TaskInstance Finished: dag_id=data_ingestion_dag, task_id=ingest_data_task, run_id=scheduled__2013-01-01T00:00:00+00:00, map_index=-1, run_start_date=2025-04-13 23:52:14.247732+00:00, run_end_date=2025-04-13 23:52:15.539542+00:00, run_duration=1.29181, state=success, executor=LocalExecutor(parallelism=32), executor_state=success, try_number=1, max_tries=1, job_id=114, pool=default_pool, queue=default, priority_weight=6, operator=BashOperator, queued_dttm=2025-04-13 23:52:14.019984+00:00, queued_by_job_id=1, pid=25745
[2025-04-13T19:52:16.213-0400] {dagbag.py:588} INFO - Filling up the DagBag from /home/aguan/ontario-sunshine-salary-dashboard/airflow/dags/ingest_data_dag.py
[2025-04-13T19:52:16.254-0400] {task_command.py:467} INFO - Running <TaskInstance: data_ingestion_dag.upload_raw_to_gcs_task scheduled__2013-01-01T00:00:00+00:00 [queued]> on host aguan-pc2.
[2025-04-13T19:52:31.254-0400] {scheduler_job_runner.py:435} INFO - 1 tasks up for execution:
	<TaskInstance: data_ingestion_dag.validate_clean_task scheduled__2010-01-01T00:00:00+00:00 [scheduled]>
[2025-04-13T19:52:31.254-0400] {scheduler_job_runner.py:507} INFO - DAG data_ingestion_dag has 4/16 running and queued tasks
[2025-04-13T19:52:31.254-0400] {scheduler_job_runner.py:646} INFO - Setting the following tasks to queued state:
	<TaskInstance: data_ingestion_dag.validate_clean_task scheduled__2010-01-01T00:00:00+00:00 [scheduled]>
[2025-04-13T19:52:31.255-0400] {scheduler_job_runner.py:748} INFO - Trying to enqueue tasks: [<TaskInstance: data_ingestion_dag.validate_clean_task scheduled__2010-01-01T00:00:00+00:00 [scheduled]>] for executor: LocalExecutor(parallelism=32)
[2025-04-13T19:52:31.256-0400] {scheduler_job_runner.py:692} INFO - Sending TaskInstanceKey(dag_id='data_ingestion_dag', task_id='validate_clean_task', run_id='scheduled__2010-01-01T00:00:00+00:00', try_number=1, map_index=-1) to LocalExecutor with priority 1 and queue default
[2025-04-13T19:52:31.256-0400] {base_executor.py:169} INFO - Adding to queue: ['airflow', 'tasks', 'run', 'data_ingestion_dag', 'validate_clean_task', 'scheduled__2010-01-01T00:00:00+00:00', '--local', '--subdir', 'DAGS_FOLDER/ingest_data_dag.py']
[2025-04-13T19:52:31.259-0400] {scheduler_job_runner.py:776} INFO - Received executor event with state success for task instance TaskInstanceKey(dag_id='data_ingestion_dag', task_id='clean_data_task', run_id='scheduled__2010-01-01T00:00:00+00:00', try_number=1, map_index=-1)
[2025-04-13T19:52:31.259-0400] {local_executor.py:93} INFO - QueuedLocalWorker running ['airflow', 'tasks', 'run', 'data_ingestion_dag', 'validate_clean_task', 'scheduled__2010-01-01T00:00:00+00:00', '--local', '--subdir', 'DAGS_FOLDER/ingest_data_dag.py']
[2025-04-13T19:52:31.262-0400] {scheduler_job_runner.py:813} INFO - TaskInstance Finished: dag_id=data_ingestion_dag, task_id=clean_data_task, run_id=scheduled__2010-01-01T00:00:00+00:00, map_index=-1, run_start_date=2025-04-13 23:47:56.967513+00:00, run_end_date=2025-04-13 23:52:30.319772+00:00, run_duration=273.352259, state=success, executor=LocalExecutor(parallelism=32), executor_state=success, try_number=1, max_tries=1, job_id=110, pool=default_pool, queue=default, priority_weight=2, operator=BashOperator, queued_dttm=2025-04-13 23:47:56.701613+00:00, queued_by_job_id=1, pid=24854
[2025-04-13T19:52:31.281-0400] {dagbag.py:588} INFO - Filling up the DagBag from /home/aguan/ontario-sunshine-salary-dashboard/airflow/dags/ingest_data_dag.py
[2025-04-13T19:52:31.323-0400] {task_command.py:467} INFO - Running <TaskInstance: data_ingestion_dag.validate_clean_task scheduled__2010-01-01T00:00:00+00:00 [queued]> on host aguan-pc2.
[2025-04-13T19:52:33.918-0400] {scheduler_job_runner.py:435} INFO - 1 tasks up for execution:
	<TaskInstance: data_ingestion_dag.validate_merge_task scheduled__2012-01-01T00:00:00+00:00 [scheduled]>
[2025-04-13T19:52:33.919-0400] {scheduler_job_runner.py:507} INFO - DAG data_ingestion_dag has 4/16 running and queued tasks
[2025-04-13T19:52:33.919-0400] {scheduler_job_runner.py:646} INFO - Setting the following tasks to queued state:
	<TaskInstance: data_ingestion_dag.validate_merge_task scheduled__2012-01-01T00:00:00+00:00 [scheduled]>
[2025-04-13T19:52:33.920-0400] {scheduler_job_runner.py:748} INFO - Trying to enqueue tasks: [<TaskInstance: data_ingestion_dag.validate_merge_task scheduled__2012-01-01T00:00:00+00:00 [scheduled]>] for executor: LocalExecutor(parallelism=32)
[2025-04-13T19:52:33.920-0400] {scheduler_job_runner.py:692} INFO - Sending TaskInstanceKey(dag_id='data_ingestion_dag', task_id='validate_merge_task', run_id='scheduled__2012-01-01T00:00:00+00:00', try_number=1, map_index=-1) to LocalExecutor with priority 3 and queue default
[2025-04-13T19:52:33.920-0400] {base_executor.py:169} INFO - Adding to queue: ['airflow', 'tasks', 'run', 'data_ingestion_dag', 'validate_merge_task', 'scheduled__2012-01-01T00:00:00+00:00', '--local', '--subdir', 'DAGS_FOLDER/ingest_data_dag.py']
[2025-04-13T19:52:33.923-0400] {scheduler_job_runner.py:776} INFO - Received executor event with state success for task instance TaskInstanceKey(dag_id='data_ingestion_dag', task_id='merge_raw_files_task', run_id='scheduled__2012-01-01T00:00:00+00:00', try_number=1, map_index=-1)
[2025-04-13T19:52:33.923-0400] {local_executor.py:93} INFO - QueuedLocalWorker running ['airflow', 'tasks', 'run', 'data_ingestion_dag', 'validate_merge_task', 'scheduled__2012-01-01T00:00:00+00:00', '--local', '--subdir', 'DAGS_FOLDER/ingest_data_dag.py']
[2025-04-13T19:52:33.926-0400] {scheduler_job_runner.py:813} INFO - TaskInstance Finished: dag_id=data_ingestion_dag, task_id=merge_raw_files_task, run_id=scheduled__2012-01-01T00:00:00+00:00, map_index=-1, run_start_date=2025-04-13 23:46:46.145975+00:00, run_end_date=2025-04-13 23:52:33.849679+00:00, run_duration=347.703704, state=success, executor=LocalExecutor(parallelism=32), executor_state=success, try_number=1, max_tries=1, job_id=107, pool=default_pool, queue=default, priority_weight=4, operator=BashOperator, queued_dttm=2025-04-13 23:46:45.908979+00:00, queued_by_job_id=1, pid=24526
[2025-04-13T19:52:33.943-0400] {dagbag.py:588} INFO - Filling up the DagBag from /home/aguan/ontario-sunshine-salary-dashboard/airflow/dags/ingest_data_dag.py
[2025-04-13T19:52:33.982-0400] {task_command.py:467} INFO - Running <TaskInstance: data_ingestion_dag.validate_merge_task scheduled__2012-01-01T00:00:00+00:00 [queued]> on host aguan-pc2.
[2025-04-13T19:52:50.006-0400] {dagrun.py:854} INFO - Marking run <DagRun data_ingestion_dag @ 2009-01-01 00:00:00+00:00: scheduled__2009-01-01T00:00:00+00:00, state:running, queued_at: 2025-04-13 23:36:15.749950+00:00. externally triggered: False> successful
[2025-04-13T19:52:50.006-0400] {dagrun.py:905} INFO - DagRun Finished: dag_id=data_ingestion_dag, execution_date=2009-01-01 00:00:00+00:00, run_id=scheduled__2009-01-01T00:00:00+00:00, run_start_date=2025-04-13 23:36:15.762053+00:00, run_end_date=2025-04-13 23:52:50.006493+00:00, run_duration=994.24444, state=success, external_trigger=False, run_type=scheduled, data_interval_start=2009-01-01 00:00:00+00:00, data_interval_end=2010-01-01 00:00:00+00:00, dag_hash=bcef3e37f1accf53097d562d78be0b2d
[2025-04-13T19:52:50.009-0400] {dag.py:4180} INFO - Setting next_dagrun for data_ingestion_dag to 2010-01-01 00:00:00+00:00, run_after=2011-01-01 00:00:00+00:00
[2025-04-13T19:52:50.040-0400] {scheduler_job_runner.py:776} INFO - Received executor event with state success for task instance TaskInstanceKey(dag_id='data_ingestion_dag', task_id='validate_clean_task', run_id='scheduled__2009-01-01T00:00:00+00:00', try_number=1, map_index=-1)
[2025-04-13T19:52:50.044-0400] {scheduler_job_runner.py:813} INFO - TaskInstance Finished: dag_id=data_ingestion_dag, task_id=validate_clean_task, run_id=scheduled__2009-01-01T00:00:00+00:00, map_index=-1, run_start_date=2025-04-13 23:51:32.425972+00:00, run_end_date=2025-04-13 23:52:49.203745+00:00, run_duration=76.777773, state=success, executor=LocalExecutor(parallelism=32), executor_state=success, try_number=1, max_tries=1, job_id=112, pool=default_pool, queue=default, priority_weight=1, operator=BashOperator, queued_dttm=2025-04-13 23:51:32.163463+00:00, queued_by_job_id=1, pid=25575
[2025-04-13T19:52:51.062-0400] {dag.py:4180} INFO - Setting next_dagrun for data_ingestion_dag to 2011-01-01 00:00:00+00:00, run_after=2012-01-01 00:00:00+00:00
[2025-04-13T19:52:52.115-0400] {dag.py:4180} INFO - Setting next_dagrun for data_ingestion_dag to 2012-01-01 00:00:00+00:00, run_after=2013-01-01 00:00:00+00:00
[2025-04-13T19:52:52.570-0400] {dag.py:4180} INFO - Setting next_dagrun for data_ingestion_dag to 2013-01-01 00:00:00+00:00, run_after=2014-01-01 00:00:00+00:00
[2025-04-13T19:52:53.340-0400] {dag.py:4180} INFO - Setting next_dagrun for data_ingestion_dag to 2014-01-01 00:00:00+00:00, run_after=2015-01-01 00:00:00+00:00
[2025-04-13T19:52:54.404-0400] {scheduler_job_runner.py:1526} INFO - DAG data_ingestion_dag is at (or above) max_active_runs (5 of 5), not creating any more runs
[2025-04-13T19:52:54.454-0400] {scheduler_job_runner.py:435} INFO - 1 tasks up for execution:
	<TaskInstance: data_ingestion_dag.ingest_data_task scheduled__2014-01-01T00:00:00+00:00 [scheduled]>
[2025-04-13T19:52:54.454-0400] {scheduler_job_runner.py:507} INFO - DAG data_ingestion_dag has 4/16 running and queued tasks
[2025-04-13T19:52:54.454-0400] {scheduler_job_runner.py:646} INFO - Setting the following tasks to queued state:
	<TaskInstance: data_ingestion_dag.ingest_data_task scheduled__2014-01-01T00:00:00+00:00 [scheduled]>
[2025-04-13T19:52:54.456-0400] {scheduler_job_runner.py:748} INFO - Trying to enqueue tasks: [<TaskInstance: data_ingestion_dag.ingest_data_task scheduled__2014-01-01T00:00:00+00:00 [scheduled]>] for executor: LocalExecutor(parallelism=32)
[2025-04-13T19:52:54.456-0400] {scheduler_job_runner.py:692} INFO - Sending TaskInstanceKey(dag_id='data_ingestion_dag', task_id='ingest_data_task', run_id='scheduled__2014-01-01T00:00:00+00:00', try_number=1, map_index=-1) to LocalExecutor with priority 6 and queue default
[2025-04-13T19:52:54.456-0400] {base_executor.py:169} INFO - Adding to queue: ['airflow', 'tasks', 'run', 'data_ingestion_dag', 'ingest_data_task', 'scheduled__2014-01-01T00:00:00+00:00', '--local', '--subdir', 'DAGS_FOLDER/ingest_data_dag.py']
[2025-04-13T19:52:54.459-0400] {local_executor.py:93} INFO - QueuedLocalWorker running ['airflow', 'tasks', 'run', 'data_ingestion_dag', 'ingest_data_task', 'scheduled__2014-01-01T00:00:00+00:00', '--local', '--subdir', 'DAGS_FOLDER/ingest_data_dag.py']
[2025-04-13T19:52:54.483-0400] {dagbag.py:588} INFO - Filling up the DagBag from /home/aguan/ontario-sunshine-salary-dashboard/airflow/dags/ingest_data_dag.py
[2025-04-13T19:52:54.522-0400] {task_command.py:467} INFO - Running <TaskInstance: data_ingestion_dag.ingest_data_task scheduled__2014-01-01T00:00:00+00:00 [queued]> on host aguan-pc2.
[2025-04-13T19:52:56.648-0400] {scheduler_job_runner.py:435} INFO - 1 tasks up for execution:
	<TaskInstance: data_ingestion_dag.upload_raw_to_gcs_task scheduled__2014-01-01T00:00:00+00:00 [scheduled]>
[2025-04-13T19:52:56.648-0400] {scheduler_job_runner.py:507} INFO - DAG data_ingestion_dag has 4/16 running and queued tasks
[2025-04-13T19:52:56.649-0400] {scheduler_job_runner.py:646} INFO - Setting the following tasks to queued state:
	<TaskInstance: data_ingestion_dag.upload_raw_to_gcs_task scheduled__2014-01-01T00:00:00+00:00 [scheduled]>
[2025-04-13T19:52:56.650-0400] {scheduler_job_runner.py:748} INFO - Trying to enqueue tasks: [<TaskInstance: data_ingestion_dag.upload_raw_to_gcs_task scheduled__2014-01-01T00:00:00+00:00 [scheduled]>] for executor: LocalExecutor(parallelism=32)
[2025-04-13T19:52:56.650-0400] {scheduler_job_runner.py:692} INFO - Sending TaskInstanceKey(dag_id='data_ingestion_dag', task_id='upload_raw_to_gcs_task', run_id='scheduled__2014-01-01T00:00:00+00:00', try_number=1, map_index=-1) to LocalExecutor with priority 5 and queue default
[2025-04-13T19:52:56.650-0400] {base_executor.py:169} INFO - Adding to queue: ['airflow', 'tasks', 'run', 'data_ingestion_dag', 'upload_raw_to_gcs_task', 'scheduled__2014-01-01T00:00:00+00:00', '--local', '--subdir', 'DAGS_FOLDER/ingest_data_dag.py']
[2025-04-13T19:52:56.654-0400] {scheduler_job_runner.py:776} INFO - Received executor event with state success for task instance TaskInstanceKey(dag_id='data_ingestion_dag', task_id='ingest_data_task', run_id='scheduled__2014-01-01T00:00:00+00:00', try_number=1, map_index=-1)
[2025-04-13T19:52:56.653-0400] {local_executor.py:93} INFO - QueuedLocalWorker running ['airflow', 'tasks', 'run', 'data_ingestion_dag', 'upload_raw_to_gcs_task', 'scheduled__2014-01-01T00:00:00+00:00', '--local', '--subdir', 'DAGS_FOLDER/ingest_data_dag.py']
[2025-04-13T19:52:56.657-0400] {scheduler_job_runner.py:813} INFO - TaskInstance Finished: dag_id=data_ingestion_dag, task_id=ingest_data_task, run_id=scheduled__2014-01-01T00:00:00+00:00, map_index=-1, run_start_date=2025-04-13 23:52:54.692189+00:00, run_end_date=2025-04-13 23:52:55.708266+00:00, run_duration=1.016077, state=success, executor=LocalExecutor(parallelism=32), executor_state=success, try_number=1, max_tries=1, job_id=118, pool=default_pool, queue=default, priority_weight=6, operator=BashOperator, queued_dttm=2025-04-13 23:52:54.455261+00:00, queued_by_job_id=1, pid=25917
[2025-04-13T19:52:56.677-0400] {dagbag.py:588} INFO - Filling up the DagBag from /home/aguan/ontario-sunshine-salary-dashboard/airflow/dags/ingest_data_dag.py
[2025-04-13T19:52:56.718-0400] {task_command.py:467} INFO - Running <TaskInstance: data_ingestion_dag.upload_raw_to_gcs_task scheduled__2014-01-01T00:00:00+00:00 [queued]> on host aguan-pc2.
[2025-04-13T19:53:33.851-0400] {dagrun.py:854} INFO - Marking run <DagRun data_ingestion_dag @ 2011-01-01 00:00:00+00:00: scheduled__2011-01-01T00:00:00+00:00, state:running, queued_at: 2025-04-13 23:36:58.490259+00:00. externally triggered: False> successful
[2025-04-13T19:53:33.852-0400] {dagrun.py:905} INFO - DagRun Finished: dag_id=data_ingestion_dag, execution_date=2011-01-01 00:00:00+00:00, run_id=scheduled__2011-01-01T00:00:00+00:00, run_start_date=2025-04-13 23:36:58.500480+00:00, run_end_date=2025-04-13 23:53:33.852063+00:00, run_duration=995.351583, state=success, external_trigger=False, run_type=scheduled, data_interval_start=2011-01-01 00:00:00+00:00, data_interval_end=2012-01-01 00:00:00+00:00, dag_hash=bcef3e37f1accf53097d562d78be0b2d
[2025-04-13T19:53:33.855-0400] {dag.py:4180} INFO - Setting next_dagrun for data_ingestion_dag to 2012-01-01 00:00:00+00:00, run_after=2013-01-01 00:00:00+00:00
[2025-04-13T19:53:33.889-0400] {scheduler_job_runner.py:776} INFO - Received executor event with state success for task instance TaskInstanceKey(dag_id='data_ingestion_dag', task_id='validate_clean_task', run_id='scheduled__2011-01-01T00:00:00+00:00', try_number=1, map_index=-1)
[2025-04-13T19:53:33.892-0400] {scheduler_job_runner.py:813} INFO - TaskInstance Finished: dag_id=data_ingestion_dag, task_id=validate_clean_task, run_id=scheduled__2011-01-01T00:00:00+00:00, map_index=-1, run_start_date=2025-04-13 23:52:13.134680+00:00, run_end_date=2025-04-13 23:53:33.037404+00:00, run_duration=79.902724, state=success, executor=LocalExecutor(parallelism=32), executor_state=success, try_number=1, max_tries=1, job_id=113, pool=default_pool, queue=default, priority_weight=1, operator=BashOperator, queued_dttm=2025-04-13 23:52:12.874956+00:00, queued_by_job_id=1, pid=25719
[2025-04-13T19:53:34.112-0400] {dag.py:4180} INFO - Setting next_dagrun for data_ingestion_dag to 2013-01-01 00:00:00+00:00, run_after=2014-01-01 00:00:00+00:00
[2025-04-13T19:53:35.171-0400] {dag.py:4180} INFO - Setting next_dagrun for data_ingestion_dag to 2014-01-01 00:00:00+00:00, run_after=2015-01-01 00:00:00+00:00
[2025-04-13T19:53:36.238-0400] {scheduler_job_runner.py:1526} INFO - DAG data_ingestion_dag is at (or above) max_active_runs (5 of 5), not creating any more runs
[2025-04-13T19:53:36.290-0400] {scheduler_job_runner.py:435} INFO - 1 tasks up for execution:
	<TaskInstance: data_ingestion_dag.ingest_data_task scheduled__2015-01-01T00:00:00+00:00 [scheduled]>
[2025-04-13T19:53:36.290-0400] {scheduler_job_runner.py:507} INFO - DAG data_ingestion_dag has 4/16 running and queued tasks
[2025-04-13T19:53:36.291-0400] {scheduler_job_runner.py:646} INFO - Setting the following tasks to queued state:
	<TaskInstance: data_ingestion_dag.ingest_data_task scheduled__2015-01-01T00:00:00+00:00 [scheduled]>
[2025-04-13T19:53:36.292-0400] {scheduler_job_runner.py:748} INFO - Trying to enqueue tasks: [<TaskInstance: data_ingestion_dag.ingest_data_task scheduled__2015-01-01T00:00:00+00:00 [scheduled]>] for executor: LocalExecutor(parallelism=32)
[2025-04-13T19:53:36.292-0400] {scheduler_job_runner.py:692} INFO - Sending TaskInstanceKey(dag_id='data_ingestion_dag', task_id='ingest_data_task', run_id='scheduled__2015-01-01T00:00:00+00:00', try_number=1, map_index=-1) to LocalExecutor with priority 6 and queue default
[2025-04-13T19:53:36.292-0400] {base_executor.py:169} INFO - Adding to queue: ['airflow', 'tasks', 'run', 'data_ingestion_dag', 'ingest_data_task', 'scheduled__2015-01-01T00:00:00+00:00', '--local', '--subdir', 'DAGS_FOLDER/ingest_data_dag.py']
[2025-04-13T19:53:36.295-0400] {local_executor.py:93} INFO - QueuedLocalWorker running ['airflow', 'tasks', 'run', 'data_ingestion_dag', 'ingest_data_task', 'scheduled__2015-01-01T00:00:00+00:00', '--local', '--subdir', 'DAGS_FOLDER/ingest_data_dag.py']
[2025-04-13T19:53:36.317-0400] {dagbag.py:588} INFO - Filling up the DagBag from /home/aguan/ontario-sunshine-salary-dashboard/airflow/dags/ingest_data_dag.py
[2025-04-13T19:53:36.360-0400] {task_command.py:467} INFO - Running <TaskInstance: data_ingestion_dag.ingest_data_task scheduled__2015-01-01T00:00:00+00:00 [queued]> on host aguan-pc2.
[2025-04-13T19:53:38.478-0400] {scheduler_job_runner.py:435} INFO - 1 tasks up for execution:
	<TaskInstance: data_ingestion_dag.upload_raw_to_gcs_task scheduled__2015-01-01T00:00:00+00:00 [scheduled]>
[2025-04-13T19:53:38.479-0400] {scheduler_job_runner.py:507} INFO - DAG data_ingestion_dag has 4/16 running and queued tasks
[2025-04-13T19:53:38.479-0400] {scheduler_job_runner.py:646} INFO - Setting the following tasks to queued state:
	<TaskInstance: data_ingestion_dag.upload_raw_to_gcs_task scheduled__2015-01-01T00:00:00+00:00 [scheduled]>
[2025-04-13T19:53:38.480-0400] {scheduler_job_runner.py:748} INFO - Trying to enqueue tasks: [<TaskInstance: data_ingestion_dag.upload_raw_to_gcs_task scheduled__2015-01-01T00:00:00+00:00 [scheduled]>] for executor: LocalExecutor(parallelism=32)
[2025-04-13T19:53:38.481-0400] {scheduler_job_runner.py:692} INFO - Sending TaskInstanceKey(dag_id='data_ingestion_dag', task_id='upload_raw_to_gcs_task', run_id='scheduled__2015-01-01T00:00:00+00:00', try_number=1, map_index=-1) to LocalExecutor with priority 5 and queue default
[2025-04-13T19:53:38.481-0400] {base_executor.py:169} INFO - Adding to queue: ['airflow', 'tasks', 'run', 'data_ingestion_dag', 'upload_raw_to_gcs_task', 'scheduled__2015-01-01T00:00:00+00:00', '--local', '--subdir', 'DAGS_FOLDER/ingest_data_dag.py']
[2025-04-13T19:53:38.484-0400] {local_executor.py:93} INFO - QueuedLocalWorker running ['airflow', 'tasks', 'run', 'data_ingestion_dag', 'upload_raw_to_gcs_task', 'scheduled__2015-01-01T00:00:00+00:00', '--local', '--subdir', 'DAGS_FOLDER/ingest_data_dag.py']
[2025-04-13T19:53:38.484-0400] {scheduler_job_runner.py:776} INFO - Received executor event with state success for task instance TaskInstanceKey(dag_id='data_ingestion_dag', task_id='ingest_data_task', run_id='scheduled__2015-01-01T00:00:00+00:00', try_number=1, map_index=-1)
[2025-04-13T19:53:38.488-0400] {scheduler_job_runner.py:813} INFO - TaskInstance Finished: dag_id=data_ingestion_dag, task_id=ingest_data_task, run_id=scheduled__2015-01-01T00:00:00+00:00, map_index=-1, run_start_date=2025-04-13 23:53:36.537708+00:00, run_end_date=2025-04-13 23:53:37.991900+00:00, run_duration=1.454192, state=success, executor=LocalExecutor(parallelism=32), executor_state=success, try_number=1, max_tries=1, job_id=120, pool=default_pool, queue=default, priority_weight=6, operator=BashOperator, queued_dttm=2025-04-13 23:53:36.291403+00:00, queued_by_job_id=1, pid=26056
[2025-04-13T19:53:38.504-0400] {dagbag.py:588} INFO - Filling up the DagBag from /home/aguan/ontario-sunshine-salary-dashboard/airflow/dags/ingest_data_dag.py
[2025-04-13T19:53:38.540-0400] {task_command.py:467} INFO - Running <TaskInstance: data_ingestion_dag.upload_raw_to_gcs_task scheduled__2015-01-01T00:00:00+00:00 [queued]> on host aguan-pc2.
[2025-04-13T19:53:52.376-0400] {dagrun.py:854} INFO - Marking run <DagRun data_ingestion_dag @ 2010-01-01 00:00:00+00:00: scheduled__2010-01-01T00:00:00+00:00, state:running, queued_at: 2025-04-13 23:36:58.415870+00:00. externally triggered: False> successful
[2025-04-13T19:53:52.377-0400] {dagrun.py:905} INFO - DagRun Finished: dag_id=data_ingestion_dag, execution_date=2010-01-01 00:00:00+00:00, run_id=scheduled__2010-01-01T00:00:00+00:00, run_start_date=2025-04-13 23:36:58.428556+00:00, run_end_date=2025-04-13 23:53:52.377169+00:00, run_duration=1013.948613, state=success, external_trigger=False, run_type=scheduled, data_interval_start=2010-01-01 00:00:00+00:00, data_interval_end=2011-01-01 00:00:00+00:00, dag_hash=bcef3e37f1accf53097d562d78be0b2d
[2025-04-13T19:53:52.379-0400] {dag.py:4180} INFO - Setting next_dagrun for data_ingestion_dag to 2011-01-01 00:00:00+00:00, run_after=2012-01-01 00:00:00+00:00
[2025-04-13T19:53:52.412-0400] {scheduler_job_runner.py:776} INFO - Received executor event with state success for task instance TaskInstanceKey(dag_id='data_ingestion_dag', task_id='validate_clean_task', run_id='scheduled__2010-01-01T00:00:00+00:00', try_number=1, map_index=-1)
[2025-04-13T19:53:52.414-0400] {scheduler_job_runner.py:813} INFO - TaskInstance Finished: dag_id=data_ingestion_dag, task_id=validate_clean_task, run_id=scheduled__2010-01-01T00:00:00+00:00, map_index=-1, run_start_date=2025-04-13 23:52:31.502574+00:00, run_end_date=2025-04-13 23:53:52.124872+00:00, run_duration=80.622298, state=success, executor=LocalExecutor(parallelism=32), executor_state=success, try_number=1, max_tries=1, job_id=116, pool=default_pool, queue=default, priority_weight=1, operator=BashOperator, queued_dttm=2025-04-13 23:52:31.254987+00:00, queued_by_job_id=1, pid=25804
[2025-04-13T19:53:52.948-0400] {dag.py:4180} INFO - Setting next_dagrun for data_ingestion_dag to 2012-01-01 00:00:00+00:00, run_after=2013-01-01 00:00:00+00:00
[2025-04-13T19:53:54.015-0400] {dag.py:4180} INFO - Setting next_dagrun for data_ingestion_dag to 2013-01-01 00:00:00+00:00, run_after=2014-01-01 00:00:00+00:00
[2025-04-13T19:53:54.087-0400] {dag.py:4180} INFO - Setting next_dagrun for data_ingestion_dag to 2014-01-01 00:00:00+00:00, run_after=2015-01-01 00:00:00+00:00
[2025-04-13T19:53:55.156-0400] {dag.py:4180} INFO - Setting next_dagrun for data_ingestion_dag to 2015-01-01 00:00:00+00:00, run_after=2016-01-01 00:00:00+00:00
[2025-04-13T19:53:56.215-0400] {dag.py:4180} INFO - Setting next_dagrun for data_ingestion_dag to 2016-01-01 00:00:00+00:00, run_after=2017-01-01 00:00:00+00:00
[2025-04-13T19:53:57.274-0400] {scheduler_job_runner.py:1526} INFO - DAG data_ingestion_dag is at (or above) max_active_runs (5 of 5), not creating any more runs
[2025-04-13T19:53:57.322-0400] {scheduler_job_runner.py:435} INFO - 1 tasks up for execution:
	<TaskInstance: data_ingestion_dag.ingest_data_task scheduled__2016-01-01T00:00:00+00:00 [scheduled]>
[2025-04-13T19:53:57.322-0400] {scheduler_job_runner.py:507} INFO - DAG data_ingestion_dag has 4/16 running and queued tasks
[2025-04-13T19:53:57.322-0400] {scheduler_job_runner.py:646} INFO - Setting the following tasks to queued state:
	<TaskInstance: data_ingestion_dag.ingest_data_task scheduled__2016-01-01T00:00:00+00:00 [scheduled]>
[2025-04-13T19:53:57.323-0400] {scheduler_job_runner.py:748} INFO - Trying to enqueue tasks: [<TaskInstance: data_ingestion_dag.ingest_data_task scheduled__2016-01-01T00:00:00+00:00 [scheduled]>] for executor: LocalExecutor(parallelism=32)
[2025-04-13T19:53:57.324-0400] {scheduler_job_runner.py:692} INFO - Sending TaskInstanceKey(dag_id='data_ingestion_dag', task_id='ingest_data_task', run_id='scheduled__2016-01-01T00:00:00+00:00', try_number=1, map_index=-1) to LocalExecutor with priority 6 and queue default
[2025-04-13T19:53:57.324-0400] {base_executor.py:169} INFO - Adding to queue: ['airflow', 'tasks', 'run', 'data_ingestion_dag', 'ingest_data_task', 'scheduled__2016-01-01T00:00:00+00:00', '--local', '--subdir', 'DAGS_FOLDER/ingest_data_dag.py']
[2025-04-13T19:53:57.326-0400] {local_executor.py:93} INFO - QueuedLocalWorker running ['airflow', 'tasks', 'run', 'data_ingestion_dag', 'ingest_data_task', 'scheduled__2016-01-01T00:00:00+00:00', '--local', '--subdir', 'DAGS_FOLDER/ingest_data_dag.py']
[2025-04-13T19:53:57.355-0400] {dagbag.py:588} INFO - Filling up the DagBag from /home/aguan/ontario-sunshine-salary-dashboard/airflow/dags/ingest_data_dag.py
[2025-04-13T19:53:57.422-0400] {task_command.py:467} INFO - Running <TaskInstance: data_ingestion_dag.ingest_data_task scheduled__2016-01-01T00:00:00+00:00 [queued]> on host aguan-pc2.
[2025-04-13T19:53:59.202-0400] {scheduler_job_runner.py:435} INFO - 1 tasks up for execution:
	<TaskInstance: data_ingestion_dag.upload_raw_to_gcs_task scheduled__2016-01-01T00:00:00+00:00 [scheduled]>
[2025-04-13T19:53:59.203-0400] {scheduler_job_runner.py:507} INFO - DAG data_ingestion_dag has 4/16 running and queued tasks
[2025-04-13T19:53:59.203-0400] {scheduler_job_runner.py:646} INFO - Setting the following tasks to queued state:
	<TaskInstance: data_ingestion_dag.upload_raw_to_gcs_task scheduled__2016-01-01T00:00:00+00:00 [scheduled]>
[2025-04-13T19:53:59.204-0400] {scheduler_job_runner.py:748} INFO - Trying to enqueue tasks: [<TaskInstance: data_ingestion_dag.upload_raw_to_gcs_task scheduled__2016-01-01T00:00:00+00:00 [scheduled]>] for executor: LocalExecutor(parallelism=32)
[2025-04-13T19:53:59.204-0400] {scheduler_job_runner.py:692} INFO - Sending TaskInstanceKey(dag_id='data_ingestion_dag', task_id='upload_raw_to_gcs_task', run_id='scheduled__2016-01-01T00:00:00+00:00', try_number=1, map_index=-1) to LocalExecutor with priority 5 and queue default
[2025-04-13T19:53:59.204-0400] {base_executor.py:169} INFO - Adding to queue: ['airflow', 'tasks', 'run', 'data_ingestion_dag', 'upload_raw_to_gcs_task', 'scheduled__2016-01-01T00:00:00+00:00', '--local', '--subdir', 'DAGS_FOLDER/ingest_data_dag.py']
[2025-04-13T19:53:59.207-0400] {scheduler_job_runner.py:776} INFO - Received executor event with state success for task instance TaskInstanceKey(dag_id='data_ingestion_dag', task_id='ingest_data_task', run_id='scheduled__2016-01-01T00:00:00+00:00', try_number=1, map_index=-1)
[2025-04-13T19:53:59.207-0400] {local_executor.py:93} INFO - QueuedLocalWorker running ['airflow', 'tasks', 'run', 'data_ingestion_dag', 'upload_raw_to_gcs_task', 'scheduled__2016-01-01T00:00:00+00:00', '--local', '--subdir', 'DAGS_FOLDER/ingest_data_dag.py']
[2025-04-13T19:53:59.210-0400] {scheduler_job_runner.py:813} INFO - TaskInstance Finished: dag_id=data_ingestion_dag, task_id=ingest_data_task, run_id=scheduled__2016-01-01T00:00:00+00:00, map_index=-1, run_start_date=2025-04-13 23:53:57.663672+00:00, run_end_date=2025-04-13 23:53:58.916763+00:00, run_duration=1.253091, state=success, executor=LocalExecutor(parallelism=32), executor_state=success, try_number=1, max_tries=1, job_id=122, pool=default_pool, queue=default, priority_weight=6, operator=BashOperator, queued_dttm=2025-04-13 23:53:57.323071+00:00, queued_by_job_id=1, pid=26124
[2025-04-13T19:53:59.229-0400] {dagbag.py:588} INFO - Filling up the DagBag from /home/aguan/ontario-sunshine-salary-dashboard/airflow/dags/ingest_data_dag.py
[2025-04-13T19:53:59.268-0400] {task_command.py:467} INFO - Running <TaskInstance: data_ingestion_dag.upload_raw_to_gcs_task scheduled__2016-01-01T00:00:00+00:00 [queued]> on host aguan-pc2.
[2025-04-13T19:54:05.337-0400] {scheduler_job_runner.py:435} INFO - 1 tasks up for execution:
	<TaskInstance: data_ingestion_dag.merge_raw_files_task scheduled__2013-01-01T00:00:00+00:00 [scheduled]>
[2025-04-13T19:54:05.338-0400] {scheduler_job_runner.py:507} INFO - DAG data_ingestion_dag has 4/16 running and queued tasks
[2025-04-13T19:54:05.338-0400] {scheduler_job_runner.py:646} INFO - Setting the following tasks to queued state:
	<TaskInstance: data_ingestion_dag.merge_raw_files_task scheduled__2013-01-01T00:00:00+00:00 [scheduled]>
[2025-04-13T19:54:05.339-0400] {scheduler_job_runner.py:748} INFO - Trying to enqueue tasks: [<TaskInstance: data_ingestion_dag.merge_raw_files_task scheduled__2013-01-01T00:00:00+00:00 [scheduled]>] for executor: LocalExecutor(parallelism=32)
[2025-04-13T19:54:05.340-0400] {scheduler_job_runner.py:692} INFO - Sending TaskInstanceKey(dag_id='data_ingestion_dag', task_id='merge_raw_files_task', run_id='scheduled__2013-01-01T00:00:00+00:00', try_number=1, map_index=-1) to LocalExecutor with priority 4 and queue default
[2025-04-13T19:54:05.340-0400] {base_executor.py:169} INFO - Adding to queue: ['airflow', 'tasks', 'run', 'data_ingestion_dag', 'merge_raw_files_task', 'scheduled__2013-01-01T00:00:00+00:00', '--local', '--subdir', 'DAGS_FOLDER/ingest_data_dag.py']
[2025-04-13T19:54:05.342-0400] {scheduler_job_runner.py:776} INFO - Received executor event with state success for task instance TaskInstanceKey(dag_id='data_ingestion_dag', task_id='upload_raw_to_gcs_task', run_id='scheduled__2013-01-01T00:00:00+00:00', try_number=1, map_index=-1)
[2025-04-13T19:54:05.342-0400] {local_executor.py:93} INFO - QueuedLocalWorker running ['airflow', 'tasks', 'run', 'data_ingestion_dag', 'merge_raw_files_task', 'scheduled__2013-01-01T00:00:00+00:00', '--local', '--subdir', 'DAGS_FOLDER/ingest_data_dag.py']
[2025-04-13T19:54:05.345-0400] {scheduler_job_runner.py:813} INFO - TaskInstance Finished: dag_id=data_ingestion_dag, task_id=upload_raw_to_gcs_task, run_id=scheduled__2013-01-01T00:00:00+00:00, map_index=-1, run_start_date=2025-04-13 23:52:16.435330+00:00, run_end_date=2025-04-13 23:54:04.835542+00:00, run_duration=108.400212, state=success, executor=LocalExecutor(parallelism=32), executor_state=success, try_number=1, max_tries=1, job_id=115, pool=default_pool, queue=default, priority_weight=5, operator=BashOperator, queued_dttm=2025-04-13 23:52:16.188041+00:00, queued_by_job_id=1, pid=25755
[2025-04-13T19:54:05.364-0400] {dagbag.py:588} INFO - Filling up the DagBag from /home/aguan/ontario-sunshine-salary-dashboard/airflow/dags/ingest_data_dag.py
[2025-04-13T19:54:05.402-0400] {task_command.py:467} INFO - Running <TaskInstance: data_ingestion_dag.merge_raw_files_task scheduled__2013-01-01T00:00:00+00:00 [queued]> on host aguan-pc2.
[2025-04-13T19:54:18.218-0400] {scheduler_job_runner.py:1949} INFO - Adopting or resetting orphaned tasks for active dag runs
[2025-04-13T19:55:03.446-0400] {scheduler_job_runner.py:435} INFO - 1 tasks up for execution:
	<TaskInstance: data_ingestion_dag.clean_data_task scheduled__2012-01-01T00:00:00+00:00 [scheduled]>
[2025-04-13T19:55:03.446-0400] {scheduler_job_runner.py:507} INFO - DAG data_ingestion_dag has 4/16 running and queued tasks
[2025-04-13T19:55:03.446-0400] {scheduler_job_runner.py:646} INFO - Setting the following tasks to queued state:
	<TaskInstance: data_ingestion_dag.clean_data_task scheduled__2012-01-01T00:00:00+00:00 [scheduled]>
[2025-04-13T19:55:03.447-0400] {scheduler_job_runner.py:748} INFO - Trying to enqueue tasks: [<TaskInstance: data_ingestion_dag.clean_data_task scheduled__2012-01-01T00:00:00+00:00 [scheduled]>] for executor: LocalExecutor(parallelism=32)
[2025-04-13T19:55:03.448-0400] {scheduler_job_runner.py:692} INFO - Sending TaskInstanceKey(dag_id='data_ingestion_dag', task_id='clean_data_task', run_id='scheduled__2012-01-01T00:00:00+00:00', try_number=1, map_index=-1) to LocalExecutor with priority 2 and queue default
[2025-04-13T19:55:03.448-0400] {base_executor.py:169} INFO - Adding to queue: ['airflow', 'tasks', 'run', 'data_ingestion_dag', 'clean_data_task', 'scheduled__2012-01-01T00:00:00+00:00', '--local', '--subdir', 'DAGS_FOLDER/ingest_data_dag.py']
[2025-04-13T19:55:03.451-0400] {scheduler_job_runner.py:776} INFO - Received executor event with state success for task instance TaskInstanceKey(dag_id='data_ingestion_dag', task_id='validate_merge_task', run_id='scheduled__2012-01-01T00:00:00+00:00', try_number=1, map_index=-1)
[2025-04-13T19:55:03.451-0400] {local_executor.py:93} INFO - QueuedLocalWorker running ['airflow', 'tasks', 'run', 'data_ingestion_dag', 'clean_data_task', 'scheduled__2012-01-01T00:00:00+00:00', '--local', '--subdir', 'DAGS_FOLDER/ingest_data_dag.py']
[2025-04-13T19:55:03.454-0400] {scheduler_job_runner.py:813} INFO - TaskInstance Finished: dag_id=data_ingestion_dag, task_id=validate_merge_task, run_id=scheduled__2012-01-01T00:00:00+00:00, map_index=-1, run_start_date=2025-04-13 23:52:34.153379+00:00, run_end_date=2025-04-13 23:55:03.279396+00:00, run_duration=149.126017, state=success, executor=LocalExecutor(parallelism=32), executor_state=success, try_number=1, max_tries=1, job_id=117, pool=default_pool, queue=default, priority_weight=3, operator=BashOperator, queued_dttm=2025-04-13 23:52:33.919606+00:00, queued_by_job_id=1, pid=25830
[2025-04-13T19:55:03.471-0400] {dagbag.py:588} INFO - Filling up the DagBag from /home/aguan/ontario-sunshine-salary-dashboard/airflow/dags/ingest_data_dag.py
[2025-04-13T19:55:03.509-0400] {task_command.py:467} INFO - Running <TaskInstance: data_ingestion_dag.clean_data_task scheduled__2012-01-01T00:00:00+00:00 [queued]> on host aguan-pc2.
[2025-04-13T19:55:22.688-0400] {scheduler_job_runner.py:435} INFO - 1 tasks up for execution:
	<TaskInstance: data_ingestion_dag.merge_raw_files_task scheduled__2014-01-01T00:00:00+00:00 [scheduled]>
[2025-04-13T19:55:22.688-0400] {scheduler_job_runner.py:507} INFO - DAG data_ingestion_dag has 4/16 running and queued tasks
[2025-04-13T19:55:22.689-0400] {scheduler_job_runner.py:646} INFO - Setting the following tasks to queued state:
	<TaskInstance: data_ingestion_dag.merge_raw_files_task scheduled__2014-01-01T00:00:00+00:00 [scheduled]>
[2025-04-13T19:55:22.690-0400] {scheduler_job_runner.py:748} INFO - Trying to enqueue tasks: [<TaskInstance: data_ingestion_dag.merge_raw_files_task scheduled__2014-01-01T00:00:00+00:00 [scheduled]>] for executor: LocalExecutor(parallelism=32)
[2025-04-13T19:55:22.690-0400] {scheduler_job_runner.py:692} INFO - Sending TaskInstanceKey(dag_id='data_ingestion_dag', task_id='merge_raw_files_task', run_id='scheduled__2014-01-01T00:00:00+00:00', try_number=1, map_index=-1) to LocalExecutor with priority 4 and queue default
[2025-04-13T19:55:22.690-0400] {base_executor.py:169} INFO - Adding to queue: ['airflow', 'tasks', 'run', 'data_ingestion_dag', 'merge_raw_files_task', 'scheduled__2014-01-01T00:00:00+00:00', '--local', '--subdir', 'DAGS_FOLDER/ingest_data_dag.py']
[2025-04-13T19:55:22.693-0400] {scheduler_job_runner.py:776} INFO - Received executor event with state success for task instance TaskInstanceKey(dag_id='data_ingestion_dag', task_id='upload_raw_to_gcs_task', run_id='scheduled__2014-01-01T00:00:00+00:00', try_number=1, map_index=-1)
[2025-04-13T19:55:22.693-0400] {local_executor.py:93} INFO - QueuedLocalWorker running ['airflow', 'tasks', 'run', 'data_ingestion_dag', 'merge_raw_files_task', 'scheduled__2014-01-01T00:00:00+00:00', '--local', '--subdir', 'DAGS_FOLDER/ingest_data_dag.py']
[2025-04-13T19:55:22.697-0400] {scheduler_job_runner.py:813} INFO - TaskInstance Finished: dag_id=data_ingestion_dag, task_id=upload_raw_to_gcs_task, run_id=scheduled__2014-01-01T00:00:00+00:00, map_index=-1, run_start_date=2025-04-13 23:52:56.896484+00:00, run_end_date=2025-04-13 23:55:21.869005+00:00, run_duration=144.972521, state=success, executor=LocalExecutor(parallelism=32), executor_state=success, try_number=1, max_tries=1, job_id=119, pool=default_pool, queue=default, priority_weight=5, operator=BashOperator, queued_dttm=2025-04-13 23:52:56.649520+00:00, queued_by_job_id=1, pid=25927
[2025-04-13T19:55:22.715-0400] {dagbag.py:588} INFO - Filling up the DagBag from /home/aguan/ontario-sunshine-salary-dashboard/airflow/dags/ingest_data_dag.py
[2025-04-13T19:55:22.753-0400] {task_command.py:467} INFO - Running <TaskInstance: data_ingestion_dag.merge_raw_files_task scheduled__2014-01-01T00:00:00+00:00 [queued]> on host aguan-pc2.
[2025-04-13T19:56:19.858-0400] {scheduler_job_runner.py:435} INFO - 1 tasks up for execution:
	<TaskInstance: data_ingestion_dag.merge_raw_files_task scheduled__2015-01-01T00:00:00+00:00 [scheduled]>
[2025-04-13T19:56:19.858-0400] {scheduler_job_runner.py:507} INFO - DAG data_ingestion_dag has 4/16 running and queued tasks
[2025-04-13T19:56:19.859-0400] {scheduler_job_runner.py:646} INFO - Setting the following tasks to queued state:
	<TaskInstance: data_ingestion_dag.merge_raw_files_task scheduled__2015-01-01T00:00:00+00:00 [scheduled]>
[2025-04-13T19:56:19.860-0400] {scheduler_job_runner.py:748} INFO - Trying to enqueue tasks: [<TaskInstance: data_ingestion_dag.merge_raw_files_task scheduled__2015-01-01T00:00:00+00:00 [scheduled]>] for executor: LocalExecutor(parallelism=32)
[2025-04-13T19:56:19.860-0400] {scheduler_job_runner.py:692} INFO - Sending TaskInstanceKey(dag_id='data_ingestion_dag', task_id='merge_raw_files_task', run_id='scheduled__2015-01-01T00:00:00+00:00', try_number=1, map_index=-1) to LocalExecutor with priority 4 and queue default
[2025-04-13T19:56:19.860-0400] {base_executor.py:169} INFO - Adding to queue: ['airflow', 'tasks', 'run', 'data_ingestion_dag', 'merge_raw_files_task', 'scheduled__2015-01-01T00:00:00+00:00', '--local', '--subdir', 'DAGS_FOLDER/ingest_data_dag.py']
[2025-04-13T19:56:19.863-0400] {scheduler_job_runner.py:776} INFO - Received executor event with state success for task instance TaskInstanceKey(dag_id='data_ingestion_dag', task_id='upload_raw_to_gcs_task', run_id='scheduled__2015-01-01T00:00:00+00:00', try_number=1, map_index=-1)
[2025-04-13T19:56:19.863-0400] {local_executor.py:93} INFO - QueuedLocalWorker running ['airflow', 'tasks', 'run', 'data_ingestion_dag', 'merge_raw_files_task', 'scheduled__2015-01-01T00:00:00+00:00', '--local', '--subdir', 'DAGS_FOLDER/ingest_data_dag.py']
[2025-04-13T19:56:19.866-0400] {scheduler_job_runner.py:813} INFO - TaskInstance Finished: dag_id=data_ingestion_dag, task_id=upload_raw_to_gcs_task, run_id=scheduled__2015-01-01T00:00:00+00:00, map_index=-1, run_start_date=2025-04-13 23:53:38.726104+00:00, run_end_date=2025-04-13 23:56:19.635023+00:00, run_duration=160.908919, state=success, executor=LocalExecutor(parallelism=32), executor_state=success, try_number=1, max_tries=1, job_id=121, pool=default_pool, queue=default, priority_weight=5, operator=BashOperator, queued_dttm=2025-04-13 23:53:38.479584+00:00, queued_by_job_id=1, pid=26066
[2025-04-13T19:56:19.892-0400] {dagbag.py:588} INFO - Filling up the DagBag from /home/aguan/ontario-sunshine-salary-dashboard/airflow/dags/ingest_data_dag.py
[2025-04-13T19:56:19.956-0400] {task_command.py:467} INFO - Running <TaskInstance: data_ingestion_dag.merge_raw_files_task scheduled__2015-01-01T00:00:00+00:00 [queued]> on host aguan-pc2.
[2025-04-13T19:56:37.439-0400] {scheduler_job_runner.py:435} INFO - 1 tasks up for execution:
	<TaskInstance: data_ingestion_dag.merge_raw_files_task scheduled__2016-01-01T00:00:00+00:00 [scheduled]>
[2025-04-13T19:56:37.439-0400] {scheduler_job_runner.py:507} INFO - DAG data_ingestion_dag has 4/16 running and queued tasks
[2025-04-13T19:56:37.439-0400] {scheduler_job_runner.py:646} INFO - Setting the following tasks to queued state:
	<TaskInstance: data_ingestion_dag.merge_raw_files_task scheduled__2016-01-01T00:00:00+00:00 [scheduled]>
[2025-04-13T19:56:37.441-0400] {scheduler_job_runner.py:748} INFO - Trying to enqueue tasks: [<TaskInstance: data_ingestion_dag.merge_raw_files_task scheduled__2016-01-01T00:00:00+00:00 [scheduled]>] for executor: LocalExecutor(parallelism=32)
[2025-04-13T19:56:37.441-0400] {scheduler_job_runner.py:692} INFO - Sending TaskInstanceKey(dag_id='data_ingestion_dag', task_id='merge_raw_files_task', run_id='scheduled__2016-01-01T00:00:00+00:00', try_number=1, map_index=-1) to LocalExecutor with priority 4 and queue default
[2025-04-13T19:56:37.441-0400] {base_executor.py:169} INFO - Adding to queue: ['airflow', 'tasks', 'run', 'data_ingestion_dag', 'merge_raw_files_task', 'scheduled__2016-01-01T00:00:00+00:00', '--local', '--subdir', 'DAGS_FOLDER/ingest_data_dag.py']
[2025-04-13T19:56:37.444-0400] {scheduler_job_runner.py:776} INFO - Received executor event with state success for task instance TaskInstanceKey(dag_id='data_ingestion_dag', task_id='upload_raw_to_gcs_task', run_id='scheduled__2016-01-01T00:00:00+00:00', try_number=1, map_index=-1)
[2025-04-13T19:56:37.444-0400] {local_executor.py:93} INFO - QueuedLocalWorker running ['airflow', 'tasks', 'run', 'data_ingestion_dag', 'merge_raw_files_task', 'scheduled__2016-01-01T00:00:00+00:00', '--local', '--subdir', 'DAGS_FOLDER/ingest_data_dag.py']
[2025-04-13T19:56:37.447-0400] {scheduler_job_runner.py:813} INFO - TaskInstance Finished: dag_id=data_ingestion_dag, task_id=upload_raw_to_gcs_task, run_id=scheduled__2016-01-01T00:00:00+00:00, map_index=-1, run_start_date=2025-04-13 23:53:59.437394+00:00, run_end_date=2025-04-13 23:56:37.147958+00:00, run_duration=157.710564, state=success, executor=LocalExecutor(parallelism=32), executor_state=success, try_number=1, max_tries=1, job_id=123, pool=default_pool, queue=default, priority_weight=5, operator=BashOperator, queued_dttm=2025-04-13 23:53:59.203817+00:00, queued_by_job_id=1, pid=26134
[2025-04-13T19:56:37.470-0400] {dagbag.py:588} INFO - Filling up the DagBag from /home/aguan/ontario-sunshine-salary-dashboard/airflow/dags/ingest_data_dag.py
[2025-04-13T19:56:37.519-0400] {task_command.py:467} INFO - Running <TaskInstance: data_ingestion_dag.merge_raw_files_task scheduled__2016-01-01T00:00:00+00:00 [queued]> on host aguan-pc2.
[2025-04-13T19:59:11.691-0400] {scheduler_job_runner.py:435} INFO - 1 tasks up for execution:
	<TaskInstance: data_ingestion_dag.validate_clean_task scheduled__2012-01-01T00:00:00+00:00 [scheduled]>
[2025-04-13T19:59:11.692-0400] {scheduler_job_runner.py:507} INFO - DAG data_ingestion_dag has 4/16 running and queued tasks
[2025-04-13T19:59:11.692-0400] {scheduler_job_runner.py:646} INFO - Setting the following tasks to queued state:
	<TaskInstance: data_ingestion_dag.validate_clean_task scheduled__2012-01-01T00:00:00+00:00 [scheduled]>
[2025-04-13T19:59:11.694-0400] {scheduler_job_runner.py:748} INFO - Trying to enqueue tasks: [<TaskInstance: data_ingestion_dag.validate_clean_task scheduled__2012-01-01T00:00:00+00:00 [scheduled]>] for executor: LocalExecutor(parallelism=32)
[2025-04-13T19:59:11.694-0400] {scheduler_job_runner.py:692} INFO - Sending TaskInstanceKey(dag_id='data_ingestion_dag', task_id='validate_clean_task', run_id='scheduled__2012-01-01T00:00:00+00:00', try_number=1, map_index=-1) to LocalExecutor with priority 1 and queue default
[2025-04-13T19:59:11.695-0400] {base_executor.py:169} INFO - Adding to queue: ['airflow', 'tasks', 'run', 'data_ingestion_dag', 'validate_clean_task', 'scheduled__2012-01-01T00:00:00+00:00', '--local', '--subdir', 'DAGS_FOLDER/ingest_data_dag.py']
[2025-04-13T19:59:11.698-0400] {scheduler_job_runner.py:776} INFO - Received executor event with state success for task instance TaskInstanceKey(dag_id='data_ingestion_dag', task_id='clean_data_task', run_id='scheduled__2012-01-01T00:00:00+00:00', try_number=1, map_index=-1)
[2025-04-13T19:59:11.698-0400] {local_executor.py:93} INFO - QueuedLocalWorker running ['airflow', 'tasks', 'run', 'data_ingestion_dag', 'validate_clean_task', 'scheduled__2012-01-01T00:00:00+00:00', '--local', '--subdir', 'DAGS_FOLDER/ingest_data_dag.py']
[2025-04-13T19:59:11.702-0400] {scheduler_job_runner.py:813} INFO - TaskInstance Finished: dag_id=data_ingestion_dag, task_id=clean_data_task, run_id=scheduled__2012-01-01T00:00:00+00:00, map_index=-1, run_start_date=2025-04-13 23:55:03.688066+00:00, run_end_date=2025-04-13 23:59:11.298310+00:00, run_duration=247.610244, state=success, executor=LocalExecutor(parallelism=32), executor_state=success, try_number=1, max_tries=1, job_id=125, pool=default_pool, queue=default, priority_weight=2, operator=BashOperator, queued_dttm=2025-04-13 23:55:03.447227+00:00, queued_by_job_id=1, pid=26374
[2025-04-13T19:59:11.725-0400] {dagbag.py:588} INFO - Filling up the DagBag from /home/aguan/ontario-sunshine-salary-dashboard/airflow/dags/ingest_data_dag.py
[2025-04-13T19:59:11.779-0400] {task_command.py:467} INFO - Running <TaskInstance: data_ingestion_dag.validate_clean_task scheduled__2012-01-01T00:00:00+00:00 [queued]> on host aguan-pc2.
[2025-04-13T19:59:18.317-0400] {scheduler_job_runner.py:1949} INFO - Adopting or resetting orphaned tasks for active dag runs
[2025-04-13T20:00:09.104-0400] {scheduler_job_runner.py:435} INFO - 1 tasks up for execution:
	<TaskInstance: data_ingestion_dag.validate_merge_task scheduled__2013-01-01T00:00:00+00:00 [scheduled]>
[2025-04-13T20:00:09.105-0400] {scheduler_job_runner.py:507} INFO - DAG data_ingestion_dag has 4/16 running and queued tasks
[2025-04-13T20:00:09.105-0400] {scheduler_job_runner.py:646} INFO - Setting the following tasks to queued state:
	<TaskInstance: data_ingestion_dag.validate_merge_task scheduled__2013-01-01T00:00:00+00:00 [scheduled]>
[2025-04-13T20:00:09.106-0400] {scheduler_job_runner.py:748} INFO - Trying to enqueue tasks: [<TaskInstance: data_ingestion_dag.validate_merge_task scheduled__2013-01-01T00:00:00+00:00 [scheduled]>] for executor: LocalExecutor(parallelism=32)
[2025-04-13T20:00:09.107-0400] {scheduler_job_runner.py:692} INFO - Sending TaskInstanceKey(dag_id='data_ingestion_dag', task_id='validate_merge_task', run_id='scheduled__2013-01-01T00:00:00+00:00', try_number=1, map_index=-1) to LocalExecutor with priority 3 and queue default
[2025-04-13T20:00:09.107-0400] {base_executor.py:169} INFO - Adding to queue: ['airflow', 'tasks', 'run', 'data_ingestion_dag', 'validate_merge_task', 'scheduled__2013-01-01T00:00:00+00:00', '--local', '--subdir', 'DAGS_FOLDER/ingest_data_dag.py']
[2025-04-13T20:00:09.110-0400] {scheduler_job_runner.py:776} INFO - Received executor event with state success for task instance TaskInstanceKey(dag_id='data_ingestion_dag', task_id='merge_raw_files_task', run_id='scheduled__2013-01-01T00:00:00+00:00', try_number=1, map_index=-1)
[2025-04-13T20:00:09.110-0400] {local_executor.py:93} INFO - QueuedLocalWorker running ['airflow', 'tasks', 'run', 'data_ingestion_dag', 'validate_merge_task', 'scheduled__2013-01-01T00:00:00+00:00', '--local', '--subdir', 'DAGS_FOLDER/ingest_data_dag.py']
[2025-04-13T20:00:09.115-0400] {scheduler_job_runner.py:813} INFO - TaskInstance Finished: dag_id=data_ingestion_dag, task_id=merge_raw_files_task, run_id=scheduled__2013-01-01T00:00:00+00:00, map_index=-1, run_start_date=2025-04-13 23:54:05.573128+00:00, run_end_date=2025-04-14 00:00:08.367722+00:00, run_duration=362.794594, state=success, executor=LocalExecutor(parallelism=32), executor_state=success, try_number=1, max_tries=1, job_id=124, pool=default_pool, queue=default, priority_weight=4, operator=BashOperator, queued_dttm=2025-04-13 23:54:05.339094+00:00, queued_by_job_id=1, pid=26156
[2025-04-13T20:00:09.157-0400] {dagbag.py:588} INFO - Filling up the DagBag from /home/aguan/ontario-sunshine-salary-dashboard/airflow/dags/ingest_data_dag.py
[2025-04-13T20:00:09.223-0400] {task_command.py:467} INFO - Running <TaskInstance: data_ingestion_dag.validate_merge_task scheduled__2013-01-01T00:00:00+00:00 [queued]> on host aguan-pc2.
[2025-04-13T20:00:25.680-0400] {dagrun.py:854} INFO - Marking run <DagRun data_ingestion_dag @ 2012-01-01 00:00:00+00:00: scheduled__2012-01-01T00:00:00+00:00, state:running, queued_at: 2025-04-13 23:45:19.890421+00:00. externally triggered: False> successful
[2025-04-13T20:00:25.681-0400] {dagrun.py:905} INFO - DagRun Finished: dag_id=data_ingestion_dag, execution_date=2012-01-01 00:00:00+00:00, run_id=scheduled__2012-01-01T00:00:00+00:00, run_start_date=2025-04-13 23:45:19.903581+00:00, run_end_date=2025-04-14 00:00:25.681036+00:00, run_duration=905.777455, state=success, external_trigger=False, run_type=scheduled, data_interval_start=2012-01-01 00:00:00+00:00, data_interval_end=2013-01-01 00:00:00+00:00, dag_hash=bcef3e37f1accf53097d562d78be0b2d
[2025-04-13T20:00:25.685-0400] {dag.py:4180} INFO - Setting next_dagrun for data_ingestion_dag to 2013-01-01 00:00:00+00:00, run_after=2014-01-01 00:00:00+00:00
[2025-04-13T20:00:25.729-0400] {scheduler_job_runner.py:776} INFO - Received executor event with state success for task instance TaskInstanceKey(dag_id='data_ingestion_dag', task_id='validate_clean_task', run_id='scheduled__2012-01-01T00:00:00+00:00', try_number=1, map_index=-1)
[2025-04-13T20:00:25.735-0400] {scheduler_job_runner.py:813} INFO - TaskInstance Finished: dag_id=data_ingestion_dag, task_id=validate_clean_task, run_id=scheduled__2012-01-01T00:00:00+00:00, map_index=-1, run_start_date=2025-04-13 23:59:12.005787+00:00, run_end_date=2025-04-14 00:00:25.616980+00:00, run_duration=73.611193, state=success, executor=LocalExecutor(parallelism=32), executor_state=success, try_number=1, max_tries=1, job_id=129, pool=default_pool, queue=default, priority_weight=1, operator=BashOperator, queued_dttm=2025-04-13 23:59:11.693074+00:00, queued_by_job_id=1, pid=27295
[2025-04-13T20:00:26.760-0400] {dag.py:4180} INFO - Setting next_dagrun for data_ingestion_dag to 2014-01-01 00:00:00+00:00, run_after=2015-01-01 00:00:00+00:00
[2025-04-13T20:00:27.833-0400] {dag.py:4180} INFO - Setting next_dagrun for data_ingestion_dag to 2015-01-01 00:00:00+00:00, run_after=2016-01-01 00:00:00+00:00
[2025-04-13T20:00:28.914-0400] {dag.py:4180} INFO - Setting next_dagrun for data_ingestion_dag to 2016-01-01 00:00:00+00:00, run_after=2017-01-01 00:00:00+00:00
[2025-04-13T20:00:29.679-0400] {dag.py:4180} INFO - Setting next_dagrun for data_ingestion_dag to 2017-01-01 00:00:00+00:00, run_after=2018-01-01 00:00:00+00:00
[2025-04-13T20:00:30.766-0400] {scheduler_job_runner.py:1526} INFO - DAG data_ingestion_dag is at (or above) max_active_runs (5 of 5), not creating any more runs
[2025-04-13T20:00:30.833-0400] {scheduler_job_runner.py:435} INFO - 1 tasks up for execution:
	<TaskInstance: data_ingestion_dag.ingest_data_task scheduled__2017-01-01T00:00:00+00:00 [scheduled]>
[2025-04-13T20:00:30.834-0400] {scheduler_job_runner.py:507} INFO - DAG data_ingestion_dag has 4/16 running and queued tasks
[2025-04-13T20:00:30.834-0400] {scheduler_job_runner.py:646} INFO - Setting the following tasks to queued state:
	<TaskInstance: data_ingestion_dag.ingest_data_task scheduled__2017-01-01T00:00:00+00:00 [scheduled]>
[2025-04-13T20:00:30.836-0400] {scheduler_job_runner.py:748} INFO - Trying to enqueue tasks: [<TaskInstance: data_ingestion_dag.ingest_data_task scheduled__2017-01-01T00:00:00+00:00 [scheduled]>] for executor: LocalExecutor(parallelism=32)
[2025-04-13T20:00:30.836-0400] {scheduler_job_runner.py:692} INFO - Sending TaskInstanceKey(dag_id='data_ingestion_dag', task_id='ingest_data_task', run_id='scheduled__2017-01-01T00:00:00+00:00', try_number=1, map_index=-1) to LocalExecutor with priority 6 and queue default
[2025-04-13T20:00:30.836-0400] {base_executor.py:169} INFO - Adding to queue: ['airflow', 'tasks', 'run', 'data_ingestion_dag', 'ingest_data_task', 'scheduled__2017-01-01T00:00:00+00:00', '--local', '--subdir', 'DAGS_FOLDER/ingest_data_dag.py']
[2025-04-13T20:00:30.840-0400] {local_executor.py:93} INFO - QueuedLocalWorker running ['airflow', 'tasks', 'run', 'data_ingestion_dag', 'ingest_data_task', 'scheduled__2017-01-01T00:00:00+00:00', '--local', '--subdir', 'DAGS_FOLDER/ingest_data_dag.py']
[2025-04-13T20:00:30.866-0400] {dagbag.py:588} INFO - Filling up the DagBag from /home/aguan/ontario-sunshine-salary-dashboard/airflow/dags/ingest_data_dag.py
[2025-04-13T20:00:30.921-0400] {task_command.py:467} INFO - Running <TaskInstance: data_ingestion_dag.ingest_data_task scheduled__2017-01-01T00:00:00+00:00 [queued]> on host aguan-pc2.
[2025-04-13T20:00:40.973-0400] {scheduler_job_runner.py:435} INFO - 1 tasks up for execution:
	<TaskInstance: data_ingestion_dag.upload_raw_to_gcs_task scheduled__2017-01-01T00:00:00+00:00 [scheduled]>
[2025-04-13T20:00:40.973-0400] {scheduler_job_runner.py:507} INFO - DAG data_ingestion_dag has 4/16 running and queued tasks
[2025-04-13T20:00:40.973-0400] {scheduler_job_runner.py:646} INFO - Setting the following tasks to queued state:
	<TaskInstance: data_ingestion_dag.upload_raw_to_gcs_task scheduled__2017-01-01T00:00:00+00:00 [scheduled]>
[2025-04-13T20:00:40.974-0400] {scheduler_job_runner.py:748} INFO - Trying to enqueue tasks: [<TaskInstance: data_ingestion_dag.upload_raw_to_gcs_task scheduled__2017-01-01T00:00:00+00:00 [scheduled]>] for executor: LocalExecutor(parallelism=32)
[2025-04-13T20:00:40.975-0400] {scheduler_job_runner.py:692} INFO - Sending TaskInstanceKey(dag_id='data_ingestion_dag', task_id='upload_raw_to_gcs_task', run_id='scheduled__2017-01-01T00:00:00+00:00', try_number=1, map_index=-1) to LocalExecutor with priority 5 and queue default
[2025-04-13T20:00:40.975-0400] {base_executor.py:169} INFO - Adding to queue: ['airflow', 'tasks', 'run', 'data_ingestion_dag', 'upload_raw_to_gcs_task', 'scheduled__2017-01-01T00:00:00+00:00', '--local', '--subdir', 'DAGS_FOLDER/ingest_data_dag.py']
[2025-04-13T20:00:40.978-0400] {local_executor.py:93} INFO - QueuedLocalWorker running ['airflow', 'tasks', 'run', 'data_ingestion_dag', 'upload_raw_to_gcs_task', 'scheduled__2017-01-01T00:00:00+00:00', '--local', '--subdir', 'DAGS_FOLDER/ingest_data_dag.py']
[2025-04-13T20:00:40.979-0400] {scheduler_job_runner.py:776} INFO - Received executor event with state success for task instance TaskInstanceKey(dag_id='data_ingestion_dag', task_id='ingest_data_task', run_id='scheduled__2017-01-01T00:00:00+00:00', try_number=1, map_index=-1)
[2025-04-13T20:00:40.983-0400] {scheduler_job_runner.py:813} INFO - TaskInstance Finished: dag_id=data_ingestion_dag, task_id=ingest_data_task, run_id=scheduled__2017-01-01T00:00:00+00:00, map_index=-1, run_start_date=2025-04-14 00:00:31.148967+00:00, run_end_date=2025-04-14 00:00:40.333823+00:00, run_duration=9.184856, state=success, executor=LocalExecutor(parallelism=32), executor_state=success, try_number=1, max_tries=1, job_id=131, pool=default_pool, queue=default, priority_weight=6, operator=BashOperator, queued_dttm=2025-04-14 00:00:30.835113+00:00, queued_by_job_id=1, pid=27573
[2025-04-13T20:00:41.002-0400] {dagbag.py:588} INFO - Filling up the DagBag from /home/aguan/ontario-sunshine-salary-dashboard/airflow/dags/ingest_data_dag.py
[2025-04-13T20:00:41.054-0400] {task_command.py:467} INFO - Running <TaskInstance: data_ingestion_dag.upload_raw_to_gcs_task scheduled__2017-01-01T00:00:00+00:00 [queued]> on host aguan-pc2.
[2025-04-13T20:01:01.263-0400] {scheduler_job_runner.py:435} INFO - 1 tasks up for execution:
	<TaskInstance: data_ingestion_dag.validate_merge_task scheduled__2014-01-01T00:00:00+00:00 [scheduled]>
[2025-04-13T20:01:01.264-0400] {scheduler_job_runner.py:507} INFO - DAG data_ingestion_dag has 4/16 running and queued tasks
[2025-04-13T20:01:01.264-0400] {scheduler_job_runner.py:646} INFO - Setting the following tasks to queued state:
	<TaskInstance: data_ingestion_dag.validate_merge_task scheduled__2014-01-01T00:00:00+00:00 [scheduled]>
[2025-04-13T20:01:01.266-0400] {scheduler_job_runner.py:748} INFO - Trying to enqueue tasks: [<TaskInstance: data_ingestion_dag.validate_merge_task scheduled__2014-01-01T00:00:00+00:00 [scheduled]>] for executor: LocalExecutor(parallelism=32)
[2025-04-13T20:01:01.266-0400] {scheduler_job_runner.py:692} INFO - Sending TaskInstanceKey(dag_id='data_ingestion_dag', task_id='validate_merge_task', run_id='scheduled__2014-01-01T00:00:00+00:00', try_number=1, map_index=-1) to LocalExecutor with priority 3 and queue default
[2025-04-13T20:01:01.266-0400] {base_executor.py:169} INFO - Adding to queue: ['airflow', 'tasks', 'run', 'data_ingestion_dag', 'validate_merge_task', 'scheduled__2014-01-01T00:00:00+00:00', '--local', '--subdir', 'DAGS_FOLDER/ingest_data_dag.py']
[2025-04-13T20:01:01.269-0400] {scheduler_job_runner.py:776} INFO - Received executor event with state success for task instance TaskInstanceKey(dag_id='data_ingestion_dag', task_id='merge_raw_files_task', run_id='scheduled__2014-01-01T00:00:00+00:00', try_number=1, map_index=-1)
[2025-04-13T20:01:01.269-0400] {local_executor.py:93} INFO - QueuedLocalWorker running ['airflow', 'tasks', 'run', 'data_ingestion_dag', 'validate_merge_task', 'scheduled__2014-01-01T00:00:00+00:00', '--local', '--subdir', 'DAGS_FOLDER/ingest_data_dag.py']
[2025-04-13T20:01:01.273-0400] {scheduler_job_runner.py:813} INFO - TaskInstance Finished: dag_id=data_ingestion_dag, task_id=merge_raw_files_task, run_id=scheduled__2014-01-01T00:00:00+00:00, map_index=-1, run_start_date=2025-04-13 23:55:22.933163+00:00, run_end_date=2025-04-14 00:01:00.941329+00:00, run_duration=338.008166, state=success, executor=LocalExecutor(parallelism=32), executor_state=success, try_number=1, max_tries=1, job_id=126, pool=default_pool, queue=default, priority_weight=4, operator=BashOperator, queued_dttm=2025-04-13 23:55:22.689400+00:00, queued_by_job_id=1, pid=26473
[2025-04-13T20:01:01.300-0400] {dagbag.py:588} INFO - Filling up the DagBag from /home/aguan/ontario-sunshine-salary-dashboard/airflow/dags/ingest_data_dag.py
[2025-04-13T20:01:01.344-0400] {task_command.py:467} INFO - Running <TaskInstance: data_ingestion_dag.validate_merge_task scheduled__2014-01-01T00:00:00+00:00 [queued]> on host aguan-pc2.
[2025-04-13T20:02:07.490-0400] {scheduler_job_runner.py:435} INFO - 1 tasks up for execution:
	<TaskInstance: data_ingestion_dag.validate_merge_task scheduled__2015-01-01T00:00:00+00:00 [scheduled]>
[2025-04-13T20:02:07.491-0400] {scheduler_job_runner.py:507} INFO - DAG data_ingestion_dag has 4/16 running and queued tasks
[2025-04-13T20:02:07.491-0400] {scheduler_job_runner.py:646} INFO - Setting the following tasks to queued state:
	<TaskInstance: data_ingestion_dag.validate_merge_task scheduled__2015-01-01T00:00:00+00:00 [scheduled]>
[2025-04-13T20:02:07.493-0400] {scheduler_job_runner.py:748} INFO - Trying to enqueue tasks: [<TaskInstance: data_ingestion_dag.validate_merge_task scheduled__2015-01-01T00:00:00+00:00 [scheduled]>] for executor: LocalExecutor(parallelism=32)
[2025-04-13T20:02:07.493-0400] {scheduler_job_runner.py:692} INFO - Sending TaskInstanceKey(dag_id='data_ingestion_dag', task_id='validate_merge_task', run_id='scheduled__2015-01-01T00:00:00+00:00', try_number=1, map_index=-1) to LocalExecutor with priority 3 and queue default
[2025-04-13T20:02:07.493-0400] {base_executor.py:169} INFO - Adding to queue: ['airflow', 'tasks', 'run', 'data_ingestion_dag', 'validate_merge_task', 'scheduled__2015-01-01T00:00:00+00:00', '--local', '--subdir', 'DAGS_FOLDER/ingest_data_dag.py']
[2025-04-13T20:02:07.496-0400] {scheduler_job_runner.py:776} INFO - Received executor event with state success for task instance TaskInstanceKey(dag_id='data_ingestion_dag', task_id='merge_raw_files_task', run_id='scheduled__2015-01-01T00:00:00+00:00', try_number=1, map_index=-1)
[2025-04-13T20:02:07.496-0400] {local_executor.py:93} INFO - QueuedLocalWorker running ['airflow', 'tasks', 'run', 'data_ingestion_dag', 'validate_merge_task', 'scheduled__2015-01-01T00:00:00+00:00', '--local', '--subdir', 'DAGS_FOLDER/ingest_data_dag.py']
[2025-04-13T20:02:07.499-0400] {scheduler_job_runner.py:813} INFO - TaskInstance Finished: dag_id=data_ingestion_dag, task_id=merge_raw_files_task, run_id=scheduled__2015-01-01T00:00:00+00:00, map_index=-1, run_start_date=2025-04-13 23:56:20.208320+00:00, run_end_date=2025-04-14 00:02:06.606238+00:00, run_duration=346.397918, state=success, executor=LocalExecutor(parallelism=32), executor_state=success, try_number=1, max_tries=1, job_id=127, pool=default_pool, queue=default, priority_weight=4, operator=BashOperator, queued_dttm=2025-04-13 23:56:19.859364+00:00, queued_by_job_id=1, pid=26686
[2025-04-13T20:02:07.533-0400] {dagbag.py:588} INFO - Filling up the DagBag from /home/aguan/ontario-sunshine-salary-dashboard/airflow/dags/ingest_data_dag.py
[2025-04-13T20:02:07.577-0400] {task_command.py:467} INFO - Running <TaskInstance: data_ingestion_dag.validate_merge_task scheduled__2015-01-01T00:00:00+00:00 [queued]> on host aguan-pc2.
[2025-04-13T20:02:17.562-0400] {scheduler_job_runner.py:435} INFO - 1 tasks up for execution:
	<TaskInstance: data_ingestion_dag.validate_merge_task scheduled__2016-01-01T00:00:00+00:00 [scheduled]>
[2025-04-13T20:02:17.562-0400] {scheduler_job_runner.py:507} INFO - DAG data_ingestion_dag has 4/16 running and queued tasks
[2025-04-13T20:02:17.563-0400] {scheduler_job_runner.py:646} INFO - Setting the following tasks to queued state:
	<TaskInstance: data_ingestion_dag.validate_merge_task scheduled__2016-01-01T00:00:00+00:00 [scheduled]>
[2025-04-13T20:02:17.564-0400] {scheduler_job_runner.py:748} INFO - Trying to enqueue tasks: [<TaskInstance: data_ingestion_dag.validate_merge_task scheduled__2016-01-01T00:00:00+00:00 [scheduled]>] for executor: LocalExecutor(parallelism=32)
[2025-04-13T20:02:17.564-0400] {scheduler_job_runner.py:692} INFO - Sending TaskInstanceKey(dag_id='data_ingestion_dag', task_id='validate_merge_task', run_id='scheduled__2016-01-01T00:00:00+00:00', try_number=1, map_index=-1) to LocalExecutor with priority 3 and queue default
[2025-04-13T20:02:17.564-0400] {base_executor.py:169} INFO - Adding to queue: ['airflow', 'tasks', 'run', 'data_ingestion_dag', 'validate_merge_task', 'scheduled__2016-01-01T00:00:00+00:00', '--local', '--subdir', 'DAGS_FOLDER/ingest_data_dag.py']
[2025-04-13T20:02:17.567-0400] {scheduler_job_runner.py:776} INFO - Received executor event with state success for task instance TaskInstanceKey(dag_id='data_ingestion_dag', task_id='merge_raw_files_task', run_id='scheduled__2016-01-01T00:00:00+00:00', try_number=1, map_index=-1)
[2025-04-13T20:02:17.567-0400] {local_executor.py:93} INFO - QueuedLocalWorker running ['airflow', 'tasks', 'run', 'data_ingestion_dag', 'validate_merge_task', 'scheduled__2016-01-01T00:00:00+00:00', '--local', '--subdir', 'DAGS_FOLDER/ingest_data_dag.py']
[2025-04-13T20:02:17.570-0400] {scheduler_job_runner.py:813} INFO - TaskInstance Finished: dag_id=data_ingestion_dag, task_id=merge_raw_files_task, run_id=scheduled__2016-01-01T00:00:00+00:00, map_index=-1, run_start_date=2025-04-13 23:56:37.692875+00:00, run_end_date=2025-04-14 00:02:16.594437+00:00, run_duration=338.901562, state=success, executor=LocalExecutor(parallelism=32), executor_state=success, try_number=1, max_tries=1, job_id=128, pool=default_pool, queue=default, priority_weight=4, operator=BashOperator, queued_dttm=2025-04-13 23:56:37.440084+00:00, queued_by_job_id=1, pid=26783
[2025-04-13T20:02:17.588-0400] {dagbag.py:588} INFO - Filling up the DagBag from /home/aguan/ontario-sunshine-salary-dashboard/airflow/dags/ingest_data_dag.py
[2025-04-13T20:02:17.627-0400] {task_command.py:467} INFO - Running <TaskInstance: data_ingestion_dag.validate_merge_task scheduled__2016-01-01T00:00:00+00:00 [queued]> on host aguan-pc2.
[2025-04-13T20:02:19.645-0400] {scheduler_job_runner.py:435} INFO - 1 tasks up for execution:
	<TaskInstance: data_ingestion_dag.merge_raw_files_task scheduled__2017-01-01T00:00:00+00:00 [scheduled]>
[2025-04-13T20:02:19.645-0400] {scheduler_job_runner.py:507} INFO - DAG data_ingestion_dag has 4/16 running and queued tasks
[2025-04-13T20:02:19.646-0400] {scheduler_job_runner.py:646} INFO - Setting the following tasks to queued state:
	<TaskInstance: data_ingestion_dag.merge_raw_files_task scheduled__2017-01-01T00:00:00+00:00 [scheduled]>
[2025-04-13T20:02:19.646-0400] {scheduler_job_runner.py:748} INFO - Trying to enqueue tasks: [<TaskInstance: data_ingestion_dag.merge_raw_files_task scheduled__2017-01-01T00:00:00+00:00 [scheduled]>] for executor: LocalExecutor(parallelism=32)
[2025-04-13T20:02:19.647-0400] {scheduler_job_runner.py:692} INFO - Sending TaskInstanceKey(dag_id='data_ingestion_dag', task_id='merge_raw_files_task', run_id='scheduled__2017-01-01T00:00:00+00:00', try_number=1, map_index=-1) to LocalExecutor with priority 4 and queue default
[2025-04-13T20:02:19.647-0400] {base_executor.py:169} INFO - Adding to queue: ['airflow', 'tasks', 'run', 'data_ingestion_dag', 'merge_raw_files_task', 'scheduled__2017-01-01T00:00:00+00:00', '--local', '--subdir', 'DAGS_FOLDER/ingest_data_dag.py']
[2025-04-13T20:02:19.650-0400] {scheduler_job_runner.py:776} INFO - Received executor event with state success for task instance TaskInstanceKey(dag_id='data_ingestion_dag', task_id='upload_raw_to_gcs_task', run_id='scheduled__2017-01-01T00:00:00+00:00', try_number=1, map_index=-1)
[2025-04-13T20:02:19.650-0400] {local_executor.py:93} INFO - QueuedLocalWorker running ['airflow', 'tasks', 'run', 'data_ingestion_dag', 'merge_raw_files_task', 'scheduled__2017-01-01T00:00:00+00:00', '--local', '--subdir', 'DAGS_FOLDER/ingest_data_dag.py']
[2025-04-13T20:02:19.653-0400] {scheduler_job_runner.py:813} INFO - TaskInstance Finished: dag_id=data_ingestion_dag, task_id=upload_raw_to_gcs_task, run_id=scheduled__2017-01-01T00:00:00+00:00, map_index=-1, run_start_date=2025-04-14 00:00:41.282843+00:00, run_end_date=2025-04-14 00:02:19.291664+00:00, run_duration=98.008821, state=success, executor=LocalExecutor(parallelism=32), executor_state=success, try_number=1, max_tries=1, job_id=132, pool=default_pool, queue=default, priority_weight=5, operator=BashOperator, queued_dttm=2025-04-14 00:00:40.973933+00:00, queued_by_job_id=1, pid=27612
[2025-04-13T20:02:19.670-0400] {dagbag.py:588} INFO - Filling up the DagBag from /home/aguan/ontario-sunshine-salary-dashboard/airflow/dags/ingest_data_dag.py
[2025-04-13T20:02:19.707-0400] {task_command.py:467} INFO - Running <TaskInstance: data_ingestion_dag.merge_raw_files_task scheduled__2017-01-01T00:00:00+00:00 [queued]> on host aguan-pc2.
[2025-04-13T20:02:39.785-0400] {scheduler_job_runner.py:435} INFO - 1 tasks up for execution:
	<TaskInstance: data_ingestion_dag.clean_data_task scheduled__2013-01-01T00:00:00+00:00 [scheduled]>
[2025-04-13T20:02:39.786-0400] {scheduler_job_runner.py:507} INFO - DAG data_ingestion_dag has 4/16 running and queued tasks
[2025-04-13T20:02:39.786-0400] {scheduler_job_runner.py:646} INFO - Setting the following tasks to queued state:
	<TaskInstance: data_ingestion_dag.clean_data_task scheduled__2013-01-01T00:00:00+00:00 [scheduled]>
[2025-04-13T20:02:39.787-0400] {scheduler_job_runner.py:748} INFO - Trying to enqueue tasks: [<TaskInstance: data_ingestion_dag.clean_data_task scheduled__2013-01-01T00:00:00+00:00 [scheduled]>] for executor: LocalExecutor(parallelism=32)
[2025-04-13T20:02:39.787-0400] {scheduler_job_runner.py:692} INFO - Sending TaskInstanceKey(dag_id='data_ingestion_dag', task_id='clean_data_task', run_id='scheduled__2013-01-01T00:00:00+00:00', try_number=1, map_index=-1) to LocalExecutor with priority 2 and queue default
[2025-04-13T20:02:39.788-0400] {base_executor.py:169} INFO - Adding to queue: ['airflow', 'tasks', 'run', 'data_ingestion_dag', 'clean_data_task', 'scheduled__2013-01-01T00:00:00+00:00', '--local', '--subdir', 'DAGS_FOLDER/ingest_data_dag.py']
[2025-04-13T20:02:39.791-0400] {scheduler_job_runner.py:776} INFO - Received executor event with state success for task instance TaskInstanceKey(dag_id='data_ingestion_dag', task_id='validate_merge_task', run_id='scheduled__2013-01-01T00:00:00+00:00', try_number=1, map_index=-1)
[2025-04-13T20:02:39.791-0400] {local_executor.py:93} INFO - QueuedLocalWorker running ['airflow', 'tasks', 'run', 'data_ingestion_dag', 'clean_data_task', 'scheduled__2013-01-01T00:00:00+00:00', '--local', '--subdir', 'DAGS_FOLDER/ingest_data_dag.py']
[2025-04-13T20:02:39.795-0400] {scheduler_job_runner.py:813} INFO - TaskInstance Finished: dag_id=data_ingestion_dag, task_id=validate_merge_task, run_id=scheduled__2013-01-01T00:00:00+00:00, map_index=-1, run_start_date=2025-04-14 00:00:09.449540+00:00, run_end_date=2025-04-14 00:02:39.549063+00:00, run_duration=150.099523, state=success, executor=LocalExecutor(parallelism=32), executor_state=success, try_number=1, max_tries=1, job_id=130, pool=default_pool, queue=default, priority_weight=3, operator=BashOperator, queued_dttm=2025-04-14 00:00:09.105667+00:00, queued_by_job_id=1, pid=27491
[2025-04-13T20:02:39.813-0400] {dagbag.py:588} INFO - Filling up the DagBag from /home/aguan/ontario-sunshine-salary-dashboard/airflow/dags/ingest_data_dag.py
[2025-04-13T20:02:39.849-0400] {task_command.py:467} INFO - Running <TaskInstance: data_ingestion_dag.clean_data_task scheduled__2013-01-01T00:00:00+00:00 [queued]> on host aguan-pc2.
[2025-04-13T20:03:36.531-0400] {scheduler_job_runner.py:435} INFO - 1 tasks up for execution:
	<TaskInstance: data_ingestion_dag.clean_data_task scheduled__2014-01-01T00:00:00+00:00 [scheduled]>
[2025-04-13T20:03:36.532-0400] {scheduler_job_runner.py:507} INFO - DAG data_ingestion_dag has 4/16 running and queued tasks
[2025-04-13T20:03:36.532-0400] {scheduler_job_runner.py:646} INFO - Setting the following tasks to queued state:
	<TaskInstance: data_ingestion_dag.clean_data_task scheduled__2014-01-01T00:00:00+00:00 [scheduled]>
[2025-04-13T20:03:36.533-0400] {scheduler_job_runner.py:748} INFO - Trying to enqueue tasks: [<TaskInstance: data_ingestion_dag.clean_data_task scheduled__2014-01-01T00:00:00+00:00 [scheduled]>] for executor: LocalExecutor(parallelism=32)
[2025-04-13T20:03:36.533-0400] {scheduler_job_runner.py:692} INFO - Sending TaskInstanceKey(dag_id='data_ingestion_dag', task_id='clean_data_task', run_id='scheduled__2014-01-01T00:00:00+00:00', try_number=1, map_index=-1) to LocalExecutor with priority 2 and queue default
[2025-04-13T20:03:36.533-0400] {base_executor.py:169} INFO - Adding to queue: ['airflow', 'tasks', 'run', 'data_ingestion_dag', 'clean_data_task', 'scheduled__2014-01-01T00:00:00+00:00', '--local', '--subdir', 'DAGS_FOLDER/ingest_data_dag.py']
[2025-04-13T20:03:36.537-0400] {scheduler_job_runner.py:776} INFO - Received executor event with state success for task instance TaskInstanceKey(dag_id='data_ingestion_dag', task_id='validate_merge_task', run_id='scheduled__2014-01-01T00:00:00+00:00', try_number=1, map_index=-1)
[2025-04-13T20:03:36.537-0400] {local_executor.py:93} INFO - QueuedLocalWorker running ['airflow', 'tasks', 'run', 'data_ingestion_dag', 'clean_data_task', 'scheduled__2014-01-01T00:00:00+00:00', '--local', '--subdir', 'DAGS_FOLDER/ingest_data_dag.py']
[2025-04-13T20:03:36.541-0400] {scheduler_job_runner.py:813} INFO - TaskInstance Finished: dag_id=data_ingestion_dag, task_id=validate_merge_task, run_id=scheduled__2014-01-01T00:00:00+00:00, map_index=-1, run_start_date=2025-04-14 00:01:01.551485+00:00, run_end_date=2025-04-14 00:03:36.252368+00:00, run_duration=154.700883, state=success, executor=LocalExecutor(parallelism=32), executor_state=success, try_number=1, max_tries=1, job_id=133, pool=default_pool, queue=default, priority_weight=3, operator=BashOperator, queued_dttm=2025-04-14 00:01:01.265000+00:00, queued_by_job_id=1, pid=27677
[2025-04-13T20:03:36.566-0400] {dagbag.py:588} INFO - Filling up the DagBag from /home/aguan/ontario-sunshine-salary-dashboard/airflow/dags/ingest_data_dag.py
[2025-04-13T20:03:36.605-0400] {task_command.py:467} INFO - Running <TaskInstance: data_ingestion_dag.clean_data_task scheduled__2014-01-01T00:00:00+00:00 [queued]> on host aguan-pc2.
[2025-04-13T20:04:18.405-0400] {scheduler_job_runner.py:1949} INFO - Adopting or resetting orphaned tasks for active dag runs
[2025-04-13T20:04:42.333-0400] {scheduler_job_runner.py:435} INFO - 1 tasks up for execution:
	<TaskInstance: data_ingestion_dag.clean_data_task scheduled__2015-01-01T00:00:00+00:00 [scheduled]>
[2025-04-13T20:04:42.334-0400] {scheduler_job_runner.py:507} INFO - DAG data_ingestion_dag has 4/16 running and queued tasks
[2025-04-13T20:04:42.334-0400] {scheduler_job_runner.py:646} INFO - Setting the following tasks to queued state:
	<TaskInstance: data_ingestion_dag.clean_data_task scheduled__2015-01-01T00:00:00+00:00 [scheduled]>
[2025-04-13T20:04:42.335-0400] {scheduler_job_runner.py:748} INFO - Trying to enqueue tasks: [<TaskInstance: data_ingestion_dag.clean_data_task scheduled__2015-01-01T00:00:00+00:00 [scheduled]>] for executor: LocalExecutor(parallelism=32)
[2025-04-13T20:04:42.336-0400] {scheduler_job_runner.py:692} INFO - Sending TaskInstanceKey(dag_id='data_ingestion_dag', task_id='clean_data_task', run_id='scheduled__2015-01-01T00:00:00+00:00', try_number=1, map_index=-1) to LocalExecutor with priority 2 and queue default
[2025-04-13T20:04:42.336-0400] {base_executor.py:169} INFO - Adding to queue: ['airflow', 'tasks', 'run', 'data_ingestion_dag', 'clean_data_task', 'scheduled__2015-01-01T00:00:00+00:00', '--local', '--subdir', 'DAGS_FOLDER/ingest_data_dag.py']
[2025-04-13T20:04:42.339-0400] {scheduler_job_runner.py:776} INFO - Received executor event with state success for task instance TaskInstanceKey(dag_id='data_ingestion_dag', task_id='validate_merge_task', run_id='scheduled__2015-01-01T00:00:00+00:00', try_number=1, map_index=-1)
[2025-04-13T20:04:42.339-0400] {local_executor.py:93} INFO - QueuedLocalWorker running ['airflow', 'tasks', 'run', 'data_ingestion_dag', 'clean_data_task', 'scheduled__2015-01-01T00:00:00+00:00', '--local', '--subdir', 'DAGS_FOLDER/ingest_data_dag.py']
[2025-04-13T20:04:42.342-0400] {scheduler_job_runner.py:813} INFO - TaskInstance Finished: dag_id=data_ingestion_dag, task_id=validate_merge_task, run_id=scheduled__2015-01-01T00:00:00+00:00, map_index=-1, run_start_date=2025-04-14 00:02:07.754456+00:00, run_end_date=2025-04-14 00:04:41.993205+00:00, run_duration=154.238749, state=success, executor=LocalExecutor(parallelism=32), executor_state=success, try_number=1, max_tries=1, job_id=134, pool=default_pool, queue=default, priority_weight=3, operator=BashOperator, queued_dttm=2025-04-14 00:02:07.492287+00:00, queued_by_job_id=1, pid=27901
[2025-04-13T20:04:42.372-0400] {dagbag.py:588} INFO - Filling up the DagBag from /home/aguan/ontario-sunshine-salary-dashboard/airflow/dags/ingest_data_dag.py
[2025-04-13T20:04:42.418-0400] {task_command.py:467} INFO - Running <TaskInstance: data_ingestion_dag.clean_data_task scheduled__2015-01-01T00:00:00+00:00 [queued]> on host aguan-pc2.
[2025-04-13T20:04:50.360-0400] {scheduler_job_runner.py:435} INFO - 1 tasks up for execution:
	<TaskInstance: data_ingestion_dag.clean_data_task scheduled__2016-01-01T00:00:00+00:00 [scheduled]>
[2025-04-13T20:04:50.361-0400] {scheduler_job_runner.py:507} INFO - DAG data_ingestion_dag has 4/16 running and queued tasks
[2025-04-13T20:04:50.361-0400] {scheduler_job_runner.py:646} INFO - Setting the following tasks to queued state:
	<TaskInstance: data_ingestion_dag.clean_data_task scheduled__2016-01-01T00:00:00+00:00 [scheduled]>
[2025-04-13T20:04:50.363-0400] {scheduler_job_runner.py:748} INFO - Trying to enqueue tasks: [<TaskInstance: data_ingestion_dag.clean_data_task scheduled__2016-01-01T00:00:00+00:00 [scheduled]>] for executor: LocalExecutor(parallelism=32)
[2025-04-13T20:04:50.363-0400] {scheduler_job_runner.py:692} INFO - Sending TaskInstanceKey(dag_id='data_ingestion_dag', task_id='clean_data_task', run_id='scheduled__2016-01-01T00:00:00+00:00', try_number=1, map_index=-1) to LocalExecutor with priority 2 and queue default
[2025-04-13T20:04:50.363-0400] {base_executor.py:169} INFO - Adding to queue: ['airflow', 'tasks', 'run', 'data_ingestion_dag', 'clean_data_task', 'scheduled__2016-01-01T00:00:00+00:00', '--local', '--subdir', 'DAGS_FOLDER/ingest_data_dag.py']
[2025-04-13T20:04:50.366-0400] {scheduler_job_runner.py:776} INFO - Received executor event with state success for task instance TaskInstanceKey(dag_id='data_ingestion_dag', task_id='validate_merge_task', run_id='scheduled__2016-01-01T00:00:00+00:00', try_number=1, map_index=-1)
[2025-04-13T20:04:50.366-0400] {local_executor.py:93} INFO - QueuedLocalWorker running ['airflow', 'tasks', 'run', 'data_ingestion_dag', 'clean_data_task', 'scheduled__2016-01-01T00:00:00+00:00', '--local', '--subdir', 'DAGS_FOLDER/ingest_data_dag.py']
[2025-04-13T20:04:50.370-0400] {scheduler_job_runner.py:813} INFO - TaskInstance Finished: dag_id=data_ingestion_dag, task_id=validate_merge_task, run_id=scheduled__2016-01-01T00:00:00+00:00, map_index=-1, run_start_date=2025-04-14 00:02:17.813615+00:00, run_end_date=2025-04-14 00:04:50.144016+00:00, run_duration=152.330401, state=success, executor=LocalExecutor(parallelism=32), executor_state=success, try_number=1, max_tries=1, job_id=135, pool=default_pool, queue=default, priority_weight=3, operator=BashOperator, queued_dttm=2025-04-14 00:02:17.563343+00:00, queued_by_job_id=1, pid=27953
[2025-04-13T20:04:50.389-0400] {dagbag.py:588} INFO - Filling up the DagBag from /home/aguan/ontario-sunshine-salary-dashboard/airflow/dags/ingest_data_dag.py
[2025-04-13T20:04:50.431-0400] {task_command.py:467} INFO - Running <TaskInstance: data_ingestion_dag.clean_data_task scheduled__2016-01-01T00:00:00+00:00 [queued]> on host aguan-pc2.
[2025-04-13T20:06:59.362-0400] {scheduler_job_runner.py:435} INFO - 1 tasks up for execution:
	<TaskInstance: data_ingestion_dag.validate_clean_task scheduled__2013-01-01T00:00:00+00:00 [scheduled]>
[2025-04-13T20:06:59.362-0400] {scheduler_job_runner.py:507} INFO - DAG data_ingestion_dag has 4/16 running and queued tasks
[2025-04-13T20:06:59.362-0400] {scheduler_job_runner.py:646} INFO - Setting the following tasks to queued state:
	<TaskInstance: data_ingestion_dag.validate_clean_task scheduled__2013-01-01T00:00:00+00:00 [scheduled]>
[2025-04-13T20:06:59.363-0400] {scheduler_job_runner.py:748} INFO - Trying to enqueue tasks: [<TaskInstance: data_ingestion_dag.validate_clean_task scheduled__2013-01-01T00:00:00+00:00 [scheduled]>] for executor: LocalExecutor(parallelism=32)
[2025-04-13T20:06:59.363-0400] {scheduler_job_runner.py:692} INFO - Sending TaskInstanceKey(dag_id='data_ingestion_dag', task_id='validate_clean_task', run_id='scheduled__2013-01-01T00:00:00+00:00', try_number=1, map_index=-1) to LocalExecutor with priority 1 and queue default
[2025-04-13T20:06:59.364-0400] {base_executor.py:169} INFO - Adding to queue: ['airflow', 'tasks', 'run', 'data_ingestion_dag', 'validate_clean_task', 'scheduled__2013-01-01T00:00:00+00:00', '--local', '--subdir', 'DAGS_FOLDER/ingest_data_dag.py']
[2025-04-13T20:06:59.366-0400] {scheduler_job_runner.py:776} INFO - Received executor event with state success for task instance TaskInstanceKey(dag_id='data_ingestion_dag', task_id='clean_data_task', run_id='scheduled__2013-01-01T00:00:00+00:00', try_number=1, map_index=-1)
[2025-04-13T20:06:59.366-0400] {local_executor.py:93} INFO - QueuedLocalWorker running ['airflow', 'tasks', 'run', 'data_ingestion_dag', 'validate_clean_task', 'scheduled__2013-01-01T00:00:00+00:00', '--local', '--subdir', 'DAGS_FOLDER/ingest_data_dag.py']
[2025-04-13T20:06:59.370-0400] {scheduler_job_runner.py:813} INFO - TaskInstance Finished: dag_id=data_ingestion_dag, task_id=clean_data_task, run_id=scheduled__2013-01-01T00:00:00+00:00, map_index=-1, run_start_date=2025-04-14 00:02:40.019203+00:00, run_end_date=2025-04-14 00:06:58.905613+00:00, run_duration=258.88641, state=success, executor=LocalExecutor(parallelism=32), executor_state=success, try_number=1, max_tries=1, job_id=137, pool=default_pool, queue=default, priority_weight=2, operator=BashOperator, queued_dttm=2025-04-14 00:02:39.786858+00:00, queued_by_job_id=1, pid=28080
[2025-04-13T20:06:59.399-0400] {dagbag.py:588} INFO - Filling up the DagBag from /home/aguan/ontario-sunshine-salary-dashboard/airflow/dags/ingest_data_dag.py
[2025-04-13T20:06:59.447-0400] {task_command.py:467} INFO - Running <TaskInstance: data_ingestion_dag.validate_clean_task scheduled__2013-01-01T00:00:00+00:00 [queued]> on host aguan-pc2.
[2025-04-13T20:08:01.850-0400] {scheduler_job_runner.py:435} INFO - 1 tasks up for execution:
	<TaskInstance: data_ingestion_dag.validate_merge_task scheduled__2017-01-01T00:00:00+00:00 [scheduled]>
[2025-04-13T20:08:01.851-0400] {scheduler_job_runner.py:507} INFO - DAG data_ingestion_dag has 4/16 running and queued tasks
[2025-04-13T20:08:01.851-0400] {scheduler_job_runner.py:646} INFO - Setting the following tasks to queued state:
	<TaskInstance: data_ingestion_dag.validate_merge_task scheduled__2017-01-01T00:00:00+00:00 [scheduled]>
[2025-04-13T20:08:01.852-0400] {scheduler_job_runner.py:748} INFO - Trying to enqueue tasks: [<TaskInstance: data_ingestion_dag.validate_merge_task scheduled__2017-01-01T00:00:00+00:00 [scheduled]>] for executor: LocalExecutor(parallelism=32)
[2025-04-13T20:08:01.853-0400] {scheduler_job_runner.py:692} INFO - Sending TaskInstanceKey(dag_id='data_ingestion_dag', task_id='validate_merge_task', run_id='scheduled__2017-01-01T00:00:00+00:00', try_number=1, map_index=-1) to LocalExecutor with priority 3 and queue default
[2025-04-13T20:08:01.853-0400] {base_executor.py:169} INFO - Adding to queue: ['airflow', 'tasks', 'run', 'data_ingestion_dag', 'validate_merge_task', 'scheduled__2017-01-01T00:00:00+00:00', '--local', '--subdir', 'DAGS_FOLDER/ingest_data_dag.py']
[2025-04-13T20:08:01.856-0400] {scheduler_job_runner.py:776} INFO - Received executor event with state success for task instance TaskInstanceKey(dag_id='data_ingestion_dag', task_id='merge_raw_files_task', run_id='scheduled__2017-01-01T00:00:00+00:00', try_number=1, map_index=-1)
[2025-04-13T20:08:01.856-0400] {local_executor.py:93} INFO - QueuedLocalWorker running ['airflow', 'tasks', 'run', 'data_ingestion_dag', 'validate_merge_task', 'scheduled__2017-01-01T00:00:00+00:00', '--local', '--subdir', 'DAGS_FOLDER/ingest_data_dag.py']
[2025-04-13T20:08:01.859-0400] {scheduler_job_runner.py:813} INFO - TaskInstance Finished: dag_id=data_ingestion_dag, task_id=merge_raw_files_task, run_id=scheduled__2017-01-01T00:00:00+00:00, map_index=-1, run_start_date=2025-04-14 00:02:19.881481+00:00, run_end_date=2025-04-14 00:08:01.176279+00:00, run_duration=341.294798, state=success, executor=LocalExecutor(parallelism=32), executor_state=success, try_number=1, max_tries=1, job_id=136, pool=default_pool, queue=default, priority_weight=4, operator=BashOperator, queued_dttm=2025-04-14 00:02:19.646294+00:00, queued_by_job_id=1, pid=27979
[2025-04-13T20:08:01.878-0400] {dagbag.py:588} INFO - Filling up the DagBag from /home/aguan/ontario-sunshine-salary-dashboard/airflow/dags/ingest_data_dag.py
[2025-04-13T20:08:01.920-0400] {task_command.py:467} INFO - Running <TaskInstance: data_ingestion_dag.validate_merge_task scheduled__2017-01-01T00:00:00+00:00 [queued]> on host aguan-pc2.
[2025-04-13T20:08:15.192-0400] {dagrun.py:854} INFO - Marking run <DagRun data_ingestion_dag @ 2013-01-01 00:00:00+00:00: scheduled__2013-01-01T00:00:00+00:00, state:running, queued_at: 2025-04-13 23:52:13.964659+00:00. externally triggered: False> successful
[2025-04-13T20:08:15.192-0400] {dagrun.py:905} INFO - DagRun Finished: dag_id=data_ingestion_dag, execution_date=2013-01-01 00:00:00+00:00, run_id=scheduled__2013-01-01T00:00:00+00:00, run_start_date=2025-04-13 23:52:13.977810+00:00, run_end_date=2025-04-14 00:08:15.192559+00:00, run_duration=961.214749, state=success, external_trigger=False, run_type=scheduled, data_interval_start=2013-01-01 00:00:00+00:00, data_interval_end=2014-01-01 00:00:00+00:00, dag_hash=bcef3e37f1accf53097d562d78be0b2d
[2025-04-13T20:08:15.194-0400] {dag.py:4180} INFO - Setting next_dagrun for data_ingestion_dag to 2014-01-01 00:00:00+00:00, run_after=2015-01-01 00:00:00+00:00
[2025-04-13T20:08:15.225-0400] {scheduler_job_runner.py:776} INFO - Received executor event with state success for task instance TaskInstanceKey(dag_id='data_ingestion_dag', task_id='validate_clean_task', run_id='scheduled__2013-01-01T00:00:00+00:00', try_number=1, map_index=-1)
[2025-04-13T20:08:15.229-0400] {scheduler_job_runner.py:813} INFO - TaskInstance Finished: dag_id=data_ingestion_dag, task_id=validate_clean_task, run_id=scheduled__2013-01-01T00:00:00+00:00, map_index=-1, run_start_date=2025-04-14 00:06:59.643034+00:00, run_end_date=2025-04-14 00:08:14.226575+00:00, run_duration=74.583541, state=success, executor=LocalExecutor(parallelism=32), executor_state=success, try_number=1, max_tries=1, job_id=141, pool=default_pool, queue=default, priority_weight=1, operator=BashOperator, queued_dttm=2025-04-14 00:06:59.362881+00:00, queued_by_job_id=1, pid=29026
[2025-04-13T20:08:15.955-0400] {dag.py:4180} INFO - Setting next_dagrun for data_ingestion_dag to 2015-01-01 00:00:00+00:00, run_after=2016-01-01 00:00:00+00:00
[2025-04-13T20:08:17.019-0400] {dag.py:4180} INFO - Setting next_dagrun for data_ingestion_dag to 2016-01-01 00:00:00+00:00, run_after=2017-01-01 00:00:00+00:00
[2025-04-13T20:08:18.083-0400] {dag.py:4180} INFO - Setting next_dagrun for data_ingestion_dag to 2017-01-01 00:00:00+00:00, run_after=2018-01-01 00:00:00+00:00
[2025-04-13T20:08:18.782-0400] {dag.py:4180} INFO - Setting next_dagrun for data_ingestion_dag to 2018-01-01 00:00:00+00:00, run_after=2019-01-01 00:00:00+00:00
[2025-04-13T20:08:19.849-0400] {scheduler_job_runner.py:1526} INFO - DAG data_ingestion_dag is at (or above) max_active_runs (5 of 5), not creating any more runs
[2025-04-13T20:08:19.900-0400] {scheduler_job_runner.py:435} INFO - 2 tasks up for execution:
	<TaskInstance: data_ingestion_dag.ingest_data_task scheduled__2018-01-01T00:00:00+00:00 [scheduled]>
	<TaskInstance: data_ingestion_dag.validate_clean_task scheduled__2014-01-01T00:00:00+00:00 [scheduled]>
[2025-04-13T20:08:19.900-0400] {scheduler_job_runner.py:507} INFO - DAG data_ingestion_dag has 3/16 running and queued tasks
[2025-04-13T20:08:19.900-0400] {scheduler_job_runner.py:507} INFO - DAG data_ingestion_dag has 4/16 running and queued tasks
[2025-04-13T20:08:19.900-0400] {scheduler_job_runner.py:646} INFO - Setting the following tasks to queued state:
	<TaskInstance: data_ingestion_dag.ingest_data_task scheduled__2018-01-01T00:00:00+00:00 [scheduled]>
	<TaskInstance: data_ingestion_dag.validate_clean_task scheduled__2014-01-01T00:00:00+00:00 [scheduled]>
[2025-04-13T20:08:19.902-0400] {scheduler_job_runner.py:748} INFO - Trying to enqueue tasks: [<TaskInstance: data_ingestion_dag.ingest_data_task scheduled__2018-01-01T00:00:00+00:00 [scheduled]>, <TaskInstance: data_ingestion_dag.validate_clean_task scheduled__2014-01-01T00:00:00+00:00 [scheduled]>] for executor: LocalExecutor(parallelism=32)
[2025-04-13T20:08:19.903-0400] {scheduler_job_runner.py:692} INFO - Sending TaskInstanceKey(dag_id='data_ingestion_dag', task_id='ingest_data_task', run_id='scheduled__2018-01-01T00:00:00+00:00', try_number=1, map_index=-1) to LocalExecutor with priority 6 and queue default
[2025-04-13T20:08:19.903-0400] {base_executor.py:169} INFO - Adding to queue: ['airflow', 'tasks', 'run', 'data_ingestion_dag', 'ingest_data_task', 'scheduled__2018-01-01T00:00:00+00:00', '--local', '--subdir', 'DAGS_FOLDER/ingest_data_dag.py']
[2025-04-13T20:08:19.903-0400] {scheduler_job_runner.py:692} INFO - Sending TaskInstanceKey(dag_id='data_ingestion_dag', task_id='validate_clean_task', run_id='scheduled__2014-01-01T00:00:00+00:00', try_number=1, map_index=-1) to LocalExecutor with priority 1 and queue default
[2025-04-13T20:08:19.903-0400] {base_executor.py:169} INFO - Adding to queue: ['airflow', 'tasks', 'run', 'data_ingestion_dag', 'validate_clean_task', 'scheduled__2014-01-01T00:00:00+00:00', '--local', '--subdir', 'DAGS_FOLDER/ingest_data_dag.py']
[2025-04-13T20:08:19.906-0400] {local_executor.py:93} INFO - QueuedLocalWorker running ['airflow', 'tasks', 'run', 'data_ingestion_dag', 'ingest_data_task', 'scheduled__2018-01-01T00:00:00+00:00', '--local', '--subdir', 'DAGS_FOLDER/ingest_data_dag.py']
[2025-04-13T20:08:19.906-0400] {scheduler_job_runner.py:776} INFO - Received executor event with state success for task instance TaskInstanceKey(dag_id='data_ingestion_dag', task_id='clean_data_task', run_id='scheduled__2014-01-01T00:00:00+00:00', try_number=1, map_index=-1)
[2025-04-13T20:08:19.906-0400] {local_executor.py:93} INFO - QueuedLocalWorker running ['airflow', 'tasks', 'run', 'data_ingestion_dag', 'validate_clean_task', 'scheduled__2014-01-01T00:00:00+00:00', '--local', '--subdir', 'DAGS_FOLDER/ingest_data_dag.py']
[2025-04-13T20:08:19.910-0400] {scheduler_job_runner.py:813} INFO - TaskInstance Finished: dag_id=data_ingestion_dag, task_id=clean_data_task, run_id=scheduled__2014-01-01T00:00:00+00:00, map_index=-1, run_start_date=2025-04-14 00:03:36.776425+00:00, run_end_date=2025-04-14 00:08:19.339872+00:00, run_duration=282.563447, state=success, executor=LocalExecutor(parallelism=32), executor_state=success, try_number=1, max_tries=1, job_id=138, pool=default_pool, queue=default, priority_weight=2, operator=BashOperator, queued_dttm=2025-04-14 00:03:36.532537+00:00, queued_by_job_id=1, pid=28286
[2025-04-13T20:08:19.928-0400] {dagbag.py:588} INFO - Filling up the DagBag from /home/aguan/ontario-sunshine-salary-dashboard/airflow/dags/ingest_data_dag.py
[2025-04-13T20:08:19.929-0400] {dagbag.py:588} INFO - Filling up the DagBag from /home/aguan/ontario-sunshine-salary-dashboard/airflow/dags/ingest_data_dag.py
[2025-04-13T20:08:19.970-0400] {task_command.py:467} INFO - Running <TaskInstance: data_ingestion_dag.validate_clean_task scheduled__2014-01-01T00:00:00+00:00 [queued]> on host aguan-pc2.
[2025-04-13T20:08:19.970-0400] {task_command.py:467} INFO - Running <TaskInstance: data_ingestion_dag.ingest_data_task scheduled__2018-01-01T00:00:00+00:00 [queued]> on host aguan-pc2.
[2025-04-13T20:08:22.097-0400] {scheduler_job_runner.py:435} INFO - 1 tasks up for execution:
	<TaskInstance: data_ingestion_dag.upload_raw_to_gcs_task scheduled__2018-01-01T00:00:00+00:00 [scheduled]>
[2025-04-13T20:08:22.097-0400] {scheduler_job_runner.py:507} INFO - DAG data_ingestion_dag has 4/16 running and queued tasks
[2025-04-13T20:08:22.098-0400] {scheduler_job_runner.py:646} INFO - Setting the following tasks to queued state:
	<TaskInstance: data_ingestion_dag.upload_raw_to_gcs_task scheduled__2018-01-01T00:00:00+00:00 [scheduled]>
[2025-04-13T20:08:22.099-0400] {scheduler_job_runner.py:748} INFO - Trying to enqueue tasks: [<TaskInstance: data_ingestion_dag.upload_raw_to_gcs_task scheduled__2018-01-01T00:00:00+00:00 [scheduled]>] for executor: LocalExecutor(parallelism=32)
[2025-04-13T20:08:22.099-0400] {scheduler_job_runner.py:692} INFO - Sending TaskInstanceKey(dag_id='data_ingestion_dag', task_id='upload_raw_to_gcs_task', run_id='scheduled__2018-01-01T00:00:00+00:00', try_number=1, map_index=-1) to LocalExecutor with priority 5 and queue default
[2025-04-13T20:08:22.099-0400] {base_executor.py:169} INFO - Adding to queue: ['airflow', 'tasks', 'run', 'data_ingestion_dag', 'upload_raw_to_gcs_task', 'scheduled__2018-01-01T00:00:00+00:00', '--local', '--subdir', 'DAGS_FOLDER/ingest_data_dag.py']
[2025-04-13T20:08:22.102-0400] {local_executor.py:93} INFO - QueuedLocalWorker running ['airflow', 'tasks', 'run', 'data_ingestion_dag', 'upload_raw_to_gcs_task', 'scheduled__2018-01-01T00:00:00+00:00', '--local', '--subdir', 'DAGS_FOLDER/ingest_data_dag.py']
[2025-04-13T20:08:22.102-0400] {scheduler_job_runner.py:776} INFO - Received executor event with state success for task instance TaskInstanceKey(dag_id='data_ingestion_dag', task_id='ingest_data_task', run_id='scheduled__2018-01-01T00:00:00+00:00', try_number=1, map_index=-1)
[2025-04-13T20:08:22.105-0400] {scheduler_job_runner.py:813} INFO - TaskInstance Finished: dag_id=data_ingestion_dag, task_id=ingest_data_task, run_id=scheduled__2018-01-01T00:00:00+00:00, map_index=-1, run_start_date=2025-04-14 00:08:20.136057+00:00, run_end_date=2025-04-14 00:08:21.683309+00:00, run_duration=1.547252, state=success, executor=LocalExecutor(parallelism=32), executor_state=success, try_number=1, max_tries=1, job_id=143, pool=default_pool, queue=default, priority_weight=6, operator=BashOperator, queued_dttm=2025-04-14 00:08:19.901352+00:00, queued_by_job_id=1, pid=29315
[2025-04-13T20:08:22.124-0400] {dagbag.py:588} INFO - Filling up the DagBag from /home/aguan/ontario-sunshine-salary-dashboard/airflow/dags/ingest_data_dag.py
[2025-04-13T20:08:22.161-0400] {task_command.py:467} INFO - Running <TaskInstance: data_ingestion_dag.upload_raw_to_gcs_task scheduled__2018-01-01T00:00:00+00:00 [queued]> on host aguan-pc2.
[2025-04-13T20:08:51.144-0400] {scheduler_job_runner.py:435} INFO - 1 tasks up for execution:
	<TaskInstance: data_ingestion_dag.validate_clean_task scheduled__2015-01-01T00:00:00+00:00 [scheduled]>
[2025-04-13T20:08:51.145-0400] {scheduler_job_runner.py:507} INFO - DAG data_ingestion_dag has 4/16 running and queued tasks
[2025-04-13T20:08:51.145-0400] {scheduler_job_runner.py:646} INFO - Setting the following tasks to queued state:
	<TaskInstance: data_ingestion_dag.validate_clean_task scheduled__2015-01-01T00:00:00+00:00 [scheduled]>
[2025-04-13T20:08:51.146-0400] {scheduler_job_runner.py:748} INFO - Trying to enqueue tasks: [<TaskInstance: data_ingestion_dag.validate_clean_task scheduled__2015-01-01T00:00:00+00:00 [scheduled]>] for executor: LocalExecutor(parallelism=32)
[2025-04-13T20:08:51.147-0400] {scheduler_job_runner.py:692} INFO - Sending TaskInstanceKey(dag_id='data_ingestion_dag', task_id='validate_clean_task', run_id='scheduled__2015-01-01T00:00:00+00:00', try_number=1, map_index=-1) to LocalExecutor with priority 1 and queue default
[2025-04-13T20:08:51.147-0400] {base_executor.py:169} INFO - Adding to queue: ['airflow', 'tasks', 'run', 'data_ingestion_dag', 'validate_clean_task', 'scheduled__2015-01-01T00:00:00+00:00', '--local', '--subdir', 'DAGS_FOLDER/ingest_data_dag.py']
[2025-04-13T20:08:51.150-0400] {scheduler_job_runner.py:776} INFO - Received executor event with state success for task instance TaskInstanceKey(dag_id='data_ingestion_dag', task_id='clean_data_task', run_id='scheduled__2015-01-01T00:00:00+00:00', try_number=1, map_index=-1)
[2025-04-13T20:08:51.150-0400] {local_executor.py:93} INFO - QueuedLocalWorker running ['airflow', 'tasks', 'run', 'data_ingestion_dag', 'validate_clean_task', 'scheduled__2015-01-01T00:00:00+00:00', '--local', '--subdir', 'DAGS_FOLDER/ingest_data_dag.py']
[2025-04-13T20:08:51.153-0400] {scheduler_job_runner.py:813} INFO - TaskInstance Finished: dag_id=data_ingestion_dag, task_id=clean_data_task, run_id=scheduled__2015-01-01T00:00:00+00:00, map_index=-1, run_start_date=2025-04-14 00:04:42.608809+00:00, run_end_date=2025-04-14 00:08:50.527719+00:00, run_duration=247.91891, state=success, executor=LocalExecutor(parallelism=32), executor_state=success, try_number=1, max_tries=1, job_id=139, pool=default_pool, queue=default, priority_weight=2, operator=BashOperator, queued_dttm=2025-04-14 00:04:42.334688+00:00, queued_by_job_id=1, pid=28533
[2025-04-13T20:08:51.171-0400] {dagbag.py:588} INFO - Filling up the DagBag from /home/aguan/ontario-sunshine-salary-dashboard/airflow/dags/ingest_data_dag.py
[2025-04-13T20:08:51.207-0400] {task_command.py:467} INFO - Running <TaskInstance: data_ingestion_dag.validate_clean_task scheduled__2015-01-01T00:00:00+00:00 [queued]> on host aguan-pc2.
[2025-04-13T20:09:04.742-0400] {scheduler_job_runner.py:435} INFO - 1 tasks up for execution:
	<TaskInstance: data_ingestion_dag.validate_clean_task scheduled__2016-01-01T00:00:00+00:00 [scheduled]>
[2025-04-13T20:09:04.743-0400] {scheduler_job_runner.py:507} INFO - DAG data_ingestion_dag has 4/16 running and queued tasks
[2025-04-13T20:09:04.743-0400] {scheduler_job_runner.py:646} INFO - Setting the following tasks to queued state:
	<TaskInstance: data_ingestion_dag.validate_clean_task scheduled__2016-01-01T00:00:00+00:00 [scheduled]>
[2025-04-13T20:09:04.744-0400] {scheduler_job_runner.py:748} INFO - Trying to enqueue tasks: [<TaskInstance: data_ingestion_dag.validate_clean_task scheduled__2016-01-01T00:00:00+00:00 [scheduled]>] for executor: LocalExecutor(parallelism=32)
[2025-04-13T20:09:04.744-0400] {scheduler_job_runner.py:692} INFO - Sending TaskInstanceKey(dag_id='data_ingestion_dag', task_id='validate_clean_task', run_id='scheduled__2016-01-01T00:00:00+00:00', try_number=1, map_index=-1) to LocalExecutor with priority 1 and queue default
[2025-04-13T20:09:04.744-0400] {base_executor.py:169} INFO - Adding to queue: ['airflow', 'tasks', 'run', 'data_ingestion_dag', 'validate_clean_task', 'scheduled__2016-01-01T00:00:00+00:00', '--local', '--subdir', 'DAGS_FOLDER/ingest_data_dag.py']
[2025-04-13T20:09:04.747-0400] {scheduler_job_runner.py:776} INFO - Received executor event with state success for task instance TaskInstanceKey(dag_id='data_ingestion_dag', task_id='clean_data_task', run_id='scheduled__2016-01-01T00:00:00+00:00', try_number=1, map_index=-1)
[2025-04-13T20:09:04.747-0400] {local_executor.py:93} INFO - QueuedLocalWorker running ['airflow', 'tasks', 'run', 'data_ingestion_dag', 'validate_clean_task', 'scheduled__2016-01-01T00:00:00+00:00', '--local', '--subdir', 'DAGS_FOLDER/ingest_data_dag.py']
[2025-04-13T20:09:04.750-0400] {scheduler_job_runner.py:813} INFO - TaskInstance Finished: dag_id=data_ingestion_dag, task_id=clean_data_task, run_id=scheduled__2016-01-01T00:00:00+00:00, map_index=-1, run_start_date=2025-04-14 00:04:50.629181+00:00, run_end_date=2025-04-14 00:09:03.767231+00:00, run_duration=253.13805, state=success, executor=LocalExecutor(parallelism=32), executor_state=success, try_number=1, max_tries=1, job_id=140, pool=default_pool, queue=default, priority_weight=2, operator=BashOperator, queued_dttm=2025-04-14 00:04:50.362137+00:00, queued_by_job_id=1, pid=28597
[2025-04-13T20:09:04.767-0400] {dagbag.py:588} INFO - Filling up the DagBag from /home/aguan/ontario-sunshine-salary-dashboard/airflow/dags/ingest_data_dag.py
[2025-04-13T20:09:04.803-0400] {task_command.py:467} INFO - Running <TaskInstance: data_ingestion_dag.validate_clean_task scheduled__2016-01-01T00:00:00+00:00 [queued]> on host aguan-pc2.
[2025-04-13T20:09:18.554-0400] {scheduler_job_runner.py:1949} INFO - Adopting or resetting orphaned tasks for active dag runs
[2025-04-13T20:09:36.151-0400] {dagrun.py:854} INFO - Marking run <DagRun data_ingestion_dag @ 2014-01-01 00:00:00+00:00: scheduled__2014-01-01T00:00:00+00:00, state:running, queued_at: 2025-04-13 23:52:54.400004+00:00. externally triggered: False> successful
[2025-04-13T20:09:36.152-0400] {dagrun.py:905} INFO - DagRun Finished: dag_id=data_ingestion_dag, execution_date=2014-01-01 00:00:00+00:00, run_id=scheduled__2014-01-01T00:00:00+00:00, run_start_date=2025-04-13 23:52:54.411553+00:00, run_end_date=2025-04-14 00:09:36.152057+00:00, run_duration=1001.740504, state=success, external_trigger=False, run_type=scheduled, data_interval_start=2014-01-01 00:00:00+00:00, data_interval_end=2015-01-01 00:00:00+00:00, dag_hash=bcef3e37f1accf53097d562d78be0b2d
[2025-04-13T20:09:36.154-0400] {dag.py:4180} INFO - Setting next_dagrun for data_ingestion_dag to 2015-01-01 00:00:00+00:00, run_after=2016-01-01 00:00:00+00:00
[2025-04-13T20:09:36.181-0400] {scheduler_job_runner.py:776} INFO - Received executor event with state success for task instance TaskInstanceKey(dag_id='data_ingestion_dag', task_id='validate_clean_task', run_id='scheduled__2014-01-01T00:00:00+00:00', try_number=1, map_index=-1)
[2025-04-13T20:09:36.185-0400] {scheduler_job_runner.py:813} INFO - TaskInstance Finished: dag_id=data_ingestion_dag, task_id=validate_clean_task, run_id=scheduled__2014-01-01T00:00:00+00:00, map_index=-1, run_start_date=2025-04-14 00:08:20.138762+00:00, run_end_date=2025-04-14 00:09:35.199936+00:00, run_duration=75.061174, state=success, executor=LocalExecutor(parallelism=32), executor_state=success, try_number=1, max_tries=1, job_id=144, pool=default_pool, queue=default, priority_weight=1, operator=BashOperator, queued_dttm=2025-04-14 00:08:19.901352+00:00, queued_by_job_id=1, pid=29317
[2025-04-13T20:09:36.979-0400] {dag.py:4180} INFO - Setting next_dagrun for data_ingestion_dag to 2016-01-01 00:00:00+00:00, run_after=2017-01-01 00:00:00+00:00
[2025-04-13T20:09:38.039-0400] {dag.py:4180} INFO - Setting next_dagrun for data_ingestion_dag to 2017-01-01 00:00:00+00:00, run_after=2018-01-01 00:00:00+00:00
[2025-04-13T20:09:38.341-0400] {dag.py:4180} INFO - Setting next_dagrun for data_ingestion_dag to 2018-01-01 00:00:00+00:00, run_after=2019-01-01 00:00:00+00:00
[2025-04-13T20:09:39.283-0400] {dag.py:4180} INFO - Setting next_dagrun for data_ingestion_dag to 2019-01-01 00:00:00+00:00, run_after=2020-01-01 00:00:00+00:00
[2025-04-13T20:09:40.342-0400] {scheduler_job_runner.py:1526} INFO - DAG data_ingestion_dag is at (or above) max_active_runs (5 of 5), not creating any more runs
[2025-04-13T20:09:40.385-0400] {scheduler_job_runner.py:435} INFO - 1 tasks up for execution:
	<TaskInstance: data_ingestion_dag.ingest_data_task scheduled__2019-01-01T00:00:00+00:00 [scheduled]>
[2025-04-13T20:09:40.385-0400] {scheduler_job_runner.py:507} INFO - DAG data_ingestion_dag has 4/16 running and queued tasks
[2025-04-13T20:09:40.385-0400] {scheduler_job_runner.py:646} INFO - Setting the following tasks to queued state:
	<TaskInstance: data_ingestion_dag.ingest_data_task scheduled__2019-01-01T00:00:00+00:00 [scheduled]>
[2025-04-13T20:09:40.386-0400] {scheduler_job_runner.py:748} INFO - Trying to enqueue tasks: [<TaskInstance: data_ingestion_dag.ingest_data_task scheduled__2019-01-01T00:00:00+00:00 [scheduled]>] for executor: LocalExecutor(parallelism=32)
[2025-04-13T20:09:40.387-0400] {scheduler_job_runner.py:692} INFO - Sending TaskInstanceKey(dag_id='data_ingestion_dag', task_id='ingest_data_task', run_id='scheduled__2019-01-01T00:00:00+00:00', try_number=1, map_index=-1) to LocalExecutor with priority 6 and queue default
[2025-04-13T20:09:40.387-0400] {base_executor.py:169} INFO - Adding to queue: ['airflow', 'tasks', 'run', 'data_ingestion_dag', 'ingest_data_task', 'scheduled__2019-01-01T00:00:00+00:00', '--local', '--subdir', 'DAGS_FOLDER/ingest_data_dag.py']
[2025-04-13T20:09:40.389-0400] {local_executor.py:93} INFO - QueuedLocalWorker running ['airflow', 'tasks', 'run', 'data_ingestion_dag', 'ingest_data_task', 'scheduled__2019-01-01T00:00:00+00:00', '--local', '--subdir', 'DAGS_FOLDER/ingest_data_dag.py']
[2025-04-13T20:09:40.409-0400] {dagbag.py:588} INFO - Filling up the DagBag from /home/aguan/ontario-sunshine-salary-dashboard/airflow/dags/ingest_data_dag.py
[2025-04-13T20:09:40.445-0400] {task_command.py:467} INFO - Running <TaskInstance: data_ingestion_dag.ingest_data_task scheduled__2019-01-01T00:00:00+00:00 [queued]> on host aguan-pc2.
[2025-04-13T20:09:43.136-0400] {scheduler_job_runner.py:435} INFO - 1 tasks up for execution:
	<TaskInstance: data_ingestion_dag.upload_raw_to_gcs_task scheduled__2019-01-01T00:00:00+00:00 [scheduled]>
[2025-04-13T20:09:43.136-0400] {scheduler_job_runner.py:507} INFO - DAG data_ingestion_dag has 4/16 running and queued tasks
[2025-04-13T20:09:43.136-0400] {scheduler_job_runner.py:646} INFO - Setting the following tasks to queued state:
	<TaskInstance: data_ingestion_dag.upload_raw_to_gcs_task scheduled__2019-01-01T00:00:00+00:00 [scheduled]>
[2025-04-13T20:09:43.137-0400] {scheduler_job_runner.py:748} INFO - Trying to enqueue tasks: [<TaskInstance: data_ingestion_dag.upload_raw_to_gcs_task scheduled__2019-01-01T00:00:00+00:00 [scheduled]>] for executor: LocalExecutor(parallelism=32)
[2025-04-13T20:09:43.138-0400] {scheduler_job_runner.py:692} INFO - Sending TaskInstanceKey(dag_id='data_ingestion_dag', task_id='upload_raw_to_gcs_task', run_id='scheduled__2019-01-01T00:00:00+00:00', try_number=1, map_index=-1) to LocalExecutor with priority 5 and queue default
[2025-04-13T20:09:43.138-0400] {base_executor.py:169} INFO - Adding to queue: ['airflow', 'tasks', 'run', 'data_ingestion_dag', 'upload_raw_to_gcs_task', 'scheduled__2019-01-01T00:00:00+00:00', '--local', '--subdir', 'DAGS_FOLDER/ingest_data_dag.py']
[2025-04-13T20:09:43.140-0400] {scheduler_job_runner.py:776} INFO - Received executor event with state success for task instance TaskInstanceKey(dag_id='data_ingestion_dag', task_id='ingest_data_task', run_id='scheduled__2019-01-01T00:00:00+00:00', try_number=1, map_index=-1)
[2025-04-13T20:09:43.140-0400] {local_executor.py:93} INFO - QueuedLocalWorker running ['airflow', 'tasks', 'run', 'data_ingestion_dag', 'upload_raw_to_gcs_task', 'scheduled__2019-01-01T00:00:00+00:00', '--local', '--subdir', 'DAGS_FOLDER/ingest_data_dag.py']
[2025-04-13T20:09:43.143-0400] {scheduler_job_runner.py:813} INFO - TaskInstance Finished: dag_id=data_ingestion_dag, task_id=ingest_data_task, run_id=scheduled__2019-01-01T00:00:00+00:00, map_index=-1, run_start_date=2025-04-14 00:09:40.613450+00:00, run_end_date=2025-04-14 00:09:42.062542+00:00, run_duration=1.449092, state=success, executor=LocalExecutor(parallelism=32), executor_state=success, try_number=1, max_tries=1, job_id=148, pool=default_pool, queue=default, priority_weight=6, operator=BashOperator, queued_dttm=2025-04-14 00:09:40.386006+00:00, queued_by_job_id=1, pid=29627
[2025-04-13T20:09:43.162-0400] {dagbag.py:588} INFO - Filling up the DagBag from /home/aguan/ontario-sunshine-salary-dashboard/airflow/dags/ingest_data_dag.py
[2025-04-13T20:09:43.199-0400] {task_command.py:467} INFO - Running <TaskInstance: data_ingestion_dag.upload_raw_to_gcs_task scheduled__2019-01-01T00:00:00+00:00 [queued]> on host aguan-pc2.
[2025-04-13T20:10:11.561-0400] {dagrun.py:854} INFO - Marking run <DagRun data_ingestion_dag @ 2015-01-01 00:00:00+00:00: scheduled__2015-01-01T00:00:00+00:00, state:running, queued_at: 2025-04-13 23:53:36.234131+00:00. externally triggered: False> successful
[2025-04-13T20:10:11.561-0400] {dagrun.py:905} INFO - DagRun Finished: dag_id=data_ingestion_dag, execution_date=2015-01-01 00:00:00+00:00, run_id=scheduled__2015-01-01T00:00:00+00:00, run_start_date=2025-04-13 23:53:36.245711+00:00, run_end_date=2025-04-14 00:10:11.561664+00:00, run_duration=995.315953, state=success, external_trigger=False, run_type=scheduled, data_interval_start=2015-01-01 00:00:00+00:00, data_interval_end=2016-01-01 00:00:00+00:00, dag_hash=bcef3e37f1accf53097d562d78be0b2d
[2025-04-13T20:10:11.564-0400] {dag.py:4180} INFO - Setting next_dagrun for data_ingestion_dag to 2016-01-01 00:00:00+00:00, run_after=2017-01-01 00:00:00+00:00
[2025-04-13T20:10:11.596-0400] {scheduler_job_runner.py:776} INFO - Received executor event with state success for task instance TaskInstanceKey(dag_id='data_ingestion_dag', task_id='validate_clean_task', run_id='scheduled__2015-01-01T00:00:00+00:00', try_number=1, map_index=-1)
[2025-04-13T20:10:11.599-0400] {scheduler_job_runner.py:813} INFO - TaskInstance Finished: dag_id=data_ingestion_dag, task_id=validate_clean_task, run_id=scheduled__2015-01-01T00:00:00+00:00, map_index=-1, run_start_date=2025-04-14 00:08:51.375126+00:00, run_end_date=2025-04-14 00:10:11.480453+00:00, run_duration=80.105327, state=success, executor=LocalExecutor(parallelism=32), executor_state=success, try_number=1, max_tries=1, job_id=146, pool=default_pool, queue=default, priority_weight=1, operator=BashOperator, queued_dttm=2025-04-14 00:08:51.146032+00:00, queued_by_job_id=1, pid=29438
[2025-04-13T20:10:12.449-0400] {dag.py:4180} INFO - Setting next_dagrun for data_ingestion_dag to 2017-01-01 00:00:00+00:00, run_after=2018-01-01 00:00:00+00:00
[2025-04-13T20:10:13.515-0400] {scheduler_job_runner.py:1526} INFO - DAG data_ingestion_dag is at (or above) max_active_runs (5 of 5), not creating any more runs
[2025-04-13T20:10:13.564-0400] {scheduler_job_runner.py:435} INFO - 1 tasks up for execution:
	<TaskInstance: data_ingestion_dag.ingest_data_task scheduled__2020-01-01T00:00:00+00:00 [scheduled]>
[2025-04-13T20:10:13.564-0400] {scheduler_job_runner.py:507} INFO - DAG data_ingestion_dag has 4/16 running and queued tasks
[2025-04-13T20:10:13.565-0400] {scheduler_job_runner.py:646} INFO - Setting the following tasks to queued state:
	<TaskInstance: data_ingestion_dag.ingest_data_task scheduled__2020-01-01T00:00:00+00:00 [scheduled]>
[2025-04-13T20:10:13.566-0400] {scheduler_job_runner.py:748} INFO - Trying to enqueue tasks: [<TaskInstance: data_ingestion_dag.ingest_data_task scheduled__2020-01-01T00:00:00+00:00 [scheduled]>] for executor: LocalExecutor(parallelism=32)
[2025-04-13T20:10:13.566-0400] {scheduler_job_runner.py:692} INFO - Sending TaskInstanceKey(dag_id='data_ingestion_dag', task_id='ingest_data_task', run_id='scheduled__2020-01-01T00:00:00+00:00', try_number=1, map_index=-1) to LocalExecutor with priority 6 and queue default
[2025-04-13T20:10:13.567-0400] {base_executor.py:169} INFO - Adding to queue: ['airflow', 'tasks', 'run', 'data_ingestion_dag', 'ingest_data_task', 'scheduled__2020-01-01T00:00:00+00:00', '--local', '--subdir', 'DAGS_FOLDER/ingest_data_dag.py']
[2025-04-13T20:10:13.570-0400] {local_executor.py:93} INFO - QueuedLocalWorker running ['airflow', 'tasks', 'run', 'data_ingestion_dag', 'ingest_data_task', 'scheduled__2020-01-01T00:00:00+00:00', '--local', '--subdir', 'DAGS_FOLDER/ingest_data_dag.py']
[2025-04-13T20:10:13.590-0400] {dagbag.py:588} INFO - Filling up the DagBag from /home/aguan/ontario-sunshine-salary-dashboard/airflow/dags/ingest_data_dag.py
[2025-04-13T20:10:13.630-0400] {task_command.py:467} INFO - Running <TaskInstance: data_ingestion_dag.ingest_data_task scheduled__2020-01-01T00:00:00+00:00 [queued]> on host aguan-pc2.
[2025-04-13T20:10:21.125-0400] {scheduler_job_runner.py:435} INFO - 1 tasks up for execution:
	<TaskInstance: data_ingestion_dag.upload_raw_to_gcs_task scheduled__2020-01-01T00:00:00+00:00 [scheduled]>
[2025-04-13T20:10:21.126-0400] {scheduler_job_runner.py:507} INFO - DAG data_ingestion_dag has 4/16 running and queued tasks
[2025-04-13T20:10:21.126-0400] {scheduler_job_runner.py:646} INFO - Setting the following tasks to queued state:
	<TaskInstance: data_ingestion_dag.upload_raw_to_gcs_task scheduled__2020-01-01T00:00:00+00:00 [scheduled]>
[2025-04-13T20:10:21.127-0400] {scheduler_job_runner.py:748} INFO - Trying to enqueue tasks: [<TaskInstance: data_ingestion_dag.upload_raw_to_gcs_task scheduled__2020-01-01T00:00:00+00:00 [scheduled]>] for executor: LocalExecutor(parallelism=32)
[2025-04-13T20:10:21.128-0400] {scheduler_job_runner.py:692} INFO - Sending TaskInstanceKey(dag_id='data_ingestion_dag', task_id='upload_raw_to_gcs_task', run_id='scheduled__2020-01-01T00:00:00+00:00', try_number=1, map_index=-1) to LocalExecutor with priority 5 and queue default
[2025-04-13T20:10:21.128-0400] {base_executor.py:169} INFO - Adding to queue: ['airflow', 'tasks', 'run', 'data_ingestion_dag', 'upload_raw_to_gcs_task', 'scheduled__2020-01-01T00:00:00+00:00', '--local', '--subdir', 'DAGS_FOLDER/ingest_data_dag.py']
[2025-04-13T20:10:21.131-0400] {scheduler_job_runner.py:776} INFO - Received executor event with state success for task instance TaskInstanceKey(dag_id='data_ingestion_dag', task_id='ingest_data_task', run_id='scheduled__2020-01-01T00:00:00+00:00', try_number=1, map_index=-1)
[2025-04-13T20:10:21.131-0400] {local_executor.py:93} INFO - QueuedLocalWorker running ['airflow', 'tasks', 'run', 'data_ingestion_dag', 'upload_raw_to_gcs_task', 'scheduled__2020-01-01T00:00:00+00:00', '--local', '--subdir', 'DAGS_FOLDER/ingest_data_dag.py']
[2025-04-13T20:10:21.134-0400] {scheduler_job_runner.py:813} INFO - TaskInstance Finished: dag_id=data_ingestion_dag, task_id=ingest_data_task, run_id=scheduled__2020-01-01T00:00:00+00:00, map_index=-1, run_start_date=2025-04-14 00:10:13.793240+00:00, run_end_date=2025-04-14 00:10:20.697362+00:00, run_duration=6.904122, state=success, executor=LocalExecutor(parallelism=32), executor_state=success, try_number=1, max_tries=1, job_id=150, pool=default_pool, queue=default, priority_weight=6, operator=BashOperator, queued_dttm=2025-04-14 00:10:13.565500+00:00, queued_by_job_id=1, pid=29735
[2025-04-13T20:10:21.153-0400] {dagbag.py:588} INFO - Filling up the DagBag from /home/aguan/ontario-sunshine-salary-dashboard/airflow/dags/ingest_data_dag.py
[2025-04-13T20:10:21.192-0400] {task_command.py:467} INFO - Running <TaskInstance: data_ingestion_dag.upload_raw_to_gcs_task scheduled__2020-01-01T00:00:00+00:00 [queued]> on host aguan-pc2.
[2025-04-13T20:10:26.741-0400] {scheduler_job_runner.py:435} INFO - 1 tasks up for execution:
	<TaskInstance: data_ingestion_dag.merge_raw_files_task scheduled__2018-01-01T00:00:00+00:00 [scheduled]>
[2025-04-13T20:10:26.741-0400] {scheduler_job_runner.py:507} INFO - DAG data_ingestion_dag has 4/16 running and queued tasks
[2025-04-13T20:10:26.742-0400] {scheduler_job_runner.py:646} INFO - Setting the following tasks to queued state:
	<TaskInstance: data_ingestion_dag.merge_raw_files_task scheduled__2018-01-01T00:00:00+00:00 [scheduled]>
[2025-04-13T20:10:26.743-0400] {scheduler_job_runner.py:748} INFO - Trying to enqueue tasks: [<TaskInstance: data_ingestion_dag.merge_raw_files_task scheduled__2018-01-01T00:00:00+00:00 [scheduled]>] for executor: LocalExecutor(parallelism=32)
[2025-04-13T20:10:26.743-0400] {scheduler_job_runner.py:692} INFO - Sending TaskInstanceKey(dag_id='data_ingestion_dag', task_id='merge_raw_files_task', run_id='scheduled__2018-01-01T00:00:00+00:00', try_number=1, map_index=-1) to LocalExecutor with priority 4 and queue default
[2025-04-13T20:10:26.743-0400] {base_executor.py:169} INFO - Adding to queue: ['airflow', 'tasks', 'run', 'data_ingestion_dag', 'merge_raw_files_task', 'scheduled__2018-01-01T00:00:00+00:00', '--local', '--subdir', 'DAGS_FOLDER/ingest_data_dag.py']
[2025-04-13T20:10:26.746-0400] {scheduler_job_runner.py:776} INFO - Received executor event with state success for task instance TaskInstanceKey(dag_id='data_ingestion_dag', task_id='upload_raw_to_gcs_task', run_id='scheduled__2018-01-01T00:00:00+00:00', try_number=1, map_index=-1)
[2025-04-13T20:10:26.746-0400] {local_executor.py:93} INFO - QueuedLocalWorker running ['airflow', 'tasks', 'run', 'data_ingestion_dag', 'merge_raw_files_task', 'scheduled__2018-01-01T00:00:00+00:00', '--local', '--subdir', 'DAGS_FOLDER/ingest_data_dag.py']
[2025-04-13T20:10:26.750-0400] {scheduler_job_runner.py:813} INFO - TaskInstance Finished: dag_id=data_ingestion_dag, task_id=upload_raw_to_gcs_task, run_id=scheduled__2018-01-01T00:00:00+00:00, map_index=-1, run_start_date=2025-04-14 00:08:22.333592+00:00, run_end_date=2025-04-14 00:10:25.758151+00:00, run_duration=123.424559, state=success, executor=LocalExecutor(parallelism=32), executor_state=success, try_number=1, max_tries=1, job_id=145, pool=default_pool, queue=default, priority_weight=5, operator=BashOperator, queued_dttm=2025-04-14 00:08:22.098414+00:00, queued_by_job_id=1, pid=29344
[2025-04-13T20:10:26.768-0400] {dagbag.py:588} INFO - Filling up the DagBag from /home/aguan/ontario-sunshine-salary-dashboard/airflow/dags/ingest_data_dag.py
[2025-04-13T20:10:26.807-0400] {task_command.py:467} INFO - Running <TaskInstance: data_ingestion_dag.merge_raw_files_task scheduled__2018-01-01T00:00:00+00:00 [queued]> on host aguan-pc2.
[2025-04-13T20:10:27.666-0400] {dagrun.py:854} INFO - Marking run <DagRun data_ingestion_dag @ 2016-01-01 00:00:00+00:00: scheduled__2016-01-01T00:00:00+00:00, state:running, queued_at: 2025-04-13 23:53:57.270740+00:00. externally triggered: False> successful
[2025-04-13T20:10:27.667-0400] {dagrun.py:905} INFO - DagRun Finished: dag_id=data_ingestion_dag, execution_date=2016-01-01 00:00:00+00:00, run_id=scheduled__2016-01-01T00:00:00+00:00, run_start_date=2025-04-13 23:53:57.283514+00:00, run_end_date=2025-04-14 00:10:27.667147+00:00, run_duration=990.383633, state=success, external_trigger=False, run_type=scheduled, data_interval_start=2016-01-01 00:00:00+00:00, data_interval_end=2017-01-01 00:00:00+00:00, dag_hash=bcef3e37f1accf53097d562d78be0b2d
[2025-04-13T20:10:27.669-0400] {dag.py:4180} INFO - Setting next_dagrun for data_ingestion_dag to 2017-01-01 00:00:00+00:00, run_after=2018-01-01 00:00:00+00:00
[2025-04-13T20:10:27.700-0400] {scheduler_job_runner.py:776} INFO - Received executor event with state success for task instance TaskInstanceKey(dag_id='data_ingestion_dag', task_id='validate_clean_task', run_id='scheduled__2016-01-01T00:00:00+00:00', try_number=1, map_index=-1)
[2025-04-13T20:10:27.702-0400] {scheduler_job_runner.py:813} INFO - TaskInstance Finished: dag_id=data_ingestion_dag, task_id=validate_clean_task, run_id=scheduled__2016-01-01T00:00:00+00:00, map_index=-1, run_start_date=2025-04-14 00:09:04.975599+00:00, run_end_date=2025-04-14 00:10:26.930975+00:00, run_duration=81.955376, state=success, executor=LocalExecutor(parallelism=32), executor_state=success, try_number=1, max_tries=1, job_id=147, pool=default_pool, queue=default, priority_weight=1, operator=BashOperator, queued_dttm=2025-04-14 00:09:04.743749+00:00, queued_by_job_id=1, pid=29500
[2025-04-13T20:10:28.729-0400] {dag.py:4180} INFO - Setting next_dagrun for data_ingestion_dag to 2018-01-01 00:00:00+00:00, run_after=2019-01-01 00:00:00+00:00
[2025-04-13T20:10:29.571-0400] {dag.py:4180} INFO - Setting next_dagrun for data_ingestion_dag to 2019-01-01 00:00:00+00:00, run_after=2020-01-01 00:00:00+00:00
[2025-04-13T20:10:30.631-0400] {dag.py:4180} INFO - Setting next_dagrun for data_ingestion_dag to 2020-01-01 00:00:00+00:00, run_after=2021-01-01 00:00:00+00:00
[2025-04-13T20:10:30.669-0400] {scheduler_job_runner.py:435} INFO - 1 tasks up for execution:
	<TaskInstance: data_ingestion_dag.clean_data_task scheduled__2017-01-01T00:00:00+00:00 [scheduled]>
[2025-04-13T20:10:30.669-0400] {scheduler_job_runner.py:507} INFO - DAG data_ingestion_dag has 3/16 running and queued tasks
[2025-04-13T20:10:30.670-0400] {scheduler_job_runner.py:646} INFO - Setting the following tasks to queued state:
	<TaskInstance: data_ingestion_dag.clean_data_task scheduled__2017-01-01T00:00:00+00:00 [scheduled]>
[2025-04-13T20:10:30.671-0400] {scheduler_job_runner.py:748} INFO - Trying to enqueue tasks: [<TaskInstance: data_ingestion_dag.clean_data_task scheduled__2017-01-01T00:00:00+00:00 [scheduled]>] for executor: LocalExecutor(parallelism=32)
[2025-04-13T20:10:30.671-0400] {scheduler_job_runner.py:692} INFO - Sending TaskInstanceKey(dag_id='data_ingestion_dag', task_id='clean_data_task', run_id='scheduled__2017-01-01T00:00:00+00:00', try_number=1, map_index=-1) to LocalExecutor with priority 2 and queue default
[2025-04-13T20:10:30.671-0400] {base_executor.py:169} INFO - Adding to queue: ['airflow', 'tasks', 'run', 'data_ingestion_dag', 'clean_data_task', 'scheduled__2017-01-01T00:00:00+00:00', '--local', '--subdir', 'DAGS_FOLDER/ingest_data_dag.py']
[2025-04-13T20:10:30.674-0400] {scheduler_job_runner.py:776} INFO - Received executor event with state success for task instance TaskInstanceKey(dag_id='data_ingestion_dag', task_id='validate_merge_task', run_id='scheduled__2017-01-01T00:00:00+00:00', try_number=1, map_index=-1)
[2025-04-13T20:10:30.674-0400] {local_executor.py:93} INFO - QueuedLocalWorker running ['airflow', 'tasks', 'run', 'data_ingestion_dag', 'clean_data_task', 'scheduled__2017-01-01T00:00:00+00:00', '--local', '--subdir', 'DAGS_FOLDER/ingest_data_dag.py']
[2025-04-13T20:10:30.677-0400] {scheduler_job_runner.py:813} INFO - TaskInstance Finished: dag_id=data_ingestion_dag, task_id=validate_merge_task, run_id=scheduled__2017-01-01T00:00:00+00:00, map_index=-1, run_start_date=2025-04-14 00:08:02.101019+00:00, run_end_date=2025-04-14 00:10:30.556013+00:00, run_duration=148.454994, state=success, executor=LocalExecutor(parallelism=32), executor_state=success, try_number=1, max_tries=1, job_id=142, pool=default_pool, queue=default, priority_weight=3, operator=BashOperator, queued_dttm=2025-04-14 00:08:01.851831+00:00, queued_by_job_id=1, pid=29235
[2025-04-13T20:10:30.695-0400] {dag.py:4180} INFO - Setting next_dagrun for data_ingestion_dag to 2021-01-01 00:00:00+00:00, run_after=2022-01-01 00:00:00+00:00
[2025-04-13T20:10:30.695-0400] {dagbag.py:588} INFO - Filling up the DagBag from /home/aguan/ontario-sunshine-salary-dashboard/airflow/dags/ingest_data_dag.py
[2025-04-13T20:10:30.732-0400] {task_command.py:467} INFO - Running <TaskInstance: data_ingestion_dag.clean_data_task scheduled__2017-01-01T00:00:00+00:00 [queued]> on host aguan-pc2.
[2025-04-13T20:10:31.753-0400] {scheduler_job_runner.py:1526} INFO - DAG data_ingestion_dag is at (or above) max_active_runs (5 of 5), not creating any more runs
[2025-04-13T20:10:31.804-0400] {scheduler_job_runner.py:435} INFO - 1 tasks up for execution:
	<TaskInstance: data_ingestion_dag.ingest_data_task scheduled__2021-01-01T00:00:00+00:00 [scheduled]>
[2025-04-13T20:10:31.805-0400] {scheduler_job_runner.py:507} INFO - DAG data_ingestion_dag has 4/16 running and queued tasks
[2025-04-13T20:10:31.805-0400] {scheduler_job_runner.py:646} INFO - Setting the following tasks to queued state:
	<TaskInstance: data_ingestion_dag.ingest_data_task scheduled__2021-01-01T00:00:00+00:00 [scheduled]>
[2025-04-13T20:10:31.806-0400] {scheduler_job_runner.py:748} INFO - Trying to enqueue tasks: [<TaskInstance: data_ingestion_dag.ingest_data_task scheduled__2021-01-01T00:00:00+00:00 [scheduled]>] for executor: LocalExecutor(parallelism=32)
[2025-04-13T20:10:31.806-0400] {scheduler_job_runner.py:692} INFO - Sending TaskInstanceKey(dag_id='data_ingestion_dag', task_id='ingest_data_task', run_id='scheduled__2021-01-01T00:00:00+00:00', try_number=1, map_index=-1) to LocalExecutor with priority 6 and queue default
[2025-04-13T20:10:31.807-0400] {base_executor.py:169} INFO - Adding to queue: ['airflow', 'tasks', 'run', 'data_ingestion_dag', 'ingest_data_task', 'scheduled__2021-01-01T00:00:00+00:00', '--local', '--subdir', 'DAGS_FOLDER/ingest_data_dag.py']
[2025-04-13T20:10:31.809-0400] {local_executor.py:93} INFO - QueuedLocalWorker running ['airflow', 'tasks', 'run', 'data_ingestion_dag', 'ingest_data_task', 'scheduled__2021-01-01T00:00:00+00:00', '--local', '--subdir', 'DAGS_FOLDER/ingest_data_dag.py']
[2025-04-13T20:10:31.832-0400] {dagbag.py:588} INFO - Filling up the DagBag from /home/aguan/ontario-sunshine-salary-dashboard/airflow/dags/ingest_data_dag.py
[2025-04-13T20:10:31.873-0400] {task_command.py:467} INFO - Running <TaskInstance: data_ingestion_dag.ingest_data_task scheduled__2021-01-01T00:00:00+00:00 [queued]> on host aguan-pc2.
[2025-04-13T20:10:34.906-0400] {scheduler_job_runner.py:435} INFO - 1 tasks up for execution:
	<TaskInstance: data_ingestion_dag.upload_raw_to_gcs_task scheduled__2021-01-01T00:00:00+00:00 [scheduled]>
[2025-04-13T20:10:34.906-0400] {scheduler_job_runner.py:507} INFO - DAG data_ingestion_dag has 4/16 running and queued tasks
[2025-04-13T20:10:34.907-0400] {scheduler_job_runner.py:646} INFO - Setting the following tasks to queued state:
	<TaskInstance: data_ingestion_dag.upload_raw_to_gcs_task scheduled__2021-01-01T00:00:00+00:00 [scheduled]>
[2025-04-13T20:10:34.908-0400] {scheduler_job_runner.py:748} INFO - Trying to enqueue tasks: [<TaskInstance: data_ingestion_dag.upload_raw_to_gcs_task scheduled__2021-01-01T00:00:00+00:00 [scheduled]>] for executor: LocalExecutor(parallelism=32)
[2025-04-13T20:10:34.908-0400] {scheduler_job_runner.py:692} INFO - Sending TaskInstanceKey(dag_id='data_ingestion_dag', task_id='upload_raw_to_gcs_task', run_id='scheduled__2021-01-01T00:00:00+00:00', try_number=1, map_index=-1) to LocalExecutor with priority 5 and queue default
[2025-04-13T20:10:34.908-0400] {base_executor.py:169} INFO - Adding to queue: ['airflow', 'tasks', 'run', 'data_ingestion_dag', 'upload_raw_to_gcs_task', 'scheduled__2021-01-01T00:00:00+00:00', '--local', '--subdir', 'DAGS_FOLDER/ingest_data_dag.py']
[2025-04-13T20:10:34.911-0400] {scheduler_job_runner.py:776} INFO - Received executor event with state success for task instance TaskInstanceKey(dag_id='data_ingestion_dag', task_id='ingest_data_task', run_id='scheduled__2021-01-01T00:00:00+00:00', try_number=1, map_index=-1)
[2025-04-13T20:10:34.911-0400] {local_executor.py:93} INFO - QueuedLocalWorker running ['airflow', 'tasks', 'run', 'data_ingestion_dag', 'upload_raw_to_gcs_task', 'scheduled__2021-01-01T00:00:00+00:00', '--local', '--subdir', 'DAGS_FOLDER/ingest_data_dag.py']
[2025-04-13T20:10:34.914-0400] {scheduler_job_runner.py:813} INFO - TaskInstance Finished: dag_id=data_ingestion_dag, task_id=ingest_data_task, run_id=scheduled__2021-01-01T00:00:00+00:00, map_index=-1, run_start_date=2025-04-14 00:10:32.053585+00:00, run_end_date=2025-04-14 00:10:34.124384+00:00, run_duration=2.070799, state=success, executor=LocalExecutor(parallelism=32), executor_state=success, try_number=1, max_tries=1, job_id=154, pool=default_pool, queue=default, priority_weight=6, operator=BashOperator, queued_dttm=2025-04-14 00:10:31.805687+00:00, queued_by_job_id=1, pid=29858
[2025-04-13T20:10:34.932-0400] {dagbag.py:588} INFO - Filling up the DagBag from /home/aguan/ontario-sunshine-salary-dashboard/airflow/dags/ingest_data_dag.py
[2025-04-13T20:10:34.971-0400] {task_command.py:467} INFO - Running <TaskInstance: data_ingestion_dag.upload_raw_to_gcs_task scheduled__2021-01-01T00:00:00+00:00 [queued]> on host aguan-pc2.
[2025-04-13T20:11:58.313-0400] {scheduler_job_runner.py:435} INFO - 1 tasks up for execution:
	<TaskInstance: data_ingestion_dag.merge_raw_files_task scheduled__2019-01-01T00:00:00+00:00 [scheduled]>
[2025-04-13T20:11:58.313-0400] {scheduler_job_runner.py:507} INFO - DAG data_ingestion_dag has 4/16 running and queued tasks
[2025-04-13T20:11:58.313-0400] {scheduler_job_runner.py:646} INFO - Setting the following tasks to queued state:
	<TaskInstance: data_ingestion_dag.merge_raw_files_task scheduled__2019-01-01T00:00:00+00:00 [scheduled]>
[2025-04-13T20:11:58.315-0400] {scheduler_job_runner.py:748} INFO - Trying to enqueue tasks: [<TaskInstance: data_ingestion_dag.merge_raw_files_task scheduled__2019-01-01T00:00:00+00:00 [scheduled]>] for executor: LocalExecutor(parallelism=32)
[2025-04-13T20:11:58.315-0400] {scheduler_job_runner.py:692} INFO - Sending TaskInstanceKey(dag_id='data_ingestion_dag', task_id='merge_raw_files_task', run_id='scheduled__2019-01-01T00:00:00+00:00', try_number=1, map_index=-1) to LocalExecutor with priority 4 and queue default
[2025-04-13T20:11:58.315-0400] {base_executor.py:169} INFO - Adding to queue: ['airflow', 'tasks', 'run', 'data_ingestion_dag', 'merge_raw_files_task', 'scheduled__2019-01-01T00:00:00+00:00', '--local', '--subdir', 'DAGS_FOLDER/ingest_data_dag.py']
[2025-04-13T20:11:58.318-0400] {scheduler_job_runner.py:776} INFO - Received executor event with state success for task instance TaskInstanceKey(dag_id='data_ingestion_dag', task_id='upload_raw_to_gcs_task', run_id='scheduled__2019-01-01T00:00:00+00:00', try_number=1, map_index=-1)
[2025-04-13T20:11:58.318-0400] {local_executor.py:93} INFO - QueuedLocalWorker running ['airflow', 'tasks', 'run', 'data_ingestion_dag', 'merge_raw_files_task', 'scheduled__2019-01-01T00:00:00+00:00', '--local', '--subdir', 'DAGS_FOLDER/ingest_data_dag.py']
[2025-04-13T20:11:58.322-0400] {scheduler_job_runner.py:813} INFO - TaskInstance Finished: dag_id=data_ingestion_dag, task_id=upload_raw_to_gcs_task, run_id=scheduled__2019-01-01T00:00:00+00:00, map_index=-1, run_start_date=2025-04-14 00:09:43.364964+00:00, run_end_date=2025-04-14 00:11:57.793412+00:00, run_duration=134.428448, state=success, executor=LocalExecutor(parallelism=32), executor_state=success, try_number=1, max_tries=1, job_id=149, pool=default_pool, queue=default, priority_weight=5, operator=BashOperator, queued_dttm=2025-04-14 00:09:43.137207+00:00, queued_by_job_id=1, pid=29642
[2025-04-13T20:11:58.341-0400] {dagbag.py:588} INFO - Filling up the DagBag from /home/aguan/ontario-sunshine-salary-dashboard/airflow/dags/ingest_data_dag.py
[2025-04-13T20:11:58.380-0400] {task_command.py:467} INFO - Running <TaskInstance: data_ingestion_dag.merge_raw_files_task scheduled__2019-01-01T00:00:00+00:00 [queued]> on host aguan-pc2.
[2025-04-13T20:13:15.976-0400] {scheduler_job_runner.py:435} INFO - 1 tasks up for execution:
	<TaskInstance: data_ingestion_dag.merge_raw_files_task scheduled__2020-01-01T00:00:00+00:00 [scheduled]>
[2025-04-13T20:13:15.976-0400] {scheduler_job_runner.py:507} INFO - DAG data_ingestion_dag has 4/16 running and queued tasks
[2025-04-13T20:13:15.977-0400] {scheduler_job_runner.py:646} INFO - Setting the following tasks to queued state:
	<TaskInstance: data_ingestion_dag.merge_raw_files_task scheduled__2020-01-01T00:00:00+00:00 [scheduled]>
[2025-04-13T20:13:15.978-0400] {scheduler_job_runner.py:748} INFO - Trying to enqueue tasks: [<TaskInstance: data_ingestion_dag.merge_raw_files_task scheduled__2020-01-01T00:00:00+00:00 [scheduled]>] for executor: LocalExecutor(parallelism=32)
[2025-04-13T20:13:15.978-0400] {scheduler_job_runner.py:692} INFO - Sending TaskInstanceKey(dag_id='data_ingestion_dag', task_id='merge_raw_files_task', run_id='scheduled__2020-01-01T00:00:00+00:00', try_number=1, map_index=-1) to LocalExecutor with priority 4 and queue default
[2025-04-13T20:13:15.978-0400] {base_executor.py:169} INFO - Adding to queue: ['airflow', 'tasks', 'run', 'data_ingestion_dag', 'merge_raw_files_task', 'scheduled__2020-01-01T00:00:00+00:00', '--local', '--subdir', 'DAGS_FOLDER/ingest_data_dag.py']
[2025-04-13T20:13:15.981-0400] {scheduler_job_runner.py:776} INFO - Received executor event with state success for task instance TaskInstanceKey(dag_id='data_ingestion_dag', task_id='upload_raw_to_gcs_task', run_id='scheduled__2020-01-01T00:00:00+00:00', try_number=1, map_index=-1)
[2025-04-13T20:13:15.981-0400] {local_executor.py:93} INFO - QueuedLocalWorker running ['airflow', 'tasks', 'run', 'data_ingestion_dag', 'merge_raw_files_task', 'scheduled__2020-01-01T00:00:00+00:00', '--local', '--subdir', 'DAGS_FOLDER/ingest_data_dag.py']
[2025-04-13T20:13:15.984-0400] {scheduler_job_runner.py:813} INFO - TaskInstance Finished: dag_id=data_ingestion_dag, task_id=upload_raw_to_gcs_task, run_id=scheduled__2020-01-01T00:00:00+00:00, map_index=-1, run_start_date=2025-04-14 00:10:21.354425+00:00, run_end_date=2025-04-14 00:13:15.189255+00:00, run_duration=173.83483, state=success, executor=LocalExecutor(parallelism=32), executor_state=success, try_number=1, max_tries=1, job_id=151, pool=default_pool, queue=default, priority_weight=5, operator=BashOperator, queued_dttm=2025-04-14 00:10:21.126910+00:00, queued_by_job_id=1, pid=29763
[2025-04-13T20:13:16.002-0400] {dagbag.py:588} INFO - Filling up the DagBag from /home/aguan/ontario-sunshine-salary-dashboard/airflow/dags/ingest_data_dag.py
[2025-04-13T20:13:16.037-0400] {task_command.py:467} INFO - Running <TaskInstance: data_ingestion_dag.merge_raw_files_task scheduled__2020-01-01T00:00:00+00:00 [queued]> on host aguan-pc2.
[2025-04-13T20:13:24.148-0400] {scheduler_job_runner.py:435} INFO - 1 tasks up for execution:
	<TaskInstance: data_ingestion_dag.merge_raw_files_task scheduled__2021-01-01T00:00:00+00:00 [scheduled]>
[2025-04-13T20:13:24.149-0400] {scheduler_job_runner.py:507} INFO - DAG data_ingestion_dag has 4/16 running and queued tasks
[2025-04-13T20:13:24.149-0400] {scheduler_job_runner.py:646} INFO - Setting the following tasks to queued state:
	<TaskInstance: data_ingestion_dag.merge_raw_files_task scheduled__2021-01-01T00:00:00+00:00 [scheduled]>
[2025-04-13T20:13:24.150-0400] {scheduler_job_runner.py:748} INFO - Trying to enqueue tasks: [<TaskInstance: data_ingestion_dag.merge_raw_files_task scheduled__2021-01-01T00:00:00+00:00 [scheduled]>] for executor: LocalExecutor(parallelism=32)
[2025-04-13T20:13:24.151-0400] {scheduler_job_runner.py:692} INFO - Sending TaskInstanceKey(dag_id='data_ingestion_dag', task_id='merge_raw_files_task', run_id='scheduled__2021-01-01T00:00:00+00:00', try_number=1, map_index=-1) to LocalExecutor with priority 4 and queue default
[2025-04-13T20:13:24.151-0400] {base_executor.py:169} INFO - Adding to queue: ['airflow', 'tasks', 'run', 'data_ingestion_dag', 'merge_raw_files_task', 'scheduled__2021-01-01T00:00:00+00:00', '--local', '--subdir', 'DAGS_FOLDER/ingest_data_dag.py']
[2025-04-13T20:13:24.154-0400] {scheduler_job_runner.py:776} INFO - Received executor event with state success for task instance TaskInstanceKey(dag_id='data_ingestion_dag', task_id='upload_raw_to_gcs_task', run_id='scheduled__2021-01-01T00:00:00+00:00', try_number=1, map_index=-1)
[2025-04-13T20:13:24.154-0400] {local_executor.py:93} INFO - QueuedLocalWorker running ['airflow', 'tasks', 'run', 'data_ingestion_dag', 'merge_raw_files_task', 'scheduled__2021-01-01T00:00:00+00:00', '--local', '--subdir', 'DAGS_FOLDER/ingest_data_dag.py']
[2025-04-13T20:13:24.159-0400] {scheduler_job_runner.py:813} INFO - TaskInstance Finished: dag_id=data_ingestion_dag, task_id=upload_raw_to_gcs_task, run_id=scheduled__2021-01-01T00:00:00+00:00, map_index=-1, run_start_date=2025-04-14 00:10:35.151035+00:00, run_end_date=2025-04-14 00:13:24.041742+00:00, run_duration=168.890707, state=success, executor=LocalExecutor(parallelism=32), executor_state=success, try_number=1, max_tries=1, job_id=155, pool=default_pool, queue=default, priority_weight=5, operator=BashOperator, queued_dttm=2025-04-14 00:10:34.907496+00:00, queued_by_job_id=1, pid=29892
[2025-04-13T20:13:24.180-0400] {dagbag.py:588} INFO - Filling up the DagBag from /home/aguan/ontario-sunshine-salary-dashboard/airflow/dags/ingest_data_dag.py
[2025-04-13T20:13:24.224-0400] {task_command.py:467} INFO - Running <TaskInstance: data_ingestion_dag.merge_raw_files_task scheduled__2021-01-01T00:00:00+00:00 [queued]> on host aguan-pc2.
[2025-04-13T20:14:18.821-0400] {scheduler_job_runner.py:1949} INFO - Adopting or resetting orphaned tasks for active dag runs
[2025-04-13T20:14:57.571-0400] {scheduler_job_runner.py:435} INFO - 1 tasks up for execution:
	<TaskInstance: data_ingestion_dag.validate_clean_task scheduled__2017-01-01T00:00:00+00:00 [scheduled]>
[2025-04-13T20:14:57.571-0400] {scheduler_job_runner.py:507} INFO - DAG data_ingestion_dag has 4/16 running and queued tasks
[2025-04-13T20:14:57.572-0400] {scheduler_job_runner.py:646} INFO - Setting the following tasks to queued state:
	<TaskInstance: data_ingestion_dag.validate_clean_task scheduled__2017-01-01T00:00:00+00:00 [scheduled]>
[2025-04-13T20:14:57.573-0400] {scheduler_job_runner.py:748} INFO - Trying to enqueue tasks: [<TaskInstance: data_ingestion_dag.validate_clean_task scheduled__2017-01-01T00:00:00+00:00 [scheduled]>] for executor: LocalExecutor(parallelism=32)
[2025-04-13T20:14:57.573-0400] {scheduler_job_runner.py:692} INFO - Sending TaskInstanceKey(dag_id='data_ingestion_dag', task_id='validate_clean_task', run_id='scheduled__2017-01-01T00:00:00+00:00', try_number=1, map_index=-1) to LocalExecutor with priority 1 and queue default
[2025-04-13T20:14:57.573-0400] {base_executor.py:169} INFO - Adding to queue: ['airflow', 'tasks', 'run', 'data_ingestion_dag', 'validate_clean_task', 'scheduled__2017-01-01T00:00:00+00:00', '--local', '--subdir', 'DAGS_FOLDER/ingest_data_dag.py']
[2025-04-13T20:14:57.576-0400] {scheduler_job_runner.py:776} INFO - Received executor event with state success for task instance TaskInstanceKey(dag_id='data_ingestion_dag', task_id='clean_data_task', run_id='scheduled__2017-01-01T00:00:00+00:00', try_number=1, map_index=-1)
[2025-04-13T20:14:57.576-0400] {local_executor.py:93} INFO - QueuedLocalWorker running ['airflow', 'tasks', 'run', 'data_ingestion_dag', 'validate_clean_task', 'scheduled__2017-01-01T00:00:00+00:00', '--local', '--subdir', 'DAGS_FOLDER/ingest_data_dag.py']
[2025-04-13T20:14:57.580-0400] {scheduler_job_runner.py:813} INFO - TaskInstance Finished: dag_id=data_ingestion_dag, task_id=clean_data_task, run_id=scheduled__2017-01-01T00:00:00+00:00, map_index=-1, run_start_date=2025-04-14 00:10:30.891445+00:00, run_end_date=2025-04-14 00:14:56.950007+00:00, run_duration=266.058562, state=success, executor=LocalExecutor(parallelism=32), executor_state=success, try_number=1, max_tries=1, job_id=153, pool=default_pool, queue=default, priority_weight=2, operator=BashOperator, queued_dttm=2025-04-14 00:10:30.670407+00:00, queued_by_job_id=1, pid=29838
[2025-04-13T20:14:57.599-0400] {dagbag.py:588} INFO - Filling up the DagBag from /home/aguan/ontario-sunshine-salary-dashboard/airflow/dags/ingest_data_dag.py
[2025-04-13T20:14:57.639-0400] {task_command.py:467} INFO - Running <TaskInstance: data_ingestion_dag.validate_clean_task scheduled__2017-01-01T00:00:00+00:00 [queued]> on host aguan-pc2.
[2025-04-13T20:16:14.812-0400] {dagrun.py:854} INFO - Marking run <DagRun data_ingestion_dag @ 2017-01-01 00:00:00+00:00: scheduled__2017-01-01T00:00:00+00:00, state:running, queued_at: 2025-04-14 00:00:30.760409+00:00. externally triggered: False> successful
[2025-04-13T20:16:14.813-0400] {dagrun.py:905} INFO - DagRun Finished: dag_id=data_ingestion_dag, execution_date=2017-01-01 00:00:00+00:00, run_id=scheduled__2017-01-01T00:00:00+00:00, run_start_date=2025-04-14 00:00:30.775768+00:00, run_end_date=2025-04-14 00:16:14.813339+00:00, run_duration=944.037571, state=success, external_trigger=False, run_type=scheduled, data_interval_start=2017-01-01 00:00:00+00:00, data_interval_end=2018-01-01 00:00:00+00:00, dag_hash=bcef3e37f1accf53097d562d78be0b2d
[2025-04-13T20:16:14.817-0400] {dag.py:4180} INFO - Setting next_dagrun for data_ingestion_dag to 2018-01-01 00:00:00+00:00, run_after=2019-01-01 00:00:00+00:00
[2025-04-13T20:16:14.860-0400] {scheduler_job_runner.py:776} INFO - Received executor event with state success for task instance TaskInstanceKey(dag_id='data_ingestion_dag', task_id='validate_clean_task', run_id='scheduled__2017-01-01T00:00:00+00:00', try_number=1, map_index=-1)
[2025-04-13T20:16:14.864-0400] {scheduler_job_runner.py:813} INFO - TaskInstance Finished: dag_id=data_ingestion_dag, task_id=validate_clean_task, run_id=scheduled__2017-01-01T00:00:00+00:00, map_index=-1, run_start_date=2025-04-14 00:14:57.843885+00:00, run_end_date=2025-04-14 00:16:14.030684+00:00, run_duration=76.186799, state=success, executor=LocalExecutor(parallelism=32), executor_state=success, try_number=1, max_tries=1, job_id=159, pool=default_pool, queue=default, priority_weight=1, operator=BashOperator, queued_dttm=2025-04-14 00:14:57.572582+00:00, queued_by_job_id=1, pid=30806
[2025-04-13T20:16:15.891-0400] {scheduler_job_runner.py:1526} INFO - DAG data_ingestion_dag is at (or above) max_active_runs (5 of 5), not creating any more runs
[2025-04-13T20:16:15.959-0400] {scheduler_job_runner.py:435} INFO - 1 tasks up for execution:
	<TaskInstance: data_ingestion_dag.ingest_data_task scheduled__2022-01-01T00:00:00+00:00 [scheduled]>
[2025-04-13T20:16:15.960-0400] {scheduler_job_runner.py:507} INFO - DAG data_ingestion_dag has 4/16 running and queued tasks
[2025-04-13T20:16:15.960-0400] {scheduler_job_runner.py:646} INFO - Setting the following tasks to queued state:
	<TaskInstance: data_ingestion_dag.ingest_data_task scheduled__2022-01-01T00:00:00+00:00 [scheduled]>
[2025-04-13T20:16:15.962-0400] {scheduler_job_runner.py:748} INFO - Trying to enqueue tasks: [<TaskInstance: data_ingestion_dag.ingest_data_task scheduled__2022-01-01T00:00:00+00:00 [scheduled]>] for executor: LocalExecutor(parallelism=32)
[2025-04-13T20:16:15.962-0400] {scheduler_job_runner.py:692} INFO - Sending TaskInstanceKey(dag_id='data_ingestion_dag', task_id='ingest_data_task', run_id='scheduled__2022-01-01T00:00:00+00:00', try_number=1, map_index=-1) to LocalExecutor with priority 6 and queue default
[2025-04-13T20:16:15.963-0400] {base_executor.py:169} INFO - Adding to queue: ['airflow', 'tasks', 'run', 'data_ingestion_dag', 'ingest_data_task', 'scheduled__2022-01-01T00:00:00+00:00', '--local', '--subdir', 'DAGS_FOLDER/ingest_data_dag.py']
[2025-04-13T20:16:15.966-0400] {local_executor.py:93} INFO - QueuedLocalWorker running ['airflow', 'tasks', 'run', 'data_ingestion_dag', 'ingest_data_task', 'scheduled__2022-01-01T00:00:00+00:00', '--local', '--subdir', 'DAGS_FOLDER/ingest_data_dag.py']
[2025-04-13T20:16:15.991-0400] {dagbag.py:588} INFO - Filling up the DagBag from /home/aguan/ontario-sunshine-salary-dashboard/airflow/dags/ingest_data_dag.py
[2025-04-13T20:16:16.041-0400] {task_command.py:467} INFO - Running <TaskInstance: data_ingestion_dag.ingest_data_task scheduled__2022-01-01T00:00:00+00:00 [queued]> on host aguan-pc2.
[2025-04-13T20:16:18.876-0400] {scheduler_job_runner.py:435} INFO - 1 tasks up for execution:
	<TaskInstance: data_ingestion_dag.upload_raw_to_gcs_task scheduled__2022-01-01T00:00:00+00:00 [scheduled]>
[2025-04-13T20:16:18.877-0400] {scheduler_job_runner.py:507} INFO - DAG data_ingestion_dag has 4/16 running and queued tasks
[2025-04-13T20:16:18.877-0400] {scheduler_job_runner.py:646} INFO - Setting the following tasks to queued state:
	<TaskInstance: data_ingestion_dag.upload_raw_to_gcs_task scheduled__2022-01-01T00:00:00+00:00 [scheduled]>
[2025-04-13T20:16:18.879-0400] {scheduler_job_runner.py:748} INFO - Trying to enqueue tasks: [<TaskInstance: data_ingestion_dag.upload_raw_to_gcs_task scheduled__2022-01-01T00:00:00+00:00 [scheduled]>] for executor: LocalExecutor(parallelism=32)
[2025-04-13T20:16:18.879-0400] {scheduler_job_runner.py:692} INFO - Sending TaskInstanceKey(dag_id='data_ingestion_dag', task_id='upload_raw_to_gcs_task', run_id='scheduled__2022-01-01T00:00:00+00:00', try_number=1, map_index=-1) to LocalExecutor with priority 5 and queue default
[2025-04-13T20:16:18.879-0400] {base_executor.py:169} INFO - Adding to queue: ['airflow', 'tasks', 'run', 'data_ingestion_dag', 'upload_raw_to_gcs_task', 'scheduled__2022-01-01T00:00:00+00:00', '--local', '--subdir', 'DAGS_FOLDER/ingest_data_dag.py']
[2025-04-13T20:16:18.882-0400] {scheduler_job_runner.py:776} INFO - Received executor event with state success for task instance TaskInstanceKey(dag_id='data_ingestion_dag', task_id='ingest_data_task', run_id='scheduled__2022-01-01T00:00:00+00:00', try_number=1, map_index=-1)
[2025-04-13T20:16:18.883-0400] {local_executor.py:93} INFO - QueuedLocalWorker running ['airflow', 'tasks', 'run', 'data_ingestion_dag', 'upload_raw_to_gcs_task', 'scheduled__2022-01-01T00:00:00+00:00', '--local', '--subdir', 'DAGS_FOLDER/ingest_data_dag.py']
[2025-04-13T20:16:18.886-0400] {scheduler_job_runner.py:813} INFO - TaskInstance Finished: dag_id=data_ingestion_dag, task_id=ingest_data_task, run_id=scheduled__2022-01-01T00:00:00+00:00, map_index=-1, run_start_date=2025-04-14 00:16:16.286309+00:00, run_end_date=2025-04-14 00:16:18.512373+00:00, run_duration=2.226064, state=success, executor=LocalExecutor(parallelism=32), executor_state=success, try_number=1, max_tries=1, job_id=160, pool=default_pool, queue=default, priority_weight=6, operator=BashOperator, queued_dttm=2025-04-14 00:16:15.960972+00:00, queued_by_job_id=1, pid=31069
[2025-04-13T20:16:18.906-0400] {dagbag.py:588} INFO - Filling up the DagBag from /home/aguan/ontario-sunshine-salary-dashboard/airflow/dags/ingest_data_dag.py
[2025-04-13T20:16:18.954-0400] {task_command.py:467} INFO - Running <TaskInstance: data_ingestion_dag.upload_raw_to_gcs_task scheduled__2022-01-01T00:00:00+00:00 [queued]> on host aguan-pc2.
[2025-04-13T20:16:47.436-0400] {scheduler_job_runner.py:435} INFO - 1 tasks up for execution:
	<TaskInstance: data_ingestion_dag.validate_merge_task scheduled__2018-01-01T00:00:00+00:00 [scheduled]>
[2025-04-13T20:16:47.436-0400] {scheduler_job_runner.py:507} INFO - DAG data_ingestion_dag has 4/16 running and queued tasks
[2025-04-13T20:16:47.436-0400] {scheduler_job_runner.py:646} INFO - Setting the following tasks to queued state:
	<TaskInstance: data_ingestion_dag.validate_merge_task scheduled__2018-01-01T00:00:00+00:00 [scheduled]>
[2025-04-13T20:16:47.437-0400] {scheduler_job_runner.py:748} INFO - Trying to enqueue tasks: [<TaskInstance: data_ingestion_dag.validate_merge_task scheduled__2018-01-01T00:00:00+00:00 [scheduled]>] for executor: LocalExecutor(parallelism=32)
[2025-04-13T20:16:47.438-0400] {scheduler_job_runner.py:692} INFO - Sending TaskInstanceKey(dag_id='data_ingestion_dag', task_id='validate_merge_task', run_id='scheduled__2018-01-01T00:00:00+00:00', try_number=1, map_index=-1) to LocalExecutor with priority 3 and queue default
[2025-04-13T20:16:47.438-0400] {base_executor.py:169} INFO - Adding to queue: ['airflow', 'tasks', 'run', 'data_ingestion_dag', 'validate_merge_task', 'scheduled__2018-01-01T00:00:00+00:00', '--local', '--subdir', 'DAGS_FOLDER/ingest_data_dag.py']
[2025-04-13T20:16:47.441-0400] {scheduler_job_runner.py:776} INFO - Received executor event with state success for task instance TaskInstanceKey(dag_id='data_ingestion_dag', task_id='merge_raw_files_task', run_id='scheduled__2018-01-01T00:00:00+00:00', try_number=1, map_index=-1)
[2025-04-13T20:16:47.440-0400] {local_executor.py:93} INFO - QueuedLocalWorker running ['airflow', 'tasks', 'run', 'data_ingestion_dag', 'validate_merge_task', 'scheduled__2018-01-01T00:00:00+00:00', '--local', '--subdir', 'DAGS_FOLDER/ingest_data_dag.py']
[2025-04-13T20:16:47.444-0400] {scheduler_job_runner.py:813} INFO - TaskInstance Finished: dag_id=data_ingestion_dag, task_id=merge_raw_files_task, run_id=scheduled__2018-01-01T00:00:00+00:00, map_index=-1, run_start_date=2025-04-14 00:10:26.981749+00:00, run_end_date=2025-04-14 00:16:47.113921+00:00, run_duration=380.132172, state=success, executor=LocalExecutor(parallelism=32), executor_state=success, try_number=1, max_tries=1, job_id=152, pool=default_pool, queue=default, priority_weight=4, operator=BashOperator, queued_dttm=2025-04-14 00:10:26.742588+00:00, queued_by_job_id=1, pid=29788
[2025-04-13T20:16:47.461-0400] {dagbag.py:588} INFO - Filling up the DagBag from /home/aguan/ontario-sunshine-salary-dashboard/airflow/dags/ingest_data_dag.py
[2025-04-13T20:16:47.499-0400] {task_command.py:467} INFO - Running <TaskInstance: data_ingestion_dag.validate_merge_task scheduled__2018-01-01T00:00:00+00:00 [queued]> on host aguan-pc2.
[2025-04-13T20:18:03.964-0400] {scheduler_job_runner.py:435} INFO - 1 tasks up for execution:
	<TaskInstance: data_ingestion_dag.validate_merge_task scheduled__2019-01-01T00:00:00+00:00 [scheduled]>
[2025-04-13T20:18:03.964-0400] {scheduler_job_runner.py:507} INFO - DAG data_ingestion_dag has 4/16 running and queued tasks
[2025-04-13T20:18:03.965-0400] {scheduler_job_runner.py:646} INFO - Setting the following tasks to queued state:
	<TaskInstance: data_ingestion_dag.validate_merge_task scheduled__2019-01-01T00:00:00+00:00 [scheduled]>
[2025-04-13T20:18:03.966-0400] {scheduler_job_runner.py:748} INFO - Trying to enqueue tasks: [<TaskInstance: data_ingestion_dag.validate_merge_task scheduled__2019-01-01T00:00:00+00:00 [scheduled]>] for executor: LocalExecutor(parallelism=32)
[2025-04-13T20:18:03.966-0400] {scheduler_job_runner.py:692} INFO - Sending TaskInstanceKey(dag_id='data_ingestion_dag', task_id='validate_merge_task', run_id='scheduled__2019-01-01T00:00:00+00:00', try_number=1, map_index=-1) to LocalExecutor with priority 3 and queue default
[2025-04-13T20:18:03.967-0400] {base_executor.py:169} INFO - Adding to queue: ['airflow', 'tasks', 'run', 'data_ingestion_dag', 'validate_merge_task', 'scheduled__2019-01-01T00:00:00+00:00', '--local', '--subdir', 'DAGS_FOLDER/ingest_data_dag.py']
[2025-04-13T20:18:03.970-0400] {scheduler_job_runner.py:776} INFO - Received executor event with state success for task instance TaskInstanceKey(dag_id='data_ingestion_dag', task_id='merge_raw_files_task', run_id='scheduled__2019-01-01T00:00:00+00:00', try_number=1, map_index=-1)
[2025-04-13T20:18:03.969-0400] {local_executor.py:93} INFO - QueuedLocalWorker running ['airflow', 'tasks', 'run', 'data_ingestion_dag', 'validate_merge_task', 'scheduled__2019-01-01T00:00:00+00:00', '--local', '--subdir', 'DAGS_FOLDER/ingest_data_dag.py']
[2025-04-13T20:18:03.973-0400] {scheduler_job_runner.py:813} INFO - TaskInstance Finished: dag_id=data_ingestion_dag, task_id=merge_raw_files_task, run_id=scheduled__2019-01-01T00:00:00+00:00, map_index=-1, run_start_date=2025-04-14 00:11:58.558911+00:00, run_end_date=2025-04-14 00:18:03.184249+00:00, run_duration=364.625338, state=success, executor=LocalExecutor(parallelism=32), executor_state=success, try_number=1, max_tries=1, job_id=156, pool=default_pool, queue=default, priority_weight=4, operator=BashOperator, queued_dttm=2025-04-14 00:11:58.314311+00:00, queued_by_job_id=1, pid=30151
[2025-04-13T20:18:03.992-0400] {dagbag.py:588} INFO - Filling up the DagBag from /home/aguan/ontario-sunshine-salary-dashboard/airflow/dags/ingest_data_dag.py
[2025-04-13T20:18:04.032-0400] {task_command.py:467} INFO - Running <TaskInstance: data_ingestion_dag.validate_merge_task scheduled__2019-01-01T00:00:00+00:00 [queued]> on host aguan-pc2.
[2025-04-13T20:18:07.598-0400] {scheduler_job_runner.py:435} INFO - 1 tasks up for execution:
	<TaskInstance: data_ingestion_dag.merge_raw_files_task scheduled__2022-01-01T00:00:00+00:00 [scheduled]>
[2025-04-13T20:18:07.598-0400] {scheduler_job_runner.py:507} INFO - DAG data_ingestion_dag has 4/16 running and queued tasks
[2025-04-13T20:18:07.598-0400] {scheduler_job_runner.py:646} INFO - Setting the following tasks to queued state:
	<TaskInstance: data_ingestion_dag.merge_raw_files_task scheduled__2022-01-01T00:00:00+00:00 [scheduled]>
[2025-04-13T20:18:07.600-0400] {scheduler_job_runner.py:748} INFO - Trying to enqueue tasks: [<TaskInstance: data_ingestion_dag.merge_raw_files_task scheduled__2022-01-01T00:00:00+00:00 [scheduled]>] for executor: LocalExecutor(parallelism=32)
[2025-04-13T20:18:07.600-0400] {scheduler_job_runner.py:692} INFO - Sending TaskInstanceKey(dag_id='data_ingestion_dag', task_id='merge_raw_files_task', run_id='scheduled__2022-01-01T00:00:00+00:00', try_number=1, map_index=-1) to LocalExecutor with priority 4 and queue default
[2025-04-13T20:18:07.600-0400] {base_executor.py:169} INFO - Adding to queue: ['airflow', 'tasks', 'run', 'data_ingestion_dag', 'merge_raw_files_task', 'scheduled__2022-01-01T00:00:00+00:00', '--local', '--subdir', 'DAGS_FOLDER/ingest_data_dag.py']
[2025-04-13T20:18:07.603-0400] {scheduler_job_runner.py:776} INFO - Received executor event with state success for task instance TaskInstanceKey(dag_id='data_ingestion_dag', task_id='upload_raw_to_gcs_task', run_id='scheduled__2022-01-01T00:00:00+00:00', try_number=1, map_index=-1)
[2025-04-13T20:18:07.603-0400] {local_executor.py:93} INFO - QueuedLocalWorker running ['airflow', 'tasks', 'run', 'data_ingestion_dag', 'merge_raw_files_task', 'scheduled__2022-01-01T00:00:00+00:00', '--local', '--subdir', 'DAGS_FOLDER/ingest_data_dag.py']
[2025-04-13T20:18:07.605-0400] {scheduler_job_runner.py:813} INFO - TaskInstance Finished: dag_id=data_ingestion_dag, task_id=upload_raw_to_gcs_task, run_id=scheduled__2022-01-01T00:00:00+00:00, map_index=-1, run_start_date=2025-04-14 00:16:19.167593+00:00, run_end_date=2025-04-14 00:18:07.119105+00:00, run_duration=107.951512, state=success, executor=LocalExecutor(parallelism=32), executor_state=success, try_number=1, max_tries=1, job_id=161, pool=default_pool, queue=default, priority_weight=5, operator=BashOperator, queued_dttm=2025-04-14 00:16:18.877947+00:00, queued_by_job_id=1, pid=31079
[2025-04-13T20:18:07.628-0400] {dagbag.py:588} INFO - Filling up the DagBag from /home/aguan/ontario-sunshine-salary-dashboard/airflow/dags/ingest_data_dag.py
[2025-04-13T20:18:07.668-0400] {task_command.py:467} INFO - Running <TaskInstance: data_ingestion_dag.merge_raw_files_task scheduled__2022-01-01T00:00:00+00:00 [queued]> on host aguan-pc2.
[2025-04-13T20:18:59.429-0400] {scheduler_job_runner.py:435} INFO - 1 tasks up for execution:
	<TaskInstance: data_ingestion_dag.validate_merge_task scheduled__2020-01-01T00:00:00+00:00 [scheduled]>
[2025-04-13T20:18:59.430-0400] {scheduler_job_runner.py:507} INFO - DAG data_ingestion_dag has 4/16 running and queued tasks
[2025-04-13T20:18:59.430-0400] {scheduler_job_runner.py:646} INFO - Setting the following tasks to queued state:
	<TaskInstance: data_ingestion_dag.validate_merge_task scheduled__2020-01-01T00:00:00+00:00 [scheduled]>
[2025-04-13T20:18:59.431-0400] {scheduler_job_runner.py:748} INFO - Trying to enqueue tasks: [<TaskInstance: data_ingestion_dag.validate_merge_task scheduled__2020-01-01T00:00:00+00:00 [scheduled]>] for executor: LocalExecutor(parallelism=32)
[2025-04-13T20:18:59.432-0400] {scheduler_job_runner.py:692} INFO - Sending TaskInstanceKey(dag_id='data_ingestion_dag', task_id='validate_merge_task', run_id='scheduled__2020-01-01T00:00:00+00:00', try_number=1, map_index=-1) to LocalExecutor with priority 3 and queue default
[2025-04-13T20:18:59.432-0400] {base_executor.py:169} INFO - Adding to queue: ['airflow', 'tasks', 'run', 'data_ingestion_dag', 'validate_merge_task', 'scheduled__2020-01-01T00:00:00+00:00', '--local', '--subdir', 'DAGS_FOLDER/ingest_data_dag.py']
[2025-04-13T20:18:59.435-0400] {scheduler_job_runner.py:776} INFO - Received executor event with state success for task instance TaskInstanceKey(dag_id='data_ingestion_dag', task_id='merge_raw_files_task', run_id='scheduled__2020-01-01T00:00:00+00:00', try_number=1, map_index=-1)
[2025-04-13T20:18:59.435-0400] {local_executor.py:93} INFO - QueuedLocalWorker running ['airflow', 'tasks', 'run', 'data_ingestion_dag', 'validate_merge_task', 'scheduled__2020-01-01T00:00:00+00:00', '--local', '--subdir', 'DAGS_FOLDER/ingest_data_dag.py']
[2025-04-13T20:18:59.438-0400] {scheduler_job_runner.py:813} INFO - TaskInstance Finished: dag_id=data_ingestion_dag, task_id=merge_raw_files_task, run_id=scheduled__2020-01-01T00:00:00+00:00, map_index=-1, run_start_date=2025-04-14 00:13:16.202573+00:00, run_end_date=2025-04-14 00:18:59.237518+00:00, run_duration=343.034945, state=success, executor=LocalExecutor(parallelism=32), executor_state=success, try_number=1, max_tries=1, job_id=157, pool=default_pool, queue=default, priority_weight=4, operator=BashOperator, queued_dttm=2025-04-14 00:13:15.977323+00:00, queued_by_job_id=1, pid=30426
[2025-04-13T20:18:59.458-0400] {dagbag.py:588} INFO - Filling up the DagBag from /home/aguan/ontario-sunshine-salary-dashboard/airflow/dags/ingest_data_dag.py
[2025-04-13T20:18:59.499-0400] {task_command.py:467} INFO - Running <TaskInstance: data_ingestion_dag.validate_merge_task scheduled__2020-01-01T00:00:00+00:00 [queued]> on host aguan-pc2.
[2025-04-13T20:19:08.429-0400] {scheduler_job_runner.py:435} INFO - 1 tasks up for execution:
	<TaskInstance: data_ingestion_dag.validate_merge_task scheduled__2021-01-01T00:00:00+00:00 [scheduled]>
[2025-04-13T20:19:08.430-0400] {scheduler_job_runner.py:507} INFO - DAG data_ingestion_dag has 4/16 running and queued tasks
[2025-04-13T20:19:08.430-0400] {scheduler_job_runner.py:646} INFO - Setting the following tasks to queued state:
	<TaskInstance: data_ingestion_dag.validate_merge_task scheduled__2021-01-01T00:00:00+00:00 [scheduled]>
[2025-04-13T20:19:08.432-0400] {scheduler_job_runner.py:748} INFO - Trying to enqueue tasks: [<TaskInstance: data_ingestion_dag.validate_merge_task scheduled__2021-01-01T00:00:00+00:00 [scheduled]>] for executor: LocalExecutor(parallelism=32)
[2025-04-13T20:19:08.432-0400] {scheduler_job_runner.py:692} INFO - Sending TaskInstanceKey(dag_id='data_ingestion_dag', task_id='validate_merge_task', run_id='scheduled__2021-01-01T00:00:00+00:00', try_number=1, map_index=-1) to LocalExecutor with priority 3 and queue default
[2025-04-13T20:19:08.432-0400] {base_executor.py:169} INFO - Adding to queue: ['airflow', 'tasks', 'run', 'data_ingestion_dag', 'validate_merge_task', 'scheduled__2021-01-01T00:00:00+00:00', '--local', '--subdir', 'DAGS_FOLDER/ingest_data_dag.py']
[2025-04-13T20:19:08.435-0400] {scheduler_job_runner.py:776} INFO - Received executor event with state success for task instance TaskInstanceKey(dag_id='data_ingestion_dag', task_id='merge_raw_files_task', run_id='scheduled__2021-01-01T00:00:00+00:00', try_number=1, map_index=-1)
[2025-04-13T20:19:08.435-0400] {local_executor.py:93} INFO - QueuedLocalWorker running ['airflow', 'tasks', 'run', 'data_ingestion_dag', 'validate_merge_task', 'scheduled__2021-01-01T00:00:00+00:00', '--local', '--subdir', 'DAGS_FOLDER/ingest_data_dag.py']
[2025-04-13T20:19:08.439-0400] {scheduler_job_runner.py:813} INFO - TaskInstance Finished: dag_id=data_ingestion_dag, task_id=merge_raw_files_task, run_id=scheduled__2021-01-01T00:00:00+00:00, map_index=-1, run_start_date=2025-04-14 00:13:24.428779+00:00, run_end_date=2025-04-14 00:19:08.208639+00:00, run_duration=343.77986, state=success, executor=LocalExecutor(parallelism=32), executor_state=success, try_number=1, max_tries=1, job_id=158, pool=default_pool, queue=default, priority_weight=4, operator=BashOperator, queued_dttm=2025-04-14 00:13:24.149700+00:00, queued_by_job_id=1, pid=30488
[2025-04-13T20:19:08.457-0400] {dagbag.py:588} INFO - Filling up the DagBag from /home/aguan/ontario-sunshine-salary-dashboard/airflow/dags/ingest_data_dag.py
[2025-04-13T20:19:08.497-0400] {task_command.py:467} INFO - Running <TaskInstance: data_ingestion_dag.validate_merge_task scheduled__2021-01-01T00:00:00+00:00 [queued]> on host aguan-pc2.
[2025-04-13T20:19:19.061-0400] {scheduler_job_runner.py:1949} INFO - Adopting or resetting orphaned tasks for active dag runs
[2025-04-13T20:19:21.530-0400] {scheduler_job_runner.py:435} INFO - 1 tasks up for execution:
	<TaskInstance: data_ingestion_dag.clean_data_task scheduled__2018-01-01T00:00:00+00:00 [scheduled]>
[2025-04-13T20:19:21.530-0400] {scheduler_job_runner.py:507} INFO - DAG data_ingestion_dag has 4/16 running and queued tasks
[2025-04-13T20:19:21.531-0400] {scheduler_job_runner.py:646} INFO - Setting the following tasks to queued state:
	<TaskInstance: data_ingestion_dag.clean_data_task scheduled__2018-01-01T00:00:00+00:00 [scheduled]>
[2025-04-13T20:19:21.532-0400] {scheduler_job_runner.py:748} INFO - Trying to enqueue tasks: [<TaskInstance: data_ingestion_dag.clean_data_task scheduled__2018-01-01T00:00:00+00:00 [scheduled]>] for executor: LocalExecutor(parallelism=32)
[2025-04-13T20:19:21.532-0400] {scheduler_job_runner.py:692} INFO - Sending TaskInstanceKey(dag_id='data_ingestion_dag', task_id='clean_data_task', run_id='scheduled__2018-01-01T00:00:00+00:00', try_number=1, map_index=-1) to LocalExecutor with priority 2 and queue default
[2025-04-13T20:19:21.532-0400] {base_executor.py:169} INFO - Adding to queue: ['airflow', 'tasks', 'run', 'data_ingestion_dag', 'clean_data_task', 'scheduled__2018-01-01T00:00:00+00:00', '--local', '--subdir', 'DAGS_FOLDER/ingest_data_dag.py']
[2025-04-13T20:19:21.535-0400] {scheduler_job_runner.py:776} INFO - Received executor event with state success for task instance TaskInstanceKey(dag_id='data_ingestion_dag', task_id='validate_merge_task', run_id='scheduled__2018-01-01T00:00:00+00:00', try_number=1, map_index=-1)
[2025-04-13T20:19:21.535-0400] {local_executor.py:93} INFO - QueuedLocalWorker running ['airflow', 'tasks', 'run', 'data_ingestion_dag', 'clean_data_task', 'scheduled__2018-01-01T00:00:00+00:00', '--local', '--subdir', 'DAGS_FOLDER/ingest_data_dag.py']
[2025-04-13T20:19:21.538-0400] {scheduler_job_runner.py:813} INFO - TaskInstance Finished: dag_id=data_ingestion_dag, task_id=validate_merge_task, run_id=scheduled__2018-01-01T00:00:00+00:00, map_index=-1, run_start_date=2025-04-14 00:16:47.676483+00:00, run_end_date=2025-04-14 00:19:21.423904+00:00, run_duration=153.747421, state=success, executor=LocalExecutor(parallelism=32), executor_state=success, try_number=1, max_tries=1, job_id=162, pool=default_pool, queue=default, priority_weight=3, operator=BashOperator, queued_dttm=2025-04-14 00:16:47.437012+00:00, queued_by_job_id=1, pid=31172
[2025-04-13T20:19:21.557-0400] {dagbag.py:588} INFO - Filling up the DagBag from /home/aguan/ontario-sunshine-salary-dashboard/airflow/dags/ingest_data_dag.py
[2025-04-13T20:19:21.595-0400] {task_command.py:467} INFO - Running <TaskInstance: data_ingestion_dag.clean_data_task scheduled__2018-01-01T00:00:00+00:00 [queued]> on host aguan-pc2.
[2025-04-13T20:20:35.992-0400] {scheduler_job_runner.py:435} INFO - 1 tasks up for execution:
	<TaskInstance: data_ingestion_dag.clean_data_task scheduled__2019-01-01T00:00:00+00:00 [scheduled]>
[2025-04-13T20:20:35.992-0400] {scheduler_job_runner.py:507} INFO - DAG data_ingestion_dag has 4/16 running and queued tasks
[2025-04-13T20:20:35.992-0400] {scheduler_job_runner.py:646} INFO - Setting the following tasks to queued state:
	<TaskInstance: data_ingestion_dag.clean_data_task scheduled__2019-01-01T00:00:00+00:00 [scheduled]>
[2025-04-13T20:20:35.994-0400] {scheduler_job_runner.py:748} INFO - Trying to enqueue tasks: [<TaskInstance: data_ingestion_dag.clean_data_task scheduled__2019-01-01T00:00:00+00:00 [scheduled]>] for executor: LocalExecutor(parallelism=32)
[2025-04-13T20:20:35.994-0400] {scheduler_job_runner.py:692} INFO - Sending TaskInstanceKey(dag_id='data_ingestion_dag', task_id='clean_data_task', run_id='scheduled__2019-01-01T00:00:00+00:00', try_number=1, map_index=-1) to LocalExecutor with priority 2 and queue default
[2025-04-13T20:20:35.994-0400] {base_executor.py:169} INFO - Adding to queue: ['airflow', 'tasks', 'run', 'data_ingestion_dag', 'clean_data_task', 'scheduled__2019-01-01T00:00:00+00:00', '--local', '--subdir', 'DAGS_FOLDER/ingest_data_dag.py']
[2025-04-13T20:20:35.997-0400] {scheduler_job_runner.py:776} INFO - Received executor event with state success for task instance TaskInstanceKey(dag_id='data_ingestion_dag', task_id='validate_merge_task', run_id='scheduled__2019-01-01T00:00:00+00:00', try_number=1, map_index=-1)
[2025-04-13T20:20:35.997-0400] {local_executor.py:93} INFO - QueuedLocalWorker running ['airflow', 'tasks', 'run', 'data_ingestion_dag', 'clean_data_task', 'scheduled__2019-01-01T00:00:00+00:00', '--local', '--subdir', 'DAGS_FOLDER/ingest_data_dag.py']
[2025-04-13T20:20:36.000-0400] {scheduler_job_runner.py:813} INFO - TaskInstance Finished: dag_id=data_ingestion_dag, task_id=validate_merge_task, run_id=scheduled__2019-01-01T00:00:00+00:00, map_index=-1, run_start_date=2025-04-14 00:18:04.217110+00:00, run_end_date=2025-04-14 00:20:35.901772+00:00, run_duration=151.684662, state=success, executor=LocalExecutor(parallelism=32), executor_state=success, try_number=1, max_tries=1, job_id=163, pool=default_pool, queue=default, priority_weight=3, operator=BashOperator, queued_dttm=2025-04-14 00:18:03.965616+00:00, queued_by_job_id=1, pid=31427
[2025-04-13T20:20:36.019-0400] {dagbag.py:588} INFO - Filling up the DagBag from /home/aguan/ontario-sunshine-salary-dashboard/airflow/dags/ingest_data_dag.py
[2025-04-13T20:20:36.059-0400] {task_command.py:467} INFO - Running <TaskInstance: data_ingestion_dag.clean_data_task scheduled__2019-01-01T00:00:00+00:00 [queued]> on host aguan-pc2.
[2025-04-13T20:21:36.426-0400] {scheduler_job_runner.py:435} INFO - 1 tasks up for execution:
	<TaskInstance: data_ingestion_dag.clean_data_task scheduled__2020-01-01T00:00:00+00:00 [scheduled]>
[2025-04-13T20:21:36.426-0400] {scheduler_job_runner.py:507} INFO - DAG data_ingestion_dag has 4/16 running and queued tasks
[2025-04-13T20:21:36.427-0400] {scheduler_job_runner.py:646} INFO - Setting the following tasks to queued state:
	<TaskInstance: data_ingestion_dag.clean_data_task scheduled__2020-01-01T00:00:00+00:00 [scheduled]>
[2025-04-13T20:21:36.428-0400] {scheduler_job_runner.py:748} INFO - Trying to enqueue tasks: [<TaskInstance: data_ingestion_dag.clean_data_task scheduled__2020-01-01T00:00:00+00:00 [scheduled]>] for executor: LocalExecutor(parallelism=32)
[2025-04-13T20:21:36.429-0400] {scheduler_job_runner.py:692} INFO - Sending TaskInstanceKey(dag_id='data_ingestion_dag', task_id='clean_data_task', run_id='scheduled__2020-01-01T00:00:00+00:00', try_number=1, map_index=-1) to LocalExecutor with priority 2 and queue default
[2025-04-13T20:21:36.429-0400] {base_executor.py:169} INFO - Adding to queue: ['airflow', 'tasks', 'run', 'data_ingestion_dag', 'clean_data_task', 'scheduled__2020-01-01T00:00:00+00:00', '--local', '--subdir', 'DAGS_FOLDER/ingest_data_dag.py']
[2025-04-13T20:21:36.432-0400] {scheduler_job_runner.py:776} INFO - Received executor event with state success for task instance TaskInstanceKey(dag_id='data_ingestion_dag', task_id='validate_merge_task', run_id='scheduled__2020-01-01T00:00:00+00:00', try_number=1, map_index=-1)
[2025-04-13T20:21:36.432-0400] {local_executor.py:93} INFO - QueuedLocalWorker running ['airflow', 'tasks', 'run', 'data_ingestion_dag', 'clean_data_task', 'scheduled__2020-01-01T00:00:00+00:00', '--local', '--subdir', 'DAGS_FOLDER/ingest_data_dag.py']
[2025-04-13T20:21:36.436-0400] {scheduler_job_runner.py:813} INFO - TaskInstance Finished: dag_id=data_ingestion_dag, task_id=validate_merge_task, run_id=scheduled__2020-01-01T00:00:00+00:00, map_index=-1, run_start_date=2025-04-14 00:18:59.680260+00:00, run_end_date=2025-04-14 00:21:36.130276+00:00, run_duration=156.450016, state=success, executor=LocalExecutor(parallelism=32), executor_state=success, try_number=1, max_tries=1, job_id=165, pool=default_pool, queue=default, priority_weight=3, operator=BashOperator, queued_dttm=2025-04-14 00:18:59.430895+00:00, queued_by_job_id=1, pid=31652
[2025-04-13T20:21:36.455-0400] {dagbag.py:588} INFO - Filling up the DagBag from /home/aguan/ontario-sunshine-salary-dashboard/airflow/dags/ingest_data_dag.py
[2025-04-13T20:21:36.496-0400] {task_command.py:467} INFO - Running <TaskInstance: data_ingestion_dag.clean_data_task scheduled__2020-01-01T00:00:00+00:00 [queued]> on host aguan-pc2.
[2025-04-13T20:21:49.629-0400] {scheduler_job_runner.py:435} INFO - 1 tasks up for execution:
	<TaskInstance: data_ingestion_dag.clean_data_task scheduled__2021-01-01T00:00:00+00:00 [scheduled]>
[2025-04-13T20:21:49.629-0400] {scheduler_job_runner.py:507} INFO - DAG data_ingestion_dag has 4/16 running and queued tasks
[2025-04-13T20:21:49.630-0400] {scheduler_job_runner.py:646} INFO - Setting the following tasks to queued state:
	<TaskInstance: data_ingestion_dag.clean_data_task scheduled__2021-01-01T00:00:00+00:00 [scheduled]>
[2025-04-13T20:21:49.631-0400] {scheduler_job_runner.py:748} INFO - Trying to enqueue tasks: [<TaskInstance: data_ingestion_dag.clean_data_task scheduled__2021-01-01T00:00:00+00:00 [scheduled]>] for executor: LocalExecutor(parallelism=32)
[2025-04-13T20:21:49.631-0400] {scheduler_job_runner.py:692} INFO - Sending TaskInstanceKey(dag_id='data_ingestion_dag', task_id='clean_data_task', run_id='scheduled__2021-01-01T00:00:00+00:00', try_number=1, map_index=-1) to LocalExecutor with priority 2 and queue default
[2025-04-13T20:21:49.632-0400] {base_executor.py:169} INFO - Adding to queue: ['airflow', 'tasks', 'run', 'data_ingestion_dag', 'clean_data_task', 'scheduled__2021-01-01T00:00:00+00:00', '--local', '--subdir', 'DAGS_FOLDER/ingest_data_dag.py']
[2025-04-13T20:21:49.635-0400] {scheduler_job_runner.py:776} INFO - Received executor event with state success for task instance TaskInstanceKey(dag_id='data_ingestion_dag', task_id='validate_merge_task', run_id='scheduled__2021-01-01T00:00:00+00:00', try_number=1, map_index=-1)
[2025-04-13T20:21:49.635-0400] {local_executor.py:93} INFO - QueuedLocalWorker running ['airflow', 'tasks', 'run', 'data_ingestion_dag', 'clean_data_task', 'scheduled__2021-01-01T00:00:00+00:00', '--local', '--subdir', 'DAGS_FOLDER/ingest_data_dag.py']
[2025-04-13T20:21:49.639-0400] {scheduler_job_runner.py:813} INFO - TaskInstance Finished: dag_id=data_ingestion_dag, task_id=validate_merge_task, run_id=scheduled__2021-01-01T00:00:00+00:00, map_index=-1, run_start_date=2025-04-14 00:19:08.663445+00:00, run_end_date=2025-04-14 00:21:48.607438+00:00, run_duration=159.943993, state=success, executor=LocalExecutor(parallelism=32), executor_state=success, try_number=1, max_tries=1, job_id=166, pool=default_pool, queue=default, priority_weight=3, operator=BashOperator, queued_dttm=2025-04-14 00:19:08.430689+00:00, queued_by_job_id=1, pid=31696
[2025-04-13T20:21:49.657-0400] {dagbag.py:588} INFO - Filling up the DagBag from /home/aguan/ontario-sunshine-salary-dashboard/airflow/dags/ingest_data_dag.py
[2025-04-13T20:21:49.699-0400] {task_command.py:467} INFO - Running <TaskInstance: data_ingestion_dag.clean_data_task scheduled__2021-01-01T00:00:00+00:00 [queued]> on host aguan-pc2.
[2025-04-13T20:23:18.163-0400] {scheduler_job_runner.py:435} INFO - 1 tasks up for execution:
	<TaskInstance: data_ingestion_dag.validate_clean_task scheduled__2018-01-01T00:00:00+00:00 [scheduled]>
[2025-04-13T20:23:18.163-0400] {scheduler_job_runner.py:507} INFO - DAG data_ingestion_dag has 4/16 running and queued tasks
[2025-04-13T20:23:18.163-0400] {scheduler_job_runner.py:646} INFO - Setting the following tasks to queued state:
	<TaskInstance: data_ingestion_dag.validate_clean_task scheduled__2018-01-01T00:00:00+00:00 [scheduled]>
[2025-04-13T20:23:18.165-0400] {scheduler_job_runner.py:748} INFO - Trying to enqueue tasks: [<TaskInstance: data_ingestion_dag.validate_clean_task scheduled__2018-01-01T00:00:00+00:00 [scheduled]>] for executor: LocalExecutor(parallelism=32)
[2025-04-13T20:23:18.165-0400] {scheduler_job_runner.py:692} INFO - Sending TaskInstanceKey(dag_id='data_ingestion_dag', task_id='validate_clean_task', run_id='scheduled__2018-01-01T00:00:00+00:00', try_number=1, map_index=-1) to LocalExecutor with priority 1 and queue default
[2025-04-13T20:23:18.166-0400] {base_executor.py:169} INFO - Adding to queue: ['airflow', 'tasks', 'run', 'data_ingestion_dag', 'validate_clean_task', 'scheduled__2018-01-01T00:00:00+00:00', '--local', '--subdir', 'DAGS_FOLDER/ingest_data_dag.py']
[2025-04-13T20:23:18.169-0400] {scheduler_job_runner.py:776} INFO - Received executor event with state success for task instance TaskInstanceKey(dag_id='data_ingestion_dag', task_id='clean_data_task', run_id='scheduled__2018-01-01T00:00:00+00:00', try_number=1, map_index=-1)
[2025-04-13T20:23:18.168-0400] {local_executor.py:93} INFO - QueuedLocalWorker running ['airflow', 'tasks', 'run', 'data_ingestion_dag', 'validate_clean_task', 'scheduled__2018-01-01T00:00:00+00:00', '--local', '--subdir', 'DAGS_FOLDER/ingest_data_dag.py']
[2025-04-13T20:23:18.172-0400] {scheduler_job_runner.py:813} INFO - TaskInstance Finished: dag_id=data_ingestion_dag, task_id=clean_data_task, run_id=scheduled__2018-01-01T00:00:00+00:00, map_index=-1, run_start_date=2025-04-14 00:19:21.769871+00:00, run_end_date=2025-04-14 00:23:17.863433+00:00, run_duration=236.093562, state=success, executor=LocalExecutor(parallelism=32), executor_state=success, try_number=1, max_tries=1, job_id=167, pool=default_pool, queue=default, priority_weight=2, operator=BashOperator, queued_dttm=2025-04-14 00:19:21.531480+00:00, queued_by_job_id=1, pid=31763
[2025-04-13T20:23:18.193-0400] {dagbag.py:588} INFO - Filling up the DagBag from /home/aguan/ontario-sunshine-salary-dashboard/airflow/dags/ingest_data_dag.py
[2025-04-13T20:23:18.236-0400] {task_command.py:467} INFO - Running <TaskInstance: data_ingestion_dag.validate_clean_task scheduled__2018-01-01T00:00:00+00:00 [queued]> on host aguan-pc2.
[2025-04-13T20:23:46.270-0400] {scheduler_job_runner.py:435} INFO - 1 tasks up for execution:
	<TaskInstance: data_ingestion_dag.validate_merge_task scheduled__2022-01-01T00:00:00+00:00 [scheduled]>
[2025-04-13T20:23:46.271-0400] {scheduler_job_runner.py:507} INFO - DAG data_ingestion_dag has 4/16 running and queued tasks
[2025-04-13T20:23:46.271-0400] {scheduler_job_runner.py:646} INFO - Setting the following tasks to queued state:
	<TaskInstance: data_ingestion_dag.validate_merge_task scheduled__2022-01-01T00:00:00+00:00 [scheduled]>
[2025-04-13T20:23:46.272-0400] {scheduler_job_runner.py:748} INFO - Trying to enqueue tasks: [<TaskInstance: data_ingestion_dag.validate_merge_task scheduled__2022-01-01T00:00:00+00:00 [scheduled]>] for executor: LocalExecutor(parallelism=32)
[2025-04-13T20:23:46.273-0400] {scheduler_job_runner.py:692} INFO - Sending TaskInstanceKey(dag_id='data_ingestion_dag', task_id='validate_merge_task', run_id='scheduled__2022-01-01T00:00:00+00:00', try_number=1, map_index=-1) to LocalExecutor with priority 3 and queue default
[2025-04-13T20:23:46.273-0400] {base_executor.py:169} INFO - Adding to queue: ['airflow', 'tasks', 'run', 'data_ingestion_dag', 'validate_merge_task', 'scheduled__2022-01-01T00:00:00+00:00', '--local', '--subdir', 'DAGS_FOLDER/ingest_data_dag.py']
[2025-04-13T20:23:46.276-0400] {scheduler_job_runner.py:776} INFO - Received executor event with state success for task instance TaskInstanceKey(dag_id='data_ingestion_dag', task_id='merge_raw_files_task', run_id='scheduled__2022-01-01T00:00:00+00:00', try_number=1, map_index=-1)
[2025-04-13T20:23:46.276-0400] {local_executor.py:93} INFO - QueuedLocalWorker running ['airflow', 'tasks', 'run', 'data_ingestion_dag', 'validate_merge_task', 'scheduled__2022-01-01T00:00:00+00:00', '--local', '--subdir', 'DAGS_FOLDER/ingest_data_dag.py']
[2025-04-13T20:23:46.280-0400] {scheduler_job_runner.py:813} INFO - TaskInstance Finished: dag_id=data_ingestion_dag, task_id=merge_raw_files_task, run_id=scheduled__2022-01-01T00:00:00+00:00, map_index=-1, run_start_date=2025-04-14 00:18:07.848397+00:00, run_end_date=2025-04-14 00:23:45.801896+00:00, run_duration=337.953499, state=success, executor=LocalExecutor(parallelism=32), executor_state=success, try_number=1, max_tries=1, job_id=164, pool=default_pool, queue=default, priority_weight=4, operator=BashOperator, queued_dttm=2025-04-14 00:18:07.599258+00:00, queued_by_job_id=1, pid=31453
[2025-04-13T20:23:46.299-0400] {dagbag.py:588} INFO - Filling up the DagBag from /home/aguan/ontario-sunshine-salary-dashboard/airflow/dags/ingest_data_dag.py
[2025-04-13T20:23:46.346-0400] {task_command.py:467} INFO - Running <TaskInstance: data_ingestion_dag.validate_merge_task scheduled__2022-01-01T00:00:00+00:00 [queued]> on host aguan-pc2.
[2025-04-13T20:24:19.300-0400] {scheduler_job_runner.py:1949} INFO - Adopting or resetting orphaned tasks for active dag runs
[2025-04-13T20:24:31.780-0400] {dagrun.py:854} INFO - Marking run <DagRun data_ingestion_dag @ 2018-01-01 00:00:00+00:00: scheduled__2018-01-01T00:00:00+00:00, state:running, queued_at: 2025-04-14 00:08:19.845382+00:00. externally triggered: False> successful
[2025-04-13T20:24:31.780-0400] {dagrun.py:905} INFO - DagRun Finished: dag_id=data_ingestion_dag, execution_date=2018-01-01 00:00:00+00:00, run_id=scheduled__2018-01-01T00:00:00+00:00, run_start_date=2025-04-14 00:08:19.856723+00:00, run_end_date=2025-04-14 00:24:31.780501+00:00, run_duration=971.923778, state=success, external_trigger=False, run_type=scheduled, data_interval_start=2018-01-01 00:00:00+00:00, data_interval_end=2019-01-01 00:00:00+00:00, dag_hash=bcef3e37f1accf53097d562d78be0b2d
[2025-04-13T20:24:31.782-0400] {dag.py:4180} INFO - Setting next_dagrun for data_ingestion_dag to 2019-01-01 00:00:00+00:00, run_after=2020-01-01 00:00:00+00:00
[2025-04-13T20:24:31.809-0400] {scheduler_job_runner.py:776} INFO - Received executor event with state success for task instance TaskInstanceKey(dag_id='data_ingestion_dag', task_id='validate_clean_task', run_id='scheduled__2018-01-01T00:00:00+00:00', try_number=1, map_index=-1)
[2025-04-13T20:24:31.812-0400] {scheduler_job_runner.py:813} INFO - TaskInstance Finished: dag_id=data_ingestion_dag, task_id=validate_clean_task, run_id=scheduled__2018-01-01T00:00:00+00:00, map_index=-1, run_start_date=2025-04-14 00:23:18.416363+00:00, run_end_date=2025-04-14 00:24:31.020569+00:00, run_duration=72.604206, state=success, executor=LocalExecutor(parallelism=32), executor_state=success, try_number=1, max_tries=1, job_id=171, pool=default_pool, queue=default, priority_weight=1, operator=BashOperator, queued_dttm=2025-04-14 00:23:18.164284+00:00, queued_by_job_id=1, pid=32633
[2025-04-13T20:24:32.831-0400] {dag.py:4180} INFO - Setting next_dagrun for data_ingestion_dag to 2020-01-01 00:00:00+00:00, run_after=2021-01-01 00:00:00+00:00
[2025-04-13T20:24:33.896-0400] {dag.py:4180} INFO - Setting next_dagrun for data_ingestion_dag to 2021-01-01 00:00:00+00:00, run_after=2022-01-01 00:00:00+00:00
[2025-04-13T20:24:34.713-0400] {dag.py:4180} INFO - Setting next_dagrun for data_ingestion_dag to 2022-01-01 00:00:00+00:00, run_after=2023-01-01 00:00:00+00:00
[2025-04-13T20:24:35.490-0400] {dag.py:4180} INFO - Setting next_dagrun for data_ingestion_dag to 2023-01-01 00:00:00+00:00, run_after=2024-01-01 00:00:00+00:00
[2025-04-13T20:24:36.554-0400] {scheduler_job_runner.py:1526} INFO - DAG data_ingestion_dag is at (or above) max_active_runs (5 of 5), not creating any more runs
[2025-04-13T20:24:36.599-0400] {scheduler_job_runner.py:435} INFO - 1 tasks up for execution:
	<TaskInstance: data_ingestion_dag.ingest_data_task scheduled__2023-01-01T00:00:00+00:00 [scheduled]>
[2025-04-13T20:24:36.600-0400] {scheduler_job_runner.py:507} INFO - DAG data_ingestion_dag has 4/16 running and queued tasks
[2025-04-13T20:24:36.600-0400] {scheduler_job_runner.py:646} INFO - Setting the following tasks to queued state:
	<TaskInstance: data_ingestion_dag.ingest_data_task scheduled__2023-01-01T00:00:00+00:00 [scheduled]>
[2025-04-13T20:24:36.601-0400] {scheduler_job_runner.py:748} INFO - Trying to enqueue tasks: [<TaskInstance: data_ingestion_dag.ingest_data_task scheduled__2023-01-01T00:00:00+00:00 [scheduled]>] for executor: LocalExecutor(parallelism=32)
[2025-04-13T20:24:36.602-0400] {scheduler_job_runner.py:692} INFO - Sending TaskInstanceKey(dag_id='data_ingestion_dag', task_id='ingest_data_task', run_id='scheduled__2023-01-01T00:00:00+00:00', try_number=1, map_index=-1) to LocalExecutor with priority 6 and queue default
[2025-04-13T20:24:36.602-0400] {base_executor.py:169} INFO - Adding to queue: ['airflow', 'tasks', 'run', 'data_ingestion_dag', 'ingest_data_task', 'scheduled__2023-01-01T00:00:00+00:00', '--local', '--subdir', 'DAGS_FOLDER/ingest_data_dag.py']
[2025-04-13T20:24:36.605-0400] {local_executor.py:93} INFO - QueuedLocalWorker running ['airflow', 'tasks', 'run', 'data_ingestion_dag', 'ingest_data_task', 'scheduled__2023-01-01T00:00:00+00:00', '--local', '--subdir', 'DAGS_FOLDER/ingest_data_dag.py']
[2025-04-13T20:24:36.627-0400] {dagbag.py:588} INFO - Filling up the DagBag from /home/aguan/ontario-sunshine-salary-dashboard/airflow/dags/ingest_data_dag.py
[2025-04-13T20:24:36.686-0400] {task_command.py:467} INFO - Running <TaskInstance: data_ingestion_dag.ingest_data_task scheduled__2023-01-01T00:00:00+00:00 [queued]> on host aguan-pc2.
[2025-04-13T20:24:39.899-0400] {scheduler_job_runner.py:435} INFO - 1 tasks up for execution:
	<TaskInstance: data_ingestion_dag.upload_raw_to_gcs_task scheduled__2023-01-01T00:00:00+00:00 [scheduled]>
[2025-04-13T20:24:39.900-0400] {scheduler_job_runner.py:507} INFO - DAG data_ingestion_dag has 4/16 running and queued tasks
[2025-04-13T20:24:39.900-0400] {scheduler_job_runner.py:646} INFO - Setting the following tasks to queued state:
	<TaskInstance: data_ingestion_dag.upload_raw_to_gcs_task scheduled__2023-01-01T00:00:00+00:00 [scheduled]>
[2025-04-13T20:24:39.901-0400] {scheduler_job_runner.py:748} INFO - Trying to enqueue tasks: [<TaskInstance: data_ingestion_dag.upload_raw_to_gcs_task scheduled__2023-01-01T00:00:00+00:00 [scheduled]>] for executor: LocalExecutor(parallelism=32)
[2025-04-13T20:24:39.901-0400] {scheduler_job_runner.py:692} INFO - Sending TaskInstanceKey(dag_id='data_ingestion_dag', task_id='upload_raw_to_gcs_task', run_id='scheduled__2023-01-01T00:00:00+00:00', try_number=1, map_index=-1) to LocalExecutor with priority 5 and queue default
[2025-04-13T20:24:39.902-0400] {base_executor.py:169} INFO - Adding to queue: ['airflow', 'tasks', 'run', 'data_ingestion_dag', 'upload_raw_to_gcs_task', 'scheduled__2023-01-01T00:00:00+00:00', '--local', '--subdir', 'DAGS_FOLDER/ingest_data_dag.py']
[2025-04-13T20:24:39.904-0400] {local_executor.py:93} INFO - QueuedLocalWorker running ['airflow', 'tasks', 'run', 'data_ingestion_dag', 'upload_raw_to_gcs_task', 'scheduled__2023-01-01T00:00:00+00:00', '--local', '--subdir', 'DAGS_FOLDER/ingest_data_dag.py']
[2025-04-13T20:24:39.905-0400] {scheduler_job_runner.py:776} INFO - Received executor event with state success for task instance TaskInstanceKey(dag_id='data_ingestion_dag', task_id='ingest_data_task', run_id='scheduled__2023-01-01T00:00:00+00:00', try_number=1, map_index=-1)
[2025-04-13T20:24:39.908-0400] {scheduler_job_runner.py:813} INFO - TaskInstance Finished: dag_id=data_ingestion_dag, task_id=ingest_data_task, run_id=scheduled__2023-01-01T00:00:00+00:00, map_index=-1, run_start_date=2025-04-14 00:24:36.859646+00:00, run_end_date=2025-04-14 00:24:39.714315+00:00, run_duration=2.854669, state=success, executor=LocalExecutor(parallelism=32), executor_state=success, try_number=1, max_tries=1, job_id=173, pool=default_pool, queue=default, priority_weight=6, operator=BashOperator, queued_dttm=2025-04-14 00:24:36.600833+00:00, queued_by_job_id=1, pid=32913
[2025-04-13T20:24:39.924-0400] {dagbag.py:588} INFO - Filling up the DagBag from /home/aguan/ontario-sunshine-salary-dashboard/airflow/dags/ingest_data_dag.py
[2025-04-13T20:24:39.961-0400] {task_command.py:467} INFO - Running <TaskInstance: data_ingestion_dag.upload_raw_to_gcs_task scheduled__2023-01-01T00:00:00+00:00 [queued]> on host aguan-pc2.
[2025-04-13T20:24:55.049-0400] {scheduler_job_runner.py:435} INFO - 1 tasks up for execution:
	<TaskInstance: data_ingestion_dag.validate_clean_task scheduled__2019-01-01T00:00:00+00:00 [scheduled]>
[2025-04-13T20:24:55.050-0400] {scheduler_job_runner.py:507} INFO - DAG data_ingestion_dag has 4/16 running and queued tasks
[2025-04-13T20:24:55.050-0400] {scheduler_job_runner.py:646} INFO - Setting the following tasks to queued state:
	<TaskInstance: data_ingestion_dag.validate_clean_task scheduled__2019-01-01T00:00:00+00:00 [scheduled]>
[2025-04-13T20:24:55.051-0400] {scheduler_job_runner.py:748} INFO - Trying to enqueue tasks: [<TaskInstance: data_ingestion_dag.validate_clean_task scheduled__2019-01-01T00:00:00+00:00 [scheduled]>] for executor: LocalExecutor(parallelism=32)
[2025-04-13T20:24:55.051-0400] {scheduler_job_runner.py:692} INFO - Sending TaskInstanceKey(dag_id='data_ingestion_dag', task_id='validate_clean_task', run_id='scheduled__2019-01-01T00:00:00+00:00', try_number=1, map_index=-1) to LocalExecutor with priority 1 and queue default
[2025-04-13T20:24:55.052-0400] {base_executor.py:169} INFO - Adding to queue: ['airflow', 'tasks', 'run', 'data_ingestion_dag', 'validate_clean_task', 'scheduled__2019-01-01T00:00:00+00:00', '--local', '--subdir', 'DAGS_FOLDER/ingest_data_dag.py']
[2025-04-13T20:24:55.054-0400] {scheduler_job_runner.py:776} INFO - Received executor event with state success for task instance TaskInstanceKey(dag_id='data_ingestion_dag', task_id='clean_data_task', run_id='scheduled__2019-01-01T00:00:00+00:00', try_number=1, map_index=-1)
[2025-04-13T20:24:55.054-0400] {local_executor.py:93} INFO - QueuedLocalWorker running ['airflow', 'tasks', 'run', 'data_ingestion_dag', 'validate_clean_task', 'scheduled__2019-01-01T00:00:00+00:00', '--local', '--subdir', 'DAGS_FOLDER/ingest_data_dag.py']
[2025-04-13T20:24:55.057-0400] {scheduler_job_runner.py:813} INFO - TaskInstance Finished: dag_id=data_ingestion_dag, task_id=clean_data_task, run_id=scheduled__2019-01-01T00:00:00+00:00, map_index=-1, run_start_date=2025-04-14 00:20:36.247806+00:00, run_end_date=2025-04-14 00:24:54.726189+00:00, run_duration=258.478383, state=success, executor=LocalExecutor(parallelism=32), executor_state=success, try_number=1, max_tries=1, job_id=168, pool=default_pool, queue=default, priority_weight=2, operator=BashOperator, queued_dttm=2025-04-14 00:20:35.993228+00:00, queued_by_job_id=1, pid=32024
[2025-04-13T20:24:55.077-0400] {dagbag.py:588} INFO - Filling up the DagBag from /home/aguan/ontario-sunshine-salary-dashboard/airflow/dags/ingest_data_dag.py
[2025-04-13T20:24:55.120-0400] {task_command.py:467} INFO - Running <TaskInstance: data_ingestion_dag.validate_clean_task scheduled__2019-01-01T00:00:00+00:00 [queued]> on host aguan-pc2.
[2025-04-13T20:25:44.080-0400] {scheduler_job_runner.py:435} INFO - 1 tasks up for execution:
	<TaskInstance: data_ingestion_dag.validate_clean_task scheduled__2020-01-01T00:00:00+00:00 [scheduled]>
[2025-04-13T20:25:44.081-0400] {scheduler_job_runner.py:507} INFO - DAG data_ingestion_dag has 4/16 running and queued tasks
[2025-04-13T20:25:44.081-0400] {scheduler_job_runner.py:646} INFO - Setting the following tasks to queued state:
	<TaskInstance: data_ingestion_dag.validate_clean_task scheduled__2020-01-01T00:00:00+00:00 [scheduled]>
[2025-04-13T20:25:44.083-0400] {scheduler_job_runner.py:748} INFO - Trying to enqueue tasks: [<TaskInstance: data_ingestion_dag.validate_clean_task scheduled__2020-01-01T00:00:00+00:00 [scheduled]>] for executor: LocalExecutor(parallelism=32)
[2025-04-13T20:25:44.083-0400] {scheduler_job_runner.py:692} INFO - Sending TaskInstanceKey(dag_id='data_ingestion_dag', task_id='validate_clean_task', run_id='scheduled__2020-01-01T00:00:00+00:00', try_number=1, map_index=-1) to LocalExecutor with priority 1 and queue default
[2025-04-13T20:25:44.083-0400] {base_executor.py:169} INFO - Adding to queue: ['airflow', 'tasks', 'run', 'data_ingestion_dag', 'validate_clean_task', 'scheduled__2020-01-01T00:00:00+00:00', '--local', '--subdir', 'DAGS_FOLDER/ingest_data_dag.py']
[2025-04-13T20:25:44.086-0400] {scheduler_job_runner.py:776} INFO - Received executor event with state success for task instance TaskInstanceKey(dag_id='data_ingestion_dag', task_id='clean_data_task', run_id='scheduled__2020-01-01T00:00:00+00:00', try_number=1, map_index=-1)
[2025-04-13T20:25:44.086-0400] {local_executor.py:93} INFO - QueuedLocalWorker running ['airflow', 'tasks', 'run', 'data_ingestion_dag', 'validate_clean_task', 'scheduled__2020-01-01T00:00:00+00:00', '--local', '--subdir', 'DAGS_FOLDER/ingest_data_dag.py']
[2025-04-13T20:25:44.089-0400] {scheduler_job_runner.py:813} INFO - TaskInstance Finished: dag_id=data_ingestion_dag, task_id=clean_data_task, run_id=scheduled__2020-01-01T00:00:00+00:00, map_index=-1, run_start_date=2025-04-14 00:21:36.704493+00:00, run_end_date=2025-04-14 00:25:43.225757+00:00, run_duration=246.521264, state=success, executor=LocalExecutor(parallelism=32), executor_state=success, try_number=1, max_tries=1, job_id=169, pool=default_pool, queue=default, priority_weight=2, operator=BashOperator, queued_dttm=2025-04-14 00:21:36.427584+00:00, queued_by_job_id=1, pid=32243
[2025-04-13T20:25:44.108-0400] {dagbag.py:588} INFO - Filling up the DagBag from /home/aguan/ontario-sunshine-salary-dashboard/airflow/dags/ingest_data_dag.py
[2025-04-13T20:25:44.147-0400] {task_command.py:467} INFO - Running <TaskInstance: data_ingestion_dag.validate_clean_task scheduled__2020-01-01T00:00:00+00:00 [queued]> on host aguan-pc2.
[2025-04-13T20:25:55.861-0400] {scheduler_job_runner.py:435} INFO - 1 tasks up for execution:
	<TaskInstance: data_ingestion_dag.validate_clean_task scheduled__2021-01-01T00:00:00+00:00 [scheduled]>
[2025-04-13T20:25:55.862-0400] {scheduler_job_runner.py:507} INFO - DAG data_ingestion_dag has 4/16 running and queued tasks
[2025-04-13T20:25:55.862-0400] {scheduler_job_runner.py:646} INFO - Setting the following tasks to queued state:
	<TaskInstance: data_ingestion_dag.validate_clean_task scheduled__2021-01-01T00:00:00+00:00 [scheduled]>
[2025-04-13T20:25:55.863-0400] {scheduler_job_runner.py:748} INFO - Trying to enqueue tasks: [<TaskInstance: data_ingestion_dag.validate_clean_task scheduled__2021-01-01T00:00:00+00:00 [scheduled]>] for executor: LocalExecutor(parallelism=32)
[2025-04-13T20:25:55.863-0400] {scheduler_job_runner.py:692} INFO - Sending TaskInstanceKey(dag_id='data_ingestion_dag', task_id='validate_clean_task', run_id='scheduled__2021-01-01T00:00:00+00:00', try_number=1, map_index=-1) to LocalExecutor with priority 1 and queue default
[2025-04-13T20:25:55.863-0400] {base_executor.py:169} INFO - Adding to queue: ['airflow', 'tasks', 'run', 'data_ingestion_dag', 'validate_clean_task', 'scheduled__2021-01-01T00:00:00+00:00', '--local', '--subdir', 'DAGS_FOLDER/ingest_data_dag.py']
[2025-04-13T20:25:55.866-0400] {scheduler_job_runner.py:776} INFO - Received executor event with state success for task instance TaskInstanceKey(dag_id='data_ingestion_dag', task_id='clean_data_task', run_id='scheduled__2021-01-01T00:00:00+00:00', try_number=1, map_index=-1)
[2025-04-13T20:25:55.866-0400] {local_executor.py:93} INFO - QueuedLocalWorker running ['airflow', 'tasks', 'run', 'data_ingestion_dag', 'validate_clean_task', 'scheduled__2021-01-01T00:00:00+00:00', '--local', '--subdir', 'DAGS_FOLDER/ingest_data_dag.py']
[2025-04-13T20:25:55.869-0400] {scheduler_job_runner.py:813} INFO - TaskInstance Finished: dag_id=data_ingestion_dag, task_id=clean_data_task, run_id=scheduled__2021-01-01T00:00:00+00:00, map_index=-1, run_start_date=2025-04-14 00:21:49.895116+00:00, run_end_date=2025-04-14 00:25:55.272737+00:00, run_duration=245.377621, state=success, executor=LocalExecutor(parallelism=32), executor_state=success, try_number=1, max_tries=1, job_id=170, pool=default_pool, queue=default, priority_weight=2, operator=BashOperator, queued_dttm=2025-04-14 00:21:49.630607+00:00, queued_by_job_id=1, pid=32328
[2025-04-13T20:25:55.886-0400] {dagbag.py:588} INFO - Filling up the DagBag from /home/aguan/ontario-sunshine-salary-dashboard/airflow/dags/ingest_data_dag.py
[2025-04-13T20:25:55.923-0400] {task_command.py:467} INFO - Running <TaskInstance: data_ingestion_dag.validate_clean_task scheduled__2021-01-01T00:00:00+00:00 [queued]> on host aguan-pc2.
[2025-04-13T20:26:12.085-0400] {dagrun.py:854} INFO - Marking run <DagRun data_ingestion_dag @ 2019-01-01 00:00:00+00:00: scheduled__2019-01-01T00:00:00+00:00, state:running, queued_at: 2025-04-14 00:09:40.337263+00:00. externally triggered: False> successful
[2025-04-13T20:26:12.085-0400] {dagrun.py:905} INFO - DagRun Finished: dag_id=data_ingestion_dag, execution_date=2019-01-01 00:00:00+00:00, run_id=scheduled__2019-01-01T00:00:00+00:00, run_start_date=2025-04-14 00:09:40.348634+00:00, run_end_date=2025-04-14 00:26:12.085666+00:00, run_duration=991.737032, state=success, external_trigger=False, run_type=scheduled, data_interval_start=2019-01-01 00:00:00+00:00, data_interval_end=2020-01-01 00:00:00+00:00, dag_hash=bcef3e37f1accf53097d562d78be0b2d
[2025-04-13T20:26:12.088-0400] {dag.py:4180} INFO - Setting next_dagrun for data_ingestion_dag to 2020-01-01 00:00:00+00:00, run_after=2021-01-01 00:00:00+00:00
[2025-04-13T20:26:12.113-0400] {scheduler_job_runner.py:776} INFO - Received executor event with state success for task instance TaskInstanceKey(dag_id='data_ingestion_dag', task_id='validate_clean_task', run_id='scheduled__2019-01-01T00:00:00+00:00', try_number=1, map_index=-1)
[2025-04-13T20:26:12.116-0400] {scheduler_job_runner.py:813} INFO - TaskInstance Finished: dag_id=data_ingestion_dag, task_id=validate_clean_task, run_id=scheduled__2019-01-01T00:00:00+00:00, map_index=-1, run_start_date=2025-04-14 00:24:55.323644+00:00, run_end_date=2025-04-14 00:26:11.597928+00:00, run_duration=76.274284, state=success, executor=LocalExecutor(parallelism=32), executor_state=success, try_number=1, max_tries=1, job_id=175, pool=default_pool, queue=default, priority_weight=1, operator=BashOperator, queued_dttm=2025-04-14 00:24:55.050792+00:00, queued_by_job_id=1, pid=32980
[2025-04-13T20:26:13.127-0400] {dag.py:4180} INFO - Setting next_dagrun for data_ingestion_dag to 2021-01-01 00:00:00+00:00, run_after=2022-01-01 00:00:00+00:00
[2025-04-13T20:26:14.183-0400] {dag.py:4180} INFO - Setting next_dagrun for data_ingestion_dag to 2022-01-01 00:00:00+00:00, run_after=2023-01-01 00:00:00+00:00
[2025-04-13T20:26:15.269-0400] {dag.py:4180} INFO - Setting next_dagrun for data_ingestion_dag to 2023-01-01 00:00:00+00:00, run_after=2024-01-01 00:00:00+00:00
[2025-04-13T20:26:16.111-0400] {dag.py:4180} INFO - Setting next_dagrun for data_ingestion_dag to 2024-01-01 00:00:00+00:00, run_after=2025-01-01 00:00:00+00:00
[2025-04-13T20:26:17.177-0400] {scheduler_job_runner.py:1526} INFO - DAG data_ingestion_dag is at (or above) max_active_runs (5 of 5), not creating any more runs
[2025-04-13T20:26:17.224-0400] {scheduler_job_runner.py:435} INFO - 1 tasks up for execution:
	<TaskInstance: data_ingestion_dag.ingest_data_task scheduled__2024-01-01T00:00:00+00:00 [scheduled]>
[2025-04-13T20:26:17.224-0400] {scheduler_job_runner.py:507} INFO - DAG data_ingestion_dag has 4/16 running and queued tasks
[2025-04-13T20:26:17.225-0400] {scheduler_job_runner.py:646} INFO - Setting the following tasks to queued state:
	<TaskInstance: data_ingestion_dag.ingest_data_task scheduled__2024-01-01T00:00:00+00:00 [scheduled]>
[2025-04-13T20:26:17.226-0400] {scheduler_job_runner.py:748} INFO - Trying to enqueue tasks: [<TaskInstance: data_ingestion_dag.ingest_data_task scheduled__2024-01-01T00:00:00+00:00 [scheduled]>] for executor: LocalExecutor(parallelism=32)
[2025-04-13T20:26:17.226-0400] {scheduler_job_runner.py:692} INFO - Sending TaskInstanceKey(dag_id='data_ingestion_dag', task_id='ingest_data_task', run_id='scheduled__2024-01-01T00:00:00+00:00', try_number=1, map_index=-1) to LocalExecutor with priority 6 and queue default
[2025-04-13T20:26:17.226-0400] {base_executor.py:169} INFO - Adding to queue: ['airflow', 'tasks', 'run', 'data_ingestion_dag', 'ingest_data_task', 'scheduled__2024-01-01T00:00:00+00:00', '--local', '--subdir', 'DAGS_FOLDER/ingest_data_dag.py']
[2025-04-13T20:26:17.229-0400] {local_executor.py:93} INFO - QueuedLocalWorker running ['airflow', 'tasks', 'run', 'data_ingestion_dag', 'ingest_data_task', 'scheduled__2024-01-01T00:00:00+00:00', '--local', '--subdir', 'DAGS_FOLDER/ingest_data_dag.py']
[2025-04-13T20:26:17.251-0400] {dagbag.py:588} INFO - Filling up the DagBag from /home/aguan/ontario-sunshine-salary-dashboard/airflow/dags/ingest_data_dag.py
[2025-04-13T20:26:17.278-0400] {scheduler_job_runner.py:435} INFO - 1 tasks up for execution:
	<TaskInstance: data_ingestion_dag.clean_data_task scheduled__2022-01-01T00:00:00+00:00 [scheduled]>
[2025-04-13T20:26:17.278-0400] {scheduler_job_runner.py:507} INFO - DAG data_ingestion_dag has 4/16 running and queued tasks
[2025-04-13T20:26:17.279-0400] {scheduler_job_runner.py:646} INFO - Setting the following tasks to queued state:
	<TaskInstance: data_ingestion_dag.clean_data_task scheduled__2022-01-01T00:00:00+00:00 [scheduled]>
[2025-04-13T20:26:17.280-0400] {scheduler_job_runner.py:748} INFO - Trying to enqueue tasks: [<TaskInstance: data_ingestion_dag.clean_data_task scheduled__2022-01-01T00:00:00+00:00 [scheduled]>] for executor: LocalExecutor(parallelism=32)
[2025-04-13T20:26:17.280-0400] {scheduler_job_runner.py:692} INFO - Sending TaskInstanceKey(dag_id='data_ingestion_dag', task_id='clean_data_task', run_id='scheduled__2022-01-01T00:00:00+00:00', try_number=1, map_index=-1) to LocalExecutor with priority 2 and queue default
[2025-04-13T20:26:17.280-0400] {base_executor.py:169} INFO - Adding to queue: ['airflow', 'tasks', 'run', 'data_ingestion_dag', 'clean_data_task', 'scheduled__2022-01-01T00:00:00+00:00', '--local', '--subdir', 'DAGS_FOLDER/ingest_data_dag.py']
[2025-04-13T20:26:17.283-0400] {scheduler_job_runner.py:776} INFO - Received executor event with state success for task instance TaskInstanceKey(dag_id='data_ingestion_dag', task_id='validate_merge_task', run_id='scheduled__2022-01-01T00:00:00+00:00', try_number=1, map_index=-1)
[2025-04-13T20:26:17.283-0400] {local_executor.py:93} INFO - QueuedLocalWorker running ['airflow', 'tasks', 'run', 'data_ingestion_dag', 'clean_data_task', 'scheduled__2022-01-01T00:00:00+00:00', '--local', '--subdir', 'DAGS_FOLDER/ingest_data_dag.py']
[2025-04-13T20:26:17.286-0400] {scheduler_job_runner.py:813} INFO - TaskInstance Finished: dag_id=data_ingestion_dag, task_id=validate_merge_task, run_id=scheduled__2022-01-01T00:00:00+00:00, map_index=-1, run_start_date=2025-04-14 00:23:46.528721+00:00, run_end_date=2025-04-14 00:26:17.191479+00:00, run_duration=150.662758, state=success, executor=LocalExecutor(parallelism=32), executor_state=success, try_number=1, max_tries=1, job_id=172, pool=default_pool, queue=default, priority_weight=3, operator=BashOperator, queued_dttm=2025-04-14 00:23:46.271861+00:00, queued_by_job_id=1, pid=32738
[2025-04-13T20:26:17.287-0400] {task_command.py:467} INFO - Running <TaskInstance: data_ingestion_dag.ingest_data_task scheduled__2024-01-01T00:00:00+00:00 [queued]> on host aguan-pc2.
[2025-04-13T20:26:17.303-0400] {dagbag.py:588} INFO - Filling up the DagBag from /home/aguan/ontario-sunshine-salary-dashboard/airflow/dags/ingest_data_dag.py
[2025-04-13T20:26:17.341-0400] {task_command.py:467} INFO - Running <TaskInstance: data_ingestion_dag.clean_data_task scheduled__2022-01-01T00:00:00+00:00 [queued]> on host aguan-pc2.
[2025-04-13T20:26:20.511-0400] {scheduler_job_runner.py:435} INFO - 1 tasks up for execution:
	<TaskInstance: data_ingestion_dag.upload_raw_to_gcs_task scheduled__2024-01-01T00:00:00+00:00 [scheduled]>
[2025-04-13T20:26:20.511-0400] {scheduler_job_runner.py:507} INFO - DAG data_ingestion_dag has 4/16 running and queued tasks
[2025-04-13T20:26:20.512-0400] {scheduler_job_runner.py:646} INFO - Setting the following tasks to queued state:
	<TaskInstance: data_ingestion_dag.upload_raw_to_gcs_task scheduled__2024-01-01T00:00:00+00:00 [scheduled]>
[2025-04-13T20:26:20.513-0400] {scheduler_job_runner.py:748} INFO - Trying to enqueue tasks: [<TaskInstance: data_ingestion_dag.upload_raw_to_gcs_task scheduled__2024-01-01T00:00:00+00:00 [scheduled]>] for executor: LocalExecutor(parallelism=32)
[2025-04-13T20:26:20.513-0400] {scheduler_job_runner.py:692} INFO - Sending TaskInstanceKey(dag_id='data_ingestion_dag', task_id='upload_raw_to_gcs_task', run_id='scheduled__2024-01-01T00:00:00+00:00', try_number=1, map_index=-1) to LocalExecutor with priority 5 and queue default
[2025-04-13T20:26:20.513-0400] {base_executor.py:169} INFO - Adding to queue: ['airflow', 'tasks', 'run', 'data_ingestion_dag', 'upload_raw_to_gcs_task', 'scheduled__2024-01-01T00:00:00+00:00', '--local', '--subdir', 'DAGS_FOLDER/ingest_data_dag.py']
[2025-04-13T20:26:20.516-0400] {scheduler_job_runner.py:776} INFO - Received executor event with state success for task instance TaskInstanceKey(dag_id='data_ingestion_dag', task_id='ingest_data_task', run_id='scheduled__2024-01-01T00:00:00+00:00', try_number=1, map_index=-1)
[2025-04-13T20:26:20.516-0400] {local_executor.py:93} INFO - QueuedLocalWorker running ['airflow', 'tasks', 'run', 'data_ingestion_dag', 'upload_raw_to_gcs_task', 'scheduled__2024-01-01T00:00:00+00:00', '--local', '--subdir', 'DAGS_FOLDER/ingest_data_dag.py']
[2025-04-13T20:26:20.518-0400] {scheduler_job_runner.py:813} INFO - TaskInstance Finished: dag_id=data_ingestion_dag, task_id=ingest_data_task, run_id=scheduled__2024-01-01T00:00:00+00:00, map_index=-1, run_start_date=2025-04-14 00:26:17.462354+00:00, run_end_date=2025-04-14 00:26:19.724970+00:00, run_duration=2.262616, state=success, executor=LocalExecutor(parallelism=32), executor_state=success, try_number=1, max_tries=1, job_id=178, pool=default_pool, queue=default, priority_weight=6, operator=BashOperator, queued_dttm=2025-04-14 00:26:17.225613+00:00, queued_by_job_id=1, pid=33285
[2025-04-13T20:26:20.537-0400] {dagbag.py:588} INFO - Filling up the DagBag from /home/aguan/ontario-sunshine-salary-dashboard/airflow/dags/ingest_data_dag.py
[2025-04-13T20:26:20.575-0400] {task_command.py:467} INFO - Running <TaskInstance: data_ingestion_dag.upload_raw_to_gcs_task scheduled__2024-01-01T00:00:00+00:00 [queued]> on host aguan-pc2.
[2025-04-13T20:26:50.675-0400] {scheduler_job_runner.py:435} INFO - 1 tasks up for execution:
	<TaskInstance: data_ingestion_dag.merge_raw_files_task scheduled__2023-01-01T00:00:00+00:00 [scheduled]>
[2025-04-13T20:26:50.675-0400] {scheduler_job_runner.py:507} INFO - DAG data_ingestion_dag has 4/16 running and queued tasks
[2025-04-13T20:26:50.675-0400] {scheduler_job_runner.py:646} INFO - Setting the following tasks to queued state:
	<TaskInstance: data_ingestion_dag.merge_raw_files_task scheduled__2023-01-01T00:00:00+00:00 [scheduled]>
[2025-04-13T20:26:50.676-0400] {scheduler_job_runner.py:748} INFO - Trying to enqueue tasks: [<TaskInstance: data_ingestion_dag.merge_raw_files_task scheduled__2023-01-01T00:00:00+00:00 [scheduled]>] for executor: LocalExecutor(parallelism=32)
[2025-04-13T20:26:50.677-0400] {scheduler_job_runner.py:692} INFO - Sending TaskInstanceKey(dag_id='data_ingestion_dag', task_id='merge_raw_files_task', run_id='scheduled__2023-01-01T00:00:00+00:00', try_number=1, map_index=-1) to LocalExecutor with priority 4 and queue default
[2025-04-13T20:26:50.677-0400] {base_executor.py:169} INFO - Adding to queue: ['airflow', 'tasks', 'run', 'data_ingestion_dag', 'merge_raw_files_task', 'scheduled__2023-01-01T00:00:00+00:00', '--local', '--subdir', 'DAGS_FOLDER/ingest_data_dag.py']
[2025-04-13T20:26:50.680-0400] {scheduler_job_runner.py:776} INFO - Received executor event with state success for task instance TaskInstanceKey(dag_id='data_ingestion_dag', task_id='upload_raw_to_gcs_task', run_id='scheduled__2023-01-01T00:00:00+00:00', try_number=1, map_index=-1)
[2025-04-13T20:26:50.680-0400] {local_executor.py:93} INFO - QueuedLocalWorker running ['airflow', 'tasks', 'run', 'data_ingestion_dag', 'merge_raw_files_task', 'scheduled__2023-01-01T00:00:00+00:00', '--local', '--subdir', 'DAGS_FOLDER/ingest_data_dag.py']
[2025-04-13T20:26:50.683-0400] {scheduler_job_runner.py:813} INFO - TaskInstance Finished: dag_id=data_ingestion_dag, task_id=upload_raw_to_gcs_task, run_id=scheduled__2023-01-01T00:00:00+00:00, map_index=-1, run_start_date=2025-04-14 00:24:40.120594+00:00, run_end_date=2025-04-14 00:26:49.603346+00:00, run_duration=129.482752, state=success, executor=LocalExecutor(parallelism=32), executor_state=success, try_number=1, max_tries=1, job_id=174, pool=default_pool, queue=default, priority_weight=5, operator=BashOperator, queued_dttm=2025-04-14 00:24:39.900876+00:00, queued_by_job_id=1, pid=32923
[2025-04-13T20:26:50.703-0400] {dagbag.py:588} INFO - Filling up the DagBag from /home/aguan/ontario-sunshine-salary-dashboard/airflow/dags/ingest_data_dag.py
[2025-04-13T20:26:50.743-0400] {task_command.py:467} INFO - Running <TaskInstance: data_ingestion_dag.merge_raw_files_task scheduled__2023-01-01T00:00:00+00:00 [queued]> on host aguan-pc2.
[2025-04-13T20:27:04.713-0400] {dagrun.py:854} INFO - Marking run <DagRun data_ingestion_dag @ 2020-01-01 00:00:00+00:00: scheduled__2020-01-01T00:00:00+00:00, state:running, queued_at: 2025-04-14 00:10:13.511836+00:00. externally triggered: False> successful
[2025-04-13T20:27:04.714-0400] {dagrun.py:905} INFO - DagRun Finished: dag_id=data_ingestion_dag, execution_date=2020-01-01 00:00:00+00:00, run_id=scheduled__2020-01-01T00:00:00+00:00, run_start_date=2025-04-14 00:10:13.522178+00:00, run_end_date=2025-04-14 00:27:04.714369+00:00, run_duration=1011.192191, state=success, external_trigger=False, run_type=scheduled, data_interval_start=2020-01-01 00:00:00+00:00, data_interval_end=2021-01-01 00:00:00+00:00, dag_hash=bcef3e37f1accf53097d562d78be0b2d
[2025-04-13T20:27:04.716-0400] {dag.py:4180} INFO - Setting next_dagrun for data_ingestion_dag to 2021-01-01 00:00:00+00:00, run_after=2022-01-01 00:00:00+00:00
[2025-04-13T20:27:04.744-0400] {scheduler_job_runner.py:776} INFO - Received executor event with state success for task instance TaskInstanceKey(dag_id='data_ingestion_dag', task_id='validate_clean_task', run_id='scheduled__2020-01-01T00:00:00+00:00', try_number=1, map_index=-1)
[2025-04-13T20:27:04.747-0400] {scheduler_job_runner.py:813} INFO - TaskInstance Finished: dag_id=data_ingestion_dag, task_id=validate_clean_task, run_id=scheduled__2020-01-01T00:00:00+00:00, map_index=-1, run_start_date=2025-04-14 00:25:44.320486+00:00, run_end_date=2025-04-14 00:27:04.168005+00:00, run_duration=79.847519, state=success, executor=LocalExecutor(parallelism=32), executor_state=success, try_number=1, max_tries=1, job_id=176, pool=default_pool, queue=default, priority_weight=1, operator=BashOperator, queued_dttm=2025-04-14 00:25:44.082085+00:00, queued_by_job_id=1, pid=33143
[2025-04-13T20:27:05.766-0400] {dag.py:4180} INFO - Setting next_dagrun for data_ingestion_dag to 2022-01-01 00:00:00+00:00, run_after=2023-01-01 00:00:00+00:00
[2025-04-13T20:27:06.454-0400] {dag.py:4180} INFO - Setting next_dagrun for data_ingestion_dag to 2023-01-01 00:00:00+00:00, run_after=2024-01-01 00:00:00+00:00
[2025-04-13T20:27:06.585-0400] {dag.py:4180} INFO - Setting next_dagrun for data_ingestion_dag to 2024-01-01 00:00:00+00:00, run_after=2025-01-01 00:00:00+00:00
[2025-04-13T20:27:07.646-0400] {dag.py:4180} INFO - Setting next_dagrun for data_ingestion_dag to 2025-01-01 00:00:00+00:00, run_after=2026-01-01 00:00:00+00:00
[2025-04-13T20:27:16.535-0400] {dagrun.py:854} INFO - Marking run <DagRun data_ingestion_dag @ 2021-01-01 00:00:00+00:00: scheduled__2021-01-01T00:00:00+00:00, state:running, queued_at: 2025-04-14 00:10:31.749584+00:00. externally triggered: False> successful
[2025-04-13T20:27:16.535-0400] {dagrun.py:905} INFO - DagRun Finished: dag_id=data_ingestion_dag, execution_date=2021-01-01 00:00:00+00:00, run_id=scheduled__2021-01-01T00:00:00+00:00, run_start_date=2025-04-14 00:10:31.759822+00:00, run_end_date=2025-04-14 00:27:16.535873+00:00, run_duration=1004.776051, state=success, external_trigger=False, run_type=scheduled, data_interval_start=2021-01-01 00:00:00+00:00, data_interval_end=2022-01-01 00:00:00+00:00, dag_hash=bcef3e37f1accf53097d562d78be0b2d
[2025-04-13T20:27:16.539-0400] {dag.py:4180} INFO - Setting next_dagrun for data_ingestion_dag to 2022-01-01 00:00:00+00:00, run_after=2023-01-01 00:00:00+00:00
[2025-04-13T20:27:16.569-0400] {scheduler_job_runner.py:776} INFO - Received executor event with state success for task instance TaskInstanceKey(dag_id='data_ingestion_dag', task_id='validate_clean_task', run_id='scheduled__2021-01-01T00:00:00+00:00', try_number=1, map_index=-1)
[2025-04-13T20:27:16.572-0400] {scheduler_job_runner.py:813} INFO - TaskInstance Finished: dag_id=data_ingestion_dag, task_id=validate_clean_task, run_id=scheduled__2021-01-01T00:00:00+00:00, map_index=-1, run_start_date=2025-04-14 00:25:56.098098+00:00, run_end_date=2025-04-14 00:27:16.188246+00:00, run_duration=80.090148, state=success, executor=LocalExecutor(parallelism=32), executor_state=success, try_number=1, max_tries=1, job_id=177, pool=default_pool, queue=default, priority_weight=1, operator=BashOperator, queued_dttm=2025-04-14 00:25:55.862469+00:00, queued_by_job_id=1, pid=33204
[2025-04-13T20:27:16.725-0400] {dag.py:4180} INFO - Setting next_dagrun for data_ingestion_dag to 2023-01-01 00:00:00+00:00, run_after=2024-01-01 00:00:00+00:00
[2025-04-13T20:27:17.781-0400] {dag.py:4180} INFO - Setting next_dagrun for data_ingestion_dag to 2024-01-01 00:00:00+00:00, run_after=2025-01-01 00:00:00+00:00
[2025-04-13T20:27:18.834-0400] {dag.py:4180} INFO - Setting next_dagrun for data_ingestion_dag to 2025-01-01 00:00:00+00:00, run_after=2026-01-01 00:00:00+00:00
[2025-04-13T20:28:31.894-0400] {scheduler_job_runner.py:435} INFO - 1 tasks up for execution:
	<TaskInstance: data_ingestion_dag.merge_raw_files_task scheduled__2024-01-01T00:00:00+00:00 [scheduled]>
[2025-04-13T20:28:31.894-0400] {scheduler_job_runner.py:507} INFO - DAG data_ingestion_dag has 2/16 running and queued tasks
[2025-04-13T20:28:31.895-0400] {scheduler_job_runner.py:646} INFO - Setting the following tasks to queued state:
	<TaskInstance: data_ingestion_dag.merge_raw_files_task scheduled__2024-01-01T00:00:00+00:00 [scheduled]>
[2025-04-13T20:28:31.896-0400] {scheduler_job_runner.py:748} INFO - Trying to enqueue tasks: [<TaskInstance: data_ingestion_dag.merge_raw_files_task scheduled__2024-01-01T00:00:00+00:00 [scheduled]>] for executor: LocalExecutor(parallelism=32)
[2025-04-13T20:28:31.896-0400] {scheduler_job_runner.py:692} INFO - Sending TaskInstanceKey(dag_id='data_ingestion_dag', task_id='merge_raw_files_task', run_id='scheduled__2024-01-01T00:00:00+00:00', try_number=1, map_index=-1) to LocalExecutor with priority 4 and queue default
[2025-04-13T20:28:31.897-0400] {base_executor.py:169} INFO - Adding to queue: ['airflow', 'tasks', 'run', 'data_ingestion_dag', 'merge_raw_files_task', 'scheduled__2024-01-01T00:00:00+00:00', '--local', '--subdir', 'DAGS_FOLDER/ingest_data_dag.py']
[2025-04-13T20:28:31.899-0400] {scheduler_job_runner.py:776} INFO - Received executor event with state success for task instance TaskInstanceKey(dag_id='data_ingestion_dag', task_id='upload_raw_to_gcs_task', run_id='scheduled__2024-01-01T00:00:00+00:00', try_number=1, map_index=-1)
[2025-04-13T20:28:31.899-0400] {local_executor.py:93} INFO - QueuedLocalWorker running ['airflow', 'tasks', 'run', 'data_ingestion_dag', 'merge_raw_files_task', 'scheduled__2024-01-01T00:00:00+00:00', '--local', '--subdir', 'DAGS_FOLDER/ingest_data_dag.py']
[2025-04-13T20:28:31.902-0400] {scheduler_job_runner.py:813} INFO - TaskInstance Finished: dag_id=data_ingestion_dag, task_id=upload_raw_to_gcs_task, run_id=scheduled__2024-01-01T00:00:00+00:00, map_index=-1, run_start_date=2025-04-14 00:26:20.751408+00:00, run_end_date=2025-04-14 00:28:30.918312+00:00, run_duration=130.166904, state=success, executor=LocalExecutor(parallelism=32), executor_state=success, try_number=1, max_tries=1, job_id=180, pool=default_pool, queue=default, priority_weight=5, operator=BashOperator, queued_dttm=2025-04-14 00:26:20.512445+00:00, queued_by_job_id=1, pid=33340
[2025-04-13T20:28:31.920-0400] {dagbag.py:588} INFO - Filling up the DagBag from /home/aguan/ontario-sunshine-salary-dashboard/airflow/dags/ingest_data_dag.py
[2025-04-13T20:28:31.956-0400] {task_command.py:467} INFO - Running <TaskInstance: data_ingestion_dag.merge_raw_files_task scheduled__2024-01-01T00:00:00+00:00 [queued]> on host aguan-pc2.
[2025-04-13T20:29:19.559-0400] {scheduler_job_runner.py:1949} INFO - Adopting or resetting orphaned tasks for active dag runs
[2025-04-13T20:30:02.303-0400] {scheduler_job_runner.py:435} INFO - 1 tasks up for execution:
	<TaskInstance: data_ingestion_dag.validate_clean_task scheduled__2022-01-01T00:00:00+00:00 [scheduled]>
[2025-04-13T20:30:02.303-0400] {scheduler_job_runner.py:507} INFO - DAG data_ingestion_dag has 2/16 running and queued tasks
[2025-04-13T20:30:02.303-0400] {scheduler_job_runner.py:646} INFO - Setting the following tasks to queued state:
	<TaskInstance: data_ingestion_dag.validate_clean_task scheduled__2022-01-01T00:00:00+00:00 [scheduled]>
[2025-04-13T20:30:02.305-0400] {scheduler_job_runner.py:748} INFO - Trying to enqueue tasks: [<TaskInstance: data_ingestion_dag.validate_clean_task scheduled__2022-01-01T00:00:00+00:00 [scheduled]>] for executor: LocalExecutor(parallelism=32)
[2025-04-13T20:30:02.305-0400] {scheduler_job_runner.py:692} INFO - Sending TaskInstanceKey(dag_id='data_ingestion_dag', task_id='validate_clean_task', run_id='scheduled__2022-01-01T00:00:00+00:00', try_number=1, map_index=-1) to LocalExecutor with priority 1 and queue default
[2025-04-13T20:30:02.305-0400] {base_executor.py:169} INFO - Adding to queue: ['airflow', 'tasks', 'run', 'data_ingestion_dag', 'validate_clean_task', 'scheduled__2022-01-01T00:00:00+00:00', '--local', '--subdir', 'DAGS_FOLDER/ingest_data_dag.py']
[2025-04-13T20:30:02.308-0400] {scheduler_job_runner.py:776} INFO - Received executor event with state success for task instance TaskInstanceKey(dag_id='data_ingestion_dag', task_id='clean_data_task', run_id='scheduled__2022-01-01T00:00:00+00:00', try_number=1, map_index=-1)
[2025-04-13T20:30:02.308-0400] {local_executor.py:93} INFO - QueuedLocalWorker running ['airflow', 'tasks', 'run', 'data_ingestion_dag', 'validate_clean_task', 'scheduled__2022-01-01T00:00:00+00:00', '--local', '--subdir', 'DAGS_FOLDER/ingest_data_dag.py']
[2025-04-13T20:30:02.311-0400] {scheduler_job_runner.py:813} INFO - TaskInstance Finished: dag_id=data_ingestion_dag, task_id=clean_data_task, run_id=scheduled__2022-01-01T00:00:00+00:00, map_index=-1, run_start_date=2025-04-14 00:26:17.514926+00:00, run_end_date=2025-04-14 00:30:01.800916+00:00, run_duration=224.28599, state=success, executor=LocalExecutor(parallelism=32), executor_state=success, try_number=1, max_tries=1, job_id=179, pool=default_pool, queue=default, priority_weight=2, operator=BashOperator, queued_dttm=2025-04-14 00:26:17.279507+00:00, queued_by_job_id=1, pid=33287
[2025-04-13T20:30:02.330-0400] {dagbag.py:588} INFO - Filling up the DagBag from /home/aguan/ontario-sunshine-salary-dashboard/airflow/dags/ingest_data_dag.py
[2025-04-13T20:30:02.371-0400] {task_command.py:467} INFO - Running <TaskInstance: data_ingestion_dag.validate_clean_task scheduled__2022-01-01T00:00:00+00:00 [queued]> on host aguan-pc2.
[2025-04-13T20:31:12.609-0400] {dagrun.py:854} INFO - Marking run <DagRun data_ingestion_dag @ 2022-01-01 00:00:00+00:00: scheduled__2022-01-01T00:00:00+00:00, state:running, queued_at: 2025-04-14 00:16:15.886156+00:00. externally triggered: False> successful
[2025-04-13T20:31:12.610-0400] {dagrun.py:905} INFO - DagRun Finished: dag_id=data_ingestion_dag, execution_date=2022-01-01 00:00:00+00:00, run_id=scheduled__2022-01-01T00:00:00+00:00, run_start_date=2025-04-14 00:16:15.900409+00:00, run_end_date=2025-04-14 00:31:12.610321+00:00, run_duration=896.709912, state=success, external_trigger=False, run_type=scheduled, data_interval_start=2022-01-01 00:00:00+00:00, data_interval_end=2023-01-01 00:00:00+00:00, dag_hash=bcef3e37f1accf53097d562d78be0b2d
[2025-04-13T20:31:12.613-0400] {dag.py:4180} INFO - Setting next_dagrun for data_ingestion_dag to 2023-01-01 00:00:00+00:00, run_after=2024-01-01 00:00:00+00:00
[2025-04-13T20:31:12.638-0400] {scheduler_job_runner.py:776} INFO - Received executor event with state success for task instance TaskInstanceKey(dag_id='data_ingestion_dag', task_id='validate_clean_task', run_id='scheduled__2022-01-01T00:00:00+00:00', try_number=1, map_index=-1)
[2025-04-13T20:31:12.643-0400] {scheduler_job_runner.py:813} INFO - TaskInstance Finished: dag_id=data_ingestion_dag, task_id=validate_clean_task, run_id=scheduled__2022-01-01T00:00:00+00:00, map_index=-1, run_start_date=2025-04-14 00:30:02.546431+00:00, run_end_date=2025-04-14 00:31:12.544133+00:00, run_duration=69.997702, state=success, executor=LocalExecutor(parallelism=32), executor_state=success, try_number=1, max_tries=1, job_id=183, pool=default_pool, queue=default, priority_weight=1, operator=BashOperator, queued_dttm=2025-04-14 00:30:02.304277+00:00, queued_by_job_id=1, pid=34095
[2025-04-13T20:31:13.663-0400] {dag.py:4180} INFO - Setting next_dagrun for data_ingestion_dag to 2024-01-01 00:00:00+00:00, run_after=2025-01-01 00:00:00+00:00
[2025-04-13T20:31:14.435-0400] {dag.py:4180} INFO - Setting next_dagrun for data_ingestion_dag to 2025-01-01 00:00:00+00:00, run_after=2026-01-01 00:00:00+00:00
[2025-04-13T20:33:18.707-0400] {scheduler_job_runner.py:435} INFO - 1 tasks up for execution:
	<TaskInstance: data_ingestion_dag.validate_merge_task scheduled__2023-01-01T00:00:00+00:00 [scheduled]>
[2025-04-13T20:33:18.707-0400] {scheduler_job_runner.py:507} INFO - DAG data_ingestion_dag has 1/16 running and queued tasks
[2025-04-13T20:33:18.707-0400] {scheduler_job_runner.py:646} INFO - Setting the following tasks to queued state:
	<TaskInstance: data_ingestion_dag.validate_merge_task scheduled__2023-01-01T00:00:00+00:00 [scheduled]>
[2025-04-13T20:33:18.709-0400] {scheduler_job_runner.py:748} INFO - Trying to enqueue tasks: [<TaskInstance: data_ingestion_dag.validate_merge_task scheduled__2023-01-01T00:00:00+00:00 [scheduled]>] for executor: LocalExecutor(parallelism=32)
[2025-04-13T20:33:18.709-0400] {scheduler_job_runner.py:692} INFO - Sending TaskInstanceKey(dag_id='data_ingestion_dag', task_id='validate_merge_task', run_id='scheduled__2023-01-01T00:00:00+00:00', try_number=1, map_index=-1) to LocalExecutor with priority 3 and queue default
[2025-04-13T20:33:18.709-0400] {base_executor.py:169} INFO - Adding to queue: ['airflow', 'tasks', 'run', 'data_ingestion_dag', 'validate_merge_task', 'scheduled__2023-01-01T00:00:00+00:00', '--local', '--subdir', 'DAGS_FOLDER/ingest_data_dag.py']
[2025-04-13T20:33:18.712-0400] {scheduler_job_runner.py:776} INFO - Received executor event with state success for task instance TaskInstanceKey(dag_id='data_ingestion_dag', task_id='merge_raw_files_task', run_id='scheduled__2023-01-01T00:00:00+00:00', try_number=1, map_index=-1)
[2025-04-13T20:33:18.712-0400] {local_executor.py:93} INFO - QueuedLocalWorker running ['airflow', 'tasks', 'run', 'data_ingestion_dag', 'validate_merge_task', 'scheduled__2023-01-01T00:00:00+00:00', '--local', '--subdir', 'DAGS_FOLDER/ingest_data_dag.py']
[2025-04-13T20:33:18.715-0400] {scheduler_job_runner.py:813} INFO - TaskInstance Finished: dag_id=data_ingestion_dag, task_id=merge_raw_files_task, run_id=scheduled__2023-01-01T00:00:00+00:00, map_index=-1, run_start_date=2025-04-14 00:26:50.913344+00:00, run_end_date=2025-04-14 00:33:18.199181+00:00, run_duration=387.285837, state=success, executor=LocalExecutor(parallelism=32), executor_state=success, try_number=1, max_tries=1, job_id=181, pool=default_pool, queue=default, priority_weight=4, operator=BashOperator, queued_dttm=2025-04-14 00:26:50.675955+00:00, queued_by_job_id=1, pid=33436
[2025-04-13T20:33:18.734-0400] {dagbag.py:588} INFO - Filling up the DagBag from /home/aguan/ontario-sunshine-salary-dashboard/airflow/dags/ingest_data_dag.py
[2025-04-13T20:33:18.771-0400] {task_command.py:467} INFO - Running <TaskInstance: data_ingestion_dag.validate_merge_task scheduled__2023-01-01T00:00:00+00:00 [queued]> on host aguan-pc2.
[2025-04-13T20:34:19.863-0400] {scheduler_job_runner.py:1949} INFO - Adopting or resetting orphaned tasks for active dag runs
[2025-04-13T20:34:55.019-0400] {scheduler_job_runner.py:435} INFO - 1 tasks up for execution:
	<TaskInstance: data_ingestion_dag.validate_merge_task scheduled__2024-01-01T00:00:00+00:00 [scheduled]>
[2025-04-13T20:34:55.020-0400] {scheduler_job_runner.py:507} INFO - DAG data_ingestion_dag has 1/16 running and queued tasks
[2025-04-13T20:34:55.020-0400] {scheduler_job_runner.py:646} INFO - Setting the following tasks to queued state:
	<TaskInstance: data_ingestion_dag.validate_merge_task scheduled__2024-01-01T00:00:00+00:00 [scheduled]>
[2025-04-13T20:34:55.021-0400] {scheduler_job_runner.py:748} INFO - Trying to enqueue tasks: [<TaskInstance: data_ingestion_dag.validate_merge_task scheduled__2024-01-01T00:00:00+00:00 [scheduled]>] for executor: LocalExecutor(parallelism=32)
[2025-04-13T20:34:55.021-0400] {scheduler_job_runner.py:692} INFO - Sending TaskInstanceKey(dag_id='data_ingestion_dag', task_id='validate_merge_task', run_id='scheduled__2024-01-01T00:00:00+00:00', try_number=1, map_index=-1) to LocalExecutor with priority 3 and queue default
[2025-04-13T20:34:55.021-0400] {base_executor.py:169} INFO - Adding to queue: ['airflow', 'tasks', 'run', 'data_ingestion_dag', 'validate_merge_task', 'scheduled__2024-01-01T00:00:00+00:00', '--local', '--subdir', 'DAGS_FOLDER/ingest_data_dag.py']
[2025-04-13T20:34:55.024-0400] {scheduler_job_runner.py:776} INFO - Received executor event with state success for task instance TaskInstanceKey(dag_id='data_ingestion_dag', task_id='merge_raw_files_task', run_id='scheduled__2024-01-01T00:00:00+00:00', try_number=1, map_index=-1)
[2025-04-13T20:34:55.024-0400] {local_executor.py:93} INFO - QueuedLocalWorker running ['airflow', 'tasks', 'run', 'data_ingestion_dag', 'validate_merge_task', 'scheduled__2024-01-01T00:00:00+00:00', '--local', '--subdir', 'DAGS_FOLDER/ingest_data_dag.py']
[2025-04-13T20:34:55.027-0400] {scheduler_job_runner.py:813} INFO - TaskInstance Finished: dag_id=data_ingestion_dag, task_id=merge_raw_files_task, run_id=scheduled__2024-01-01T00:00:00+00:00, map_index=-1, run_start_date=2025-04-14 00:28:32.121447+00:00, run_end_date=2025-04-14 00:34:54.388622+00:00, run_duration=382.267175, state=success, executor=LocalExecutor(parallelism=32), executor_state=success, try_number=1, max_tries=1, job_id=182, pool=default_pool, queue=default, priority_weight=4, operator=BashOperator, queued_dttm=2025-04-14 00:28:31.895365+00:00, queued_by_job_id=1, pid=33778
[2025-04-13T20:34:55.045-0400] {dagbag.py:588} INFO - Filling up the DagBag from /home/aguan/ontario-sunshine-salary-dashboard/airflow/dags/ingest_data_dag.py
[2025-04-13T20:34:55.083-0400] {task_command.py:467} INFO - Running <TaskInstance: data_ingestion_dag.validate_merge_task scheduled__2024-01-01T00:00:00+00:00 [queued]> on host aguan-pc2.
[2025-04-13T20:35:47.477-0400] {scheduler_job_runner.py:435} INFO - 1 tasks up for execution:
	<TaskInstance: data_ingestion_dag.clean_data_task scheduled__2023-01-01T00:00:00+00:00 [scheduled]>
[2025-04-13T20:35:47.477-0400] {scheduler_job_runner.py:507} INFO - DAG data_ingestion_dag has 1/16 running and queued tasks
[2025-04-13T20:35:47.477-0400] {scheduler_job_runner.py:646} INFO - Setting the following tasks to queued state:
	<TaskInstance: data_ingestion_dag.clean_data_task scheduled__2023-01-01T00:00:00+00:00 [scheduled]>
[2025-04-13T20:35:47.478-0400] {scheduler_job_runner.py:748} INFO - Trying to enqueue tasks: [<TaskInstance: data_ingestion_dag.clean_data_task scheduled__2023-01-01T00:00:00+00:00 [scheduled]>] for executor: LocalExecutor(parallelism=32)
[2025-04-13T20:35:47.478-0400] {scheduler_job_runner.py:692} INFO - Sending TaskInstanceKey(dag_id='data_ingestion_dag', task_id='clean_data_task', run_id='scheduled__2023-01-01T00:00:00+00:00', try_number=1, map_index=-1) to LocalExecutor with priority 2 and queue default
[2025-04-13T20:35:47.479-0400] {base_executor.py:169} INFO - Adding to queue: ['airflow', 'tasks', 'run', 'data_ingestion_dag', 'clean_data_task', 'scheduled__2023-01-01T00:00:00+00:00', '--local', '--subdir', 'DAGS_FOLDER/ingest_data_dag.py']
[2025-04-13T20:35:47.481-0400] {local_executor.py:93} INFO - QueuedLocalWorker running ['airflow', 'tasks', 'run', 'data_ingestion_dag', 'clean_data_task', 'scheduled__2023-01-01T00:00:00+00:00', '--local', '--subdir', 'DAGS_FOLDER/ingest_data_dag.py']
[2025-04-13T20:35:47.482-0400] {scheduler_job_runner.py:776} INFO - Received executor event with state success for task instance TaskInstanceKey(dag_id='data_ingestion_dag', task_id='validate_merge_task', run_id='scheduled__2023-01-01T00:00:00+00:00', try_number=1, map_index=-1)
[2025-04-13T20:35:47.485-0400] {scheduler_job_runner.py:813} INFO - TaskInstance Finished: dag_id=data_ingestion_dag, task_id=validate_merge_task, run_id=scheduled__2023-01-01T00:00:00+00:00, map_index=-1, run_start_date=2025-04-14 00:33:18.934676+00:00, run_end_date=2025-04-14 00:35:47.282045+00:00, run_duration=148.347369, state=success, executor=LocalExecutor(parallelism=32), executor_state=success, try_number=1, max_tries=1, job_id=184, pool=default_pool, queue=default, priority_weight=3, operator=BashOperator, queued_dttm=2025-04-14 00:33:18.708230+00:00, queued_by_job_id=1, pid=34709
[2025-04-13T20:35:47.504-0400] {dagbag.py:588} INFO - Filling up the DagBag from /home/aguan/ontario-sunshine-salary-dashboard/airflow/dags/ingest_data_dag.py
[2025-04-13T20:35:47.543-0400] {task_command.py:467} INFO - Running <TaskInstance: data_ingestion_dag.clean_data_task scheduled__2023-01-01T00:00:00+00:00 [queued]> on host aguan-pc2.
[2025-04-13T20:37:29.982-0400] {scheduler_job_runner.py:435} INFO - 1 tasks up for execution:
	<TaskInstance: data_ingestion_dag.clean_data_task scheduled__2024-01-01T00:00:00+00:00 [scheduled]>
[2025-04-13T20:37:29.983-0400] {scheduler_job_runner.py:507} INFO - DAG data_ingestion_dag has 1/16 running and queued tasks
[2025-04-13T20:37:29.983-0400] {scheduler_job_runner.py:646} INFO - Setting the following tasks to queued state:
	<TaskInstance: data_ingestion_dag.clean_data_task scheduled__2024-01-01T00:00:00+00:00 [scheduled]>
[2025-04-13T20:37:29.984-0400] {scheduler_job_runner.py:748} INFO - Trying to enqueue tasks: [<TaskInstance: data_ingestion_dag.clean_data_task scheduled__2024-01-01T00:00:00+00:00 [scheduled]>] for executor: LocalExecutor(parallelism=32)
[2025-04-13T20:37:29.985-0400] {scheduler_job_runner.py:692} INFO - Sending TaskInstanceKey(dag_id='data_ingestion_dag', task_id='clean_data_task', run_id='scheduled__2024-01-01T00:00:00+00:00', try_number=1, map_index=-1) to LocalExecutor with priority 2 and queue default
[2025-04-13T20:37:29.985-0400] {base_executor.py:169} INFO - Adding to queue: ['airflow', 'tasks', 'run', 'data_ingestion_dag', 'clean_data_task', 'scheduled__2024-01-01T00:00:00+00:00', '--local', '--subdir', 'DAGS_FOLDER/ingest_data_dag.py']
[2025-04-13T20:37:29.988-0400] {scheduler_job_runner.py:776} INFO - Received executor event with state success for task instance TaskInstanceKey(dag_id='data_ingestion_dag', task_id='validate_merge_task', run_id='scheduled__2024-01-01T00:00:00+00:00', try_number=1, map_index=-1)
[2025-04-13T20:37:29.988-0400] {local_executor.py:93} INFO - QueuedLocalWorker running ['airflow', 'tasks', 'run', 'data_ingestion_dag', 'clean_data_task', 'scheduled__2024-01-01T00:00:00+00:00', '--local', '--subdir', 'DAGS_FOLDER/ingest_data_dag.py']
[2025-04-13T20:37:29.991-0400] {scheduler_job_runner.py:813} INFO - TaskInstance Finished: dag_id=data_ingestion_dag, task_id=validate_merge_task, run_id=scheduled__2024-01-01T00:00:00+00:00, map_index=-1, run_start_date=2025-04-14 00:34:55.250270+00:00, run_end_date=2025-04-14 00:37:29.616245+00:00, run_duration=154.365975, state=success, executor=LocalExecutor(parallelism=32), executor_state=success, try_number=1, max_tries=1, job_id=185, pool=default_pool, queue=default, priority_weight=3, operator=BashOperator, queued_dttm=2025-04-14 00:34:55.020552+00:00, queued_by_job_id=1, pid=35032
[2025-04-13T20:37:30.011-0400] {dagbag.py:588} INFO - Filling up the DagBag from /home/aguan/ontario-sunshine-salary-dashboard/airflow/dags/ingest_data_dag.py
[2025-04-13T20:37:30.051-0400] {task_command.py:467} INFO - Running <TaskInstance: data_ingestion_dag.clean_data_task scheduled__2024-01-01T00:00:00+00:00 [queued]> on host aguan-pc2.
[2025-04-13T20:39:20.194-0400] {scheduler_job_runner.py:1949} INFO - Adopting or resetting orphaned tasks for active dag runs
[2025-04-13T20:39:47.513-0400] {scheduler_job_runner.py:435} INFO - 1 tasks up for execution:
	<TaskInstance: data_ingestion_dag.validate_clean_task scheduled__2023-01-01T00:00:00+00:00 [scheduled]>
[2025-04-13T20:39:47.514-0400] {scheduler_job_runner.py:507} INFO - DAG data_ingestion_dag has 1/16 running and queued tasks
[2025-04-13T20:39:47.514-0400] {scheduler_job_runner.py:646} INFO - Setting the following tasks to queued state:
	<TaskInstance: data_ingestion_dag.validate_clean_task scheduled__2023-01-01T00:00:00+00:00 [scheduled]>
[2025-04-13T20:39:47.515-0400] {scheduler_job_runner.py:748} INFO - Trying to enqueue tasks: [<TaskInstance: data_ingestion_dag.validate_clean_task scheduled__2023-01-01T00:00:00+00:00 [scheduled]>] for executor: LocalExecutor(parallelism=32)
[2025-04-13T20:39:47.515-0400] {scheduler_job_runner.py:692} INFO - Sending TaskInstanceKey(dag_id='data_ingestion_dag', task_id='validate_clean_task', run_id='scheduled__2023-01-01T00:00:00+00:00', try_number=1, map_index=-1) to LocalExecutor with priority 1 and queue default
[2025-04-13T20:39:47.515-0400] {base_executor.py:169} INFO - Adding to queue: ['airflow', 'tasks', 'run', 'data_ingestion_dag', 'validate_clean_task', 'scheduled__2023-01-01T00:00:00+00:00', '--local', '--subdir', 'DAGS_FOLDER/ingest_data_dag.py']
[2025-04-13T20:39:47.518-0400] {scheduler_job_runner.py:776} INFO - Received executor event with state success for task instance TaskInstanceKey(dag_id='data_ingestion_dag', task_id='clean_data_task', run_id='scheduled__2023-01-01T00:00:00+00:00', try_number=1, map_index=-1)
[2025-04-13T20:39:47.518-0400] {local_executor.py:93} INFO - QueuedLocalWorker running ['airflow', 'tasks', 'run', 'data_ingestion_dag', 'validate_clean_task', 'scheduled__2023-01-01T00:00:00+00:00', '--local', '--subdir', 'DAGS_FOLDER/ingest_data_dag.py']
[2025-04-13T20:39:47.521-0400] {scheduler_job_runner.py:813} INFO - TaskInstance Finished: dag_id=data_ingestion_dag, task_id=clean_data_task, run_id=scheduled__2023-01-01T00:00:00+00:00, map_index=-1, run_start_date=2025-04-14 00:35:47.717684+00:00, run_end_date=2025-04-14 00:39:46.648059+00:00, run_duration=238.930375, state=success, executor=LocalExecutor(parallelism=32), executor_state=success, try_number=1, max_tries=1, job_id=186, pool=default_pool, queue=default, priority_weight=2, operator=BashOperator, queued_dttm=2025-04-14 00:35:47.477973+00:00, queued_by_job_id=1, pid=35207
[2025-04-13T20:39:47.539-0400] {dagbag.py:588} INFO - Filling up the DagBag from /home/aguan/ontario-sunshine-salary-dashboard/airflow/dags/ingest_data_dag.py
[2025-04-13T20:39:47.575-0400] {task_command.py:467} INFO - Running <TaskInstance: data_ingestion_dag.validate_clean_task scheduled__2023-01-01T00:00:00+00:00 [queued]> on host aguan-pc2.
[2025-04-13T20:41:02.817-0400] {dagrun.py:854} INFO - Marking run <DagRun data_ingestion_dag @ 2023-01-01 00:00:00+00:00: scheduled__2023-01-01T00:00:00+00:00, state:running, queued_at: 2025-04-14 00:24:36.550425+00:00. externally triggered: False> successful
[2025-04-13T20:41:02.817-0400] {dagrun.py:905} INFO - DagRun Finished: dag_id=data_ingestion_dag, execution_date=2023-01-01 00:00:00+00:00, run_id=scheduled__2023-01-01T00:00:00+00:00, run_start_date=2025-04-14 00:24:36.560853+00:00, run_end_date=2025-04-14 00:41:02.817729+00:00, run_duration=986.256876, state=success, external_trigger=False, run_type=scheduled, data_interval_start=2023-01-01 00:00:00+00:00, data_interval_end=2024-01-01 00:00:00+00:00, dag_hash=bcef3e37f1accf53097d562d78be0b2d
[2025-04-13T20:41:02.820-0400] {dag.py:4180} INFO - Setting next_dagrun for data_ingestion_dag to 2024-01-01 00:00:00+00:00, run_after=2025-01-01 00:00:00+00:00
[2025-04-13T20:41:02.837-0400] {scheduler_job_runner.py:776} INFO - Received executor event with state success for task instance TaskInstanceKey(dag_id='data_ingestion_dag', task_id='validate_clean_task', run_id='scheduled__2023-01-01T00:00:00+00:00', try_number=1, map_index=-1)
[2025-04-13T20:41:02.840-0400] {scheduler_job_runner.py:813} INFO - TaskInstance Finished: dag_id=data_ingestion_dag, task_id=validate_clean_task, run_id=scheduled__2023-01-01T00:00:00+00:00, map_index=-1, run_start_date=2025-04-14 00:39:47.736458+00:00, run_end_date=2025-04-14 00:41:02.275966+00:00, run_duration=74.539508, state=success, executor=LocalExecutor(parallelism=32), executor_state=success, try_number=1, max_tries=1, job_id=188, pool=default_pool, queue=default, priority_weight=1, operator=BashOperator, queued_dttm=2025-04-14 00:39:47.514538+00:00, queued_by_job_id=1, pid=36014
[2025-04-13T20:41:03.859-0400] {dag.py:4180} INFO - Setting next_dagrun for data_ingestion_dag to 2025-01-01 00:00:00+00:00, run_after=2026-01-01 00:00:00+00:00
[2025-04-13T20:41:27.056-0400] {scheduler_job_runner.py:435} INFO - 1 tasks up for execution:
	<TaskInstance: data_ingestion_dag.validate_clean_task scheduled__2024-01-01T00:00:00+00:00 [scheduled]>
[2025-04-13T20:41:27.056-0400] {scheduler_job_runner.py:507} INFO - DAG data_ingestion_dag has 0/16 running and queued tasks
[2025-04-13T20:41:27.057-0400] {scheduler_job_runner.py:646} INFO - Setting the following tasks to queued state:
	<TaskInstance: data_ingestion_dag.validate_clean_task scheduled__2024-01-01T00:00:00+00:00 [scheduled]>
[2025-04-13T20:41:27.058-0400] {scheduler_job_runner.py:748} INFO - Trying to enqueue tasks: [<TaskInstance: data_ingestion_dag.validate_clean_task scheduled__2024-01-01T00:00:00+00:00 [scheduled]>] for executor: LocalExecutor(parallelism=32)
[2025-04-13T20:41:27.058-0400] {scheduler_job_runner.py:692} INFO - Sending TaskInstanceKey(dag_id='data_ingestion_dag', task_id='validate_clean_task', run_id='scheduled__2024-01-01T00:00:00+00:00', try_number=1, map_index=-1) to LocalExecutor with priority 1 and queue default
[2025-04-13T20:41:27.058-0400] {base_executor.py:169} INFO - Adding to queue: ['airflow', 'tasks', 'run', 'data_ingestion_dag', 'validate_clean_task', 'scheduled__2024-01-01T00:00:00+00:00', '--local', '--subdir', 'DAGS_FOLDER/ingest_data_dag.py']
[2025-04-13T20:41:27.061-0400] {scheduler_job_runner.py:776} INFO - Received executor event with state success for task instance TaskInstanceKey(dag_id='data_ingestion_dag', task_id='clean_data_task', run_id='scheduled__2024-01-01T00:00:00+00:00', try_number=1, map_index=-1)
[2025-04-13T20:41:27.061-0400] {local_executor.py:93} INFO - QueuedLocalWorker running ['airflow', 'tasks', 'run', 'data_ingestion_dag', 'validate_clean_task', 'scheduled__2024-01-01T00:00:00+00:00', '--local', '--subdir', 'DAGS_FOLDER/ingest_data_dag.py']
[2025-04-13T20:41:27.064-0400] {scheduler_job_runner.py:813} INFO - TaskInstance Finished: dag_id=data_ingestion_dag, task_id=clean_data_task, run_id=scheduled__2024-01-01T00:00:00+00:00, map_index=-1, run_start_date=2025-04-14 00:37:30.225661+00:00, run_end_date=2025-04-14 00:41:26.802627+00:00, run_duration=236.576966, state=success, executor=LocalExecutor(parallelism=32), executor_state=success, try_number=1, max_tries=1, job_id=187, pool=default_pool, queue=default, priority_weight=2, operator=BashOperator, queued_dttm=2025-04-14 00:37:29.983991+00:00, queued_by_job_id=1, pid=35559
[2025-04-13T20:41:27.083-0400] {dagbag.py:588} INFO - Filling up the DagBag from /home/aguan/ontario-sunshine-salary-dashboard/airflow/dags/ingest_data_dag.py
[2025-04-13T20:41:27.121-0400] {task_command.py:467} INFO - Running <TaskInstance: data_ingestion_dag.validate_clean_task scheduled__2024-01-01T00:00:00+00:00 [queued]> on host aguan-pc2.
[2025-04-13T20:42:36.304-0400] {dagrun.py:854} INFO - Marking run <DagRun data_ingestion_dag @ 2024-01-01 00:00:00+00:00: scheduled__2024-01-01T00:00:00+00:00, state:running, queued_at: 2025-04-14 00:26:17.173075+00:00. externally triggered: False> successful
[2025-04-13T20:42:36.304-0400] {dagrun.py:905} INFO - DagRun Finished: dag_id=data_ingestion_dag, execution_date=2024-01-01 00:00:00+00:00, run_id=scheduled__2024-01-01T00:00:00+00:00, run_start_date=2025-04-14 00:26:17.185304+00:00, run_end_date=2025-04-14 00:42:36.304908+00:00, run_duration=979.119604, state=success, external_trigger=False, run_type=scheduled, data_interval_start=2024-01-01 00:00:00+00:00, data_interval_end=2025-01-01 00:00:00+00:00, dag_hash=bcef3e37f1accf53097d562d78be0b2d
[2025-04-13T20:42:36.308-0400] {dag.py:4180} INFO - Setting next_dagrun for data_ingestion_dag to 2025-01-01 00:00:00+00:00, run_after=2026-01-01 00:00:00+00:00
[2025-04-13T20:42:36.320-0400] {scheduler_job_runner.py:776} INFO - Received executor event with state success for task instance TaskInstanceKey(dag_id='data_ingestion_dag', task_id='validate_clean_task', run_id='scheduled__2024-01-01T00:00:00+00:00', try_number=1, map_index=-1)
[2025-04-13T20:42:36.323-0400] {scheduler_job_runner.py:813} INFO - TaskInstance Finished: dag_id=data_ingestion_dag, task_id=validate_clean_task, run_id=scheduled__2024-01-01T00:00:00+00:00, map_index=-1, run_start_date=2025-04-14 00:41:27.289689+00:00, run_end_date=2025-04-14 00:42:35.664384+00:00, run_duration=68.374695, state=success, executor=LocalExecutor(parallelism=32), executor_state=success, try_number=1, max_tries=1, job_id=189, pool=default_pool, queue=default, priority_weight=1, operator=BashOperator, queued_dttm=2025-04-14 00:41:27.057322+00:00, queued_by_job_id=1, pid=36342
[2025-04-13T20:44:20.739-0400] {scheduler_job_runner.py:1949} INFO - Adopting or resetting orphaned tasks for active dag runs
[2025-04-13T20:49:21.224-0400] {scheduler_job_runner.py:1949} INFO - Adopting or resetting orphaned tasks for active dag runs
[2025-04-13T20:54:21.693-0400] {scheduler_job_runner.py:1949} INFO - Adopting or resetting orphaned tasks for active dag runs
[2025-04-13T20:59:22.215-0400] {scheduler_job_runner.py:1949} INFO - Adopting or resetting orphaned tasks for active dag runs
[2025-04-13T21:04:22.794-0400] {scheduler_job_runner.py:1949} INFO - Adopting or resetting orphaned tasks for active dag runs
[2025-04-13T21:09:23.516-0400] {scheduler_job_runner.py:1949} INFO - Adopting or resetting orphaned tasks for active dag runs
[2025-04-13T21:14:24.161-0400] {scheduler_job_runner.py:1949} INFO - Adopting or resetting orphaned tasks for active dag runs
[2025-04-13T21:19:24.853-0400] {scheduler_job_runner.py:1949} INFO - Adopting or resetting orphaned tasks for active dag runs
[2025-04-13T21:24:25.728-0400] {scheduler_job_runner.py:1949} INFO - Adopting or resetting orphaned tasks for active dag runs
[2025-04-13T21:29:26.600-0400] {scheduler_job_runner.py:1949} INFO - Adopting or resetting orphaned tasks for active dag runs
[2025-04-13T21:34:27.464-0400] {scheduler_job_runner.py:1949} INFO - Adopting or resetting orphaned tasks for active dag runs
[2025-04-13T21:39:28.290-0400] {scheduler_job_runner.py:1949} INFO - Adopting or resetting orphaned tasks for active dag runs
[2025-04-13T21:44:29.179-0400] {scheduler_job_runner.py:1949} INFO - Adopting or resetting orphaned tasks for active dag runs
[2025-04-13T21:49:30.165-0400] {scheduler_job_runner.py:1949} INFO - Adopting or resetting orphaned tasks for active dag runs
[2025-04-13T21:54:31.286-0400] {scheduler_job_runner.py:1949} INFO - Adopting or resetting orphaned tasks for active dag runs
[2025-04-13T21:59:32.369-0400] {scheduler_job_runner.py:1949} INFO - Adopting or resetting orphaned tasks for active dag runs
[2025-04-13T22:04:33.495-0400] {scheduler_job_runner.py:1949} INFO - Adopting or resetting orphaned tasks for active dag runs
[2025-04-13T22:09:34.699-0400] {scheduler_job_runner.py:1949} INFO - Adopting or resetting orphaned tasks for active dag runs
[2025-04-13T22:14:35.872-0400] {scheduler_job_runner.py:1949} INFO - Adopting or resetting orphaned tasks for active dag runs
[2025-04-13T22:19:37.134-0400] {scheduler_job_runner.py:1949} INFO - Adopting or resetting orphaned tasks for active dag runs
[2025-04-13T22:24:38.505-0400] {scheduler_job_runner.py:1949} INFO - Adopting or resetting orphaned tasks for active dag runs
[2025-04-13T22:29:39.907-0400] {scheduler_job_runner.py:1949} INFO - Adopting or resetting orphaned tasks for active dag runs
[2025-04-13T22:34:44.364-0400] {scheduler_job_runner.py:1949} INFO - Adopting or resetting orphaned tasks for active dag runs
[2025-04-13T22:39:50.250-0400] {scheduler_job_runner.py:1949} INFO - Adopting or resetting orphaned tasks for active dag runs
[2025-04-13T22:44:56.622-0400] {scheduler_job_runner.py:1949} INFO - Adopting or resetting orphaned tasks for active dag runs
[2025-04-13T22:50:03.538-0400] {scheduler_job_runner.py:1949} INFO - Adopting or resetting orphaned tasks for active dag runs
[2025-04-13T22:55:10.914-0400] {scheduler_job_runner.py:1949} INFO - Adopting or resetting orphaned tasks for active dag runs
[2025-04-13T23:00:18.528-0400] {scheduler_job_runner.py:1949} INFO - Adopting or resetting orphaned tasks for active dag runs
[2025-04-13T23:05:26.326-0400] {scheduler_job_runner.py:1949} INFO - Adopting or resetting orphaned tasks for active dag runs
[2025-04-13T23:10:34.240-0400] {scheduler_job_runner.py:1949} INFO - Adopting or resetting orphaned tasks for active dag runs
[2025-04-13T23:15:42.420-0400] {scheduler_job_runner.py:1949} INFO - Adopting or resetting orphaned tasks for active dag runs
[2025-04-13T23:20:50.890-0400] {scheduler_job_runner.py:1949} INFO - Adopting or resetting orphaned tasks for active dag runs
[2025-04-13T23:25:59.691-0400] {scheduler_job_runner.py:1949} INFO - Adopting or resetting orphaned tasks for active dag runs
[2025-04-13T23:31:08.766-0400] {scheduler_job_runner.py:1949} INFO - Adopting or resetting orphaned tasks for active dag runs
[2025-04-13T23:36:17.998-0400] {scheduler_job_runner.py:1949} INFO - Adopting or resetting orphaned tasks for active dag runs
[2025-04-13T23:41:27.434-0400] {scheduler_job_runner.py:1949} INFO - Adopting or resetting orphaned tasks for active dag runs
[2025-04-13T23:46:37.040-0400] {scheduler_job_runner.py:1949} INFO - Adopting or resetting orphaned tasks for active dag runs
[2025-04-13T23:51:46.922-0400] {scheduler_job_runner.py:1949} INFO - Adopting or resetting orphaned tasks for active dag runs
[2025-04-13T23:56:57.004-0400] {scheduler_job_runner.py:1949} INFO - Adopting or resetting orphaned tasks for active dag runs
[2025-04-14T00:02:07.578-0400] {scheduler_job_runner.py:1949} INFO - Adopting or resetting orphaned tasks for active dag runs
[2025-04-14T00:07:18.367-0400] {scheduler_job_runner.py:1949} INFO - Adopting or resetting orphaned tasks for active dag runs
[2025-04-14T00:12:29.364-0400] {scheduler_job_runner.py:1949} INFO - Adopting or resetting orphaned tasks for active dag runs
[2025-04-14T00:17:38.894-0400] {scheduler_job_runner.py:1949} INFO - Adopting or resetting orphaned tasks for active dag runs
[2025-04-14T00:22:50.726-0400] {scheduler_job_runner.py:1949} INFO - Adopting or resetting orphaned tasks for active dag runs
[2025-04-14T00:28:02.472-0400] {scheduler_job_runner.py:1949} INFO - Adopting or resetting orphaned tasks for active dag runs
[2025-04-14T00:33:14.432-0400] {scheduler_job_runner.py:1949} INFO - Adopting or resetting orphaned tasks for active dag runs
[2025-04-14T00:38:26.656-0400] {scheduler_job_runner.py:1949} INFO - Adopting or resetting orphaned tasks for active dag runs
[2025-04-14T00:43:38.992-0400] {scheduler_job_runner.py:1949} INFO - Adopting or resetting orphaned tasks for active dag runs
[2025-04-14T00:48:51.545-0400] {scheduler_job_runner.py:1949} INFO - Adopting or resetting orphaned tasks for active dag runs
[2025-04-14T00:54:04.329-0400] {scheduler_job_runner.py:1949} INFO - Adopting or resetting orphaned tasks for active dag runs
[2025-04-14T00:59:17.361-0400] {scheduler_job_runner.py:1949} INFO - Adopting or resetting orphaned tasks for active dag runs
[2025-04-14T01:00:45.099-0400] {dagrun.py:854} INFO - Marking run <DagRun trigger_dbt_runner_via_compose @ 2025-04-14 04:59:40+00:00: manual__2025-04-14T04:59:40+00:00, state:running, queued_at: 2025-04-14 04:59:40.680364+00:00. externally triggered: True> successful
[2025-04-14T01:00:45.100-0400] {dagrun.py:905} INFO - DagRun Finished: dag_id=trigger_dbt_runner_via_compose, execution_date=2025-04-14 04:59:40+00:00, run_id=manual__2025-04-14T04:59:40+00:00, run_start_date=2025-04-14 05:00:45.091301+00:00, run_end_date=2025-04-14 05:00:45.100062+00:00, run_duration=0.008761, state=success, external_trigger=True, run_type=manual, data_interval_start=2025-04-14 04:59:40+00:00, data_interval_end=2025-04-14 04:59:40+00:00, dag_hash=4331ecde28793980f37dbdbbf477985d
[2025-04-14T01:04:30.730-0400] {scheduler_job_runner.py:1949} INFO - Adopting or resetting orphaned tasks for active dag runs
[2025-04-14T01:07:37.971-0400] {scheduler_job_runner.py:435} INFO - 1 tasks up for execution:
	<TaskInstance: trigger_dbt_runner_via_compose.run_dbt_via_compose __airflow_temporary_run_2025-04-14T05:07:37.774522+00:00__ [scheduled]>
[2025-04-14T01:07:37.972-0400] {scheduler_job_runner.py:507} INFO - DAG trigger_dbt_runner_via_compose has 0/16 running and queued tasks
[2025-04-14T01:07:37.972-0400] {scheduler_job_runner.py:646} INFO - Setting the following tasks to queued state:
	<TaskInstance: trigger_dbt_runner_via_compose.run_dbt_via_compose __airflow_temporary_run_2025-04-14T05:07:37.774522+00:00__ [scheduled]>
[2025-04-14T01:07:37.973-0400] {scheduler_job_runner.py:748} INFO - Trying to enqueue tasks: [<TaskInstance: trigger_dbt_runner_via_compose.run_dbt_via_compose __airflow_temporary_run_2025-04-14T05:07:37.774522+00:00__ [scheduled]>] for executor: LocalExecutor(parallelism=32)
[2025-04-14T01:07:37.973-0400] {scheduler_job_runner.py:692} INFO - Sending TaskInstanceKey(dag_id='trigger_dbt_runner_via_compose', task_id='run_dbt_via_compose', run_id='__airflow_temporary_run_2025-04-14T05:07:37.774522+00:00__', try_number=1, map_index=-1) to LocalExecutor with priority 1 and queue default
[2025-04-14T01:07:37.974-0400] {base_executor.py:169} INFO - Adding to queue: ['airflow', 'tasks', 'run', 'trigger_dbt_runner_via_compose', 'run_dbt_via_compose', '__airflow_temporary_run_2025-04-14T05:07:37.774522+00:00__', '--local', '--subdir', 'DAGS_FOLDER/run_dbt.py']
[2025-04-14T01:07:37.976-0400] {local_executor.py:93} INFO - QueuedLocalWorker running ['airflow', 'tasks', 'run', 'trigger_dbt_runner_via_compose', 'run_dbt_via_compose', '__airflow_temporary_run_2025-04-14T05:07:37.774522+00:00__', '--local', '--subdir', 'DAGS_FOLDER/run_dbt.py']
[2025-04-14T01:07:37.998-0400] {dagbag.py:588} INFO - Filling up the DagBag from /home/aguan/ontario-sunshine-salary-dashboard/airflow/dags/run_dbt.py
[2025-04-14T01:07:38.033-0400] {task_command.py:467} INFO - Running <TaskInstance: trigger_dbt_runner_via_compose.run_dbt_via_compose __airflow_temporary_run_2025-04-14T05:07:37.774522+00:00__ [queued]> on host aguan-pc2.
[2025-04-14T01:07:49.791-0400] {scheduler_job_runner.py:776} INFO - Received executor event with state success for task instance TaskInstanceKey(dag_id='trigger_dbt_runner_via_compose', task_id='run_dbt_via_compose', run_id='__airflow_temporary_run_2025-04-14T05:07:37.774522+00:00__', try_number=1, map_index=-1)
[2025-04-14T01:09:12.394-0400] {scheduler_job_runner.py:435} INFO - 1 tasks up for execution:
	<TaskInstance: trigger_dbt_runner_via_compose.run_dbt_via_compose __airflow_temporary_run_2025-04-14T05:09:12.253042+00:00__ [scheduled]>
[2025-04-14T01:09:12.394-0400] {scheduler_job_runner.py:507} INFO - DAG trigger_dbt_runner_via_compose has 0/16 running and queued tasks
[2025-04-14T01:09:12.395-0400] {scheduler_job_runner.py:646} INFO - Setting the following tasks to queued state:
	<TaskInstance: trigger_dbt_runner_via_compose.run_dbt_via_compose __airflow_temporary_run_2025-04-14T05:09:12.253042+00:00__ [scheduled]>
[2025-04-14T01:09:12.395-0400] {scheduler_job_runner.py:748} INFO - Trying to enqueue tasks: [<TaskInstance: trigger_dbt_runner_via_compose.run_dbt_via_compose __airflow_temporary_run_2025-04-14T05:09:12.253042+00:00__ [scheduled]>] for executor: LocalExecutor(parallelism=32)
[2025-04-14T01:09:12.396-0400] {scheduler_job_runner.py:692} INFO - Sending TaskInstanceKey(dag_id='trigger_dbt_runner_via_compose', task_id='run_dbt_via_compose', run_id='__airflow_temporary_run_2025-04-14T05:09:12.253042+00:00__', try_number=1, map_index=-1) to LocalExecutor with priority 1 and queue default
[2025-04-14T01:09:12.396-0400] {base_executor.py:169} INFO - Adding to queue: ['airflow', 'tasks', 'run', 'trigger_dbt_runner_via_compose', 'run_dbt_via_compose', '__airflow_temporary_run_2025-04-14T05:09:12.253042+00:00__', '--local', '--subdir', 'DAGS_FOLDER/run_dbt.py']
[2025-04-14T01:09:12.398-0400] {local_executor.py:93} INFO - QueuedLocalWorker running ['airflow', 'tasks', 'run', 'trigger_dbt_runner_via_compose', 'run_dbt_via_compose', '__airflow_temporary_run_2025-04-14T05:09:12.253042+00:00__', '--local', '--subdir', 'DAGS_FOLDER/run_dbt.py']
[2025-04-14T01:09:12.418-0400] {dagbag.py:588} INFO - Filling up the DagBag from /home/aguan/ontario-sunshine-salary-dashboard/airflow/dags/run_dbt.py
[2025-04-14T01:09:12.449-0400] {task_command.py:467} INFO - Running <TaskInstance: trigger_dbt_runner_via_compose.run_dbt_via_compose __airflow_temporary_run_2025-04-14T05:09:12.253042+00:00__ [queued]> on host aguan-pc2.
[2025-04-14T01:09:43.832-0400] {dagrun.py:854} INFO - Marking run <DagRun trigger_dbt_runner_via_compose @ 2025-04-14 00:00:00+00:00: __airflow_temporary_run_2025-04-14T05:09:12.253042+00:00__, state:running, queued_at: 2025-04-14 05:09:12.253517+00:00. externally triggered: False> successful
[2025-04-14T01:09:43.832-0400] {dagrun.py:905} INFO - DagRun Finished: dag_id=trigger_dbt_runner_via_compose, execution_date=2025-04-14 00:00:00+00:00, run_id=__airflow_temporary_run_2025-04-14T05:09:12.253042+00:00__, run_start_date=2025-04-14 05:09:12.376362+00:00, run_end_date=2025-04-14 05:09:43.832873+00:00, run_duration=31.456511, state=success, external_trigger=False, run_type=manual, data_interval_start=2025-04-14 00:00:00+00:00, data_interval_end=2025-04-14 00:00:00+00:00, dag_hash=4331ecde28793980f37dbdbbf477985d
[2025-04-14T01:09:43.843-0400] {scheduler_job_runner.py:776} INFO - Received executor event with state success for task instance TaskInstanceKey(dag_id='trigger_dbt_runner_via_compose', task_id='run_dbt_via_compose', run_id='__airflow_temporary_run_2025-04-14T05:09:12.253042+00:00__', try_number=1, map_index=-1)
[2025-04-14T01:09:43.846-0400] {scheduler_job_runner.py:813} INFO - TaskInstance Finished: dag_id=trigger_dbt_runner_via_compose, task_id=run_dbt_via_compose, run_id=__airflow_temporary_run_2025-04-14T05:09:12.253042+00:00__, map_index=-1, run_start_date=2025-04-14 05:09:12.618128+00:00, run_end_date=2025-04-14 05:09:43.049584+00:00, run_duration=30.431456, state=success, executor=LocalExecutor(parallelism=32), executor_state=success, try_number=1, max_tries=0, job_id=191, pool=default_pool, queue=default, priority_weight=1, operator=BashOperator, queued_dttm=2025-04-14 05:09:12.395282+00:00, queued_by_job_id=1, pid=91507
[2025-04-14T01:09:44.384-0400] {scheduler_job_runner.py:1949} INFO - Adopting or resetting orphaned tasks for active dag runs
[2025-04-14T01:14:58.275-0400] {scheduler_job_runner.py:1949} INFO - Adopting or resetting orphaned tasks for active dag runs
[2025-04-14T01:20:12.308-0400] {scheduler_job_runner.py:1949} INFO - Adopting or resetting orphaned tasks for active dag runs
[2025-04-14T01:25:26.510-0400] {scheduler_job_runner.py:1949} INFO - Adopting or resetting orphaned tasks for active dag runs
[2025-04-14T01:30:40.973-0400] {scheduler_job_runner.py:1949} INFO - Adopting or resetting orphaned tasks for active dag runs
[2025-04-14T01:35:55.673-0400] {scheduler_job_runner.py:1949} INFO - Adopting or resetting orphaned tasks for active dag runs
[2025-04-14T01:41:10.739-0400] {scheduler_job_runner.py:1949} INFO - Adopting or resetting orphaned tasks for active dag runs
[2025-04-14T01:46:26.208-0400] {scheduler_job_runner.py:1949} INFO - Adopting or resetting orphaned tasks for active dag runs
[2025-04-14T01:51:41.722-0400] {scheduler_job_runner.py:1949} INFO - Adopting or resetting orphaned tasks for active dag runs
[2025-04-14T01:56:57.476-0400] {scheduler_job_runner.py:1949} INFO - Adopting or resetting orphaned tasks for active dag runs
[2025-04-14T02:02:13.354-0400] {scheduler_job_runner.py:1949} INFO - Adopting or resetting orphaned tasks for active dag runs
[2025-04-14T02:07:29.515-0400] {scheduler_job_runner.py:1949} INFO - Adopting or resetting orphaned tasks for active dag runs
[2025-04-14T02:12:45.893-0400] {scheduler_job_runner.py:1949} INFO - Adopting or resetting orphaned tasks for active dag runs
